Instrument,Strategy,Num_Trades,Wins,Losses,Win_Rate_%,Total_PnL,Total_Return_%,CAGR_%,Sharpe,Max_Drawdown_%,Calmar,Profit_Factor,Gross_Profit,Gross_Loss,Avg_Win,Avg_Loss,Avg_Win_%,Avg_Loss_%,Best_Trade,Worst_Trade,Best_Trade_%,Worst_Trade_%,Max_Win_Streak,Max_Loss_Streak,Expectancy,Final_Equity,BH_CAGR_%,Beats_BH
BTCUSDT,1. EMA Momentum (5d),219,111,108,50.7,100015927.07,33338.64,247.59,4.69,6.63,37.37,20.22,110315548.96,5456623.2,993833.77,50524.29,3.4,2.69,10678209.8,-1045505.0,41.92,-9.29,10,8,478807.88,100315927.07,14.82,YES
ETHUSDT,1. EMA Momentum (5d),235,118,117,50.2,370753690.52,123584.56,360.08,4.62,8.09,44.49,21.56,403295257.48,18706214.82,3417756.42,159882.18,3.48,3.47,63228058.09,-2818765.19,52.64,-14.66,7,9,1636549.12,371053690.52,-2.44,YES
SOLUSDT,1. EMA Momentum (5d),218,115,103,52.8,43426539433.29,14475513.14,1176.95,4.78,11.81,99.67,28.74,46464298559.76,1616835993.0,404037378.78,15697436.83,7.8,4.61,6283567725.86,-438548803.07,132.63,-20.45,7,8,205722305.35,43426839433.29,20.78,YES
BTCUSDT,2. Golden Cross (20/100),10,5,5,50.0,342180.08,114.06,17.72,0.63,43.96,0.4,2.24,626535.99,280165.3,125307.2,56033.06,43.32,13.04,287912.66,-75448.11,123.15,-16.7,2,2,34637.07,642180.08,14.82,YES
ETHUSDT,2. Golden Cross (20/100),10,5,5,50.0,248247.1,82.75,13.8,0.51,56.57,0.24,2.06,488057.88,236796.65,97611.58,47359.33,30.91,18.08,188747.21,-85490.8,65.06,-28.35,2,2,25126.12,548247.1,-2.44,YES
SOLUSDT,2. Golden Cross (20/100),14,5,9,35.7,823859.3,274.62,32.72,0.75,81.14,0.4,1.4,2915660.55,2078509.22,583132.11,230945.47,166.37,21.49,1705274.32,-431853.55,507.18,-30.38,2,5,59796.52,1123859.3,20.78,YES
BTCUSDT,3. Filtered Trend (Vol),11,8,3,72.7,76146.28,25.38,4.97,0.41,16.82,0.3,2.13,150851.09,70678.25,18856.39,23559.42,3.98,6.01,37788.4,-43926.15,10.37,-7.69,5,1,7288.44,376146.28,14.82,NO
ETHUSDT,3. Filtered Trend (Vol),13,2,11,15.4,-93384.13,-31.13,-7.68,-0.38,34.46,-0.22,0.11,10876.54,100931.16,5438.27,9175.56,2.96,3.97,10723.06,-36866.15,5.13,-14.22,1,7,-6927.28,206615.87,-2.44,NO
SOLUSDT,3. Filtered Trend (Vol),11,8,3,72.7,3835307.91,1278.44,75.48,1.36,34.93,2.16,8.81,4351291.05,494015.58,543911.38,164671.86,48.56,8.61,1294311.76,-241969.51,116.97,-12.04,4,1,350661.41,4135307.91,20.78,YES
BTCUSDT,4. MACD + RSI Combo,162,70,92,43.2,13172673.48,4390.89,126.03,2.13,19.21,6.56,4.16,18193169.47,4376330.78,259902.42,47568.81,5.7,3.09,2273726.64,-377269.34,35.46,-11.01,5,8,85289.13,13472673.48,14.82,YES
ETHUSDT,4. MACD + RSI Combo,157,67,90,42.7,32118164.1,10706.05,172.84,2.03,24.64,7.01,3.37,47168727.3,13980334.35,704010.86,155337.05,8.38,4.43,8024716.0,-1822323.06,59.16,-15.14,5,9,211391.04,32418164.1,-2.44,YES
SOLUSDT,4. MACD + RSI Combo,156,62,94,39.7,647638014.25,215879.34,418.47,2.38,32.56,12.85,3.29,957739490.58,291345918.87,15447411.14,3099424.67,19.59,6.35,182164606.97,-52631276.53,408.66,-21.68,5,5,4271753.66,647938014.25,20.78,YES
BTCUSDT,5. SuperTrend Rider,53,22,31,41.5,1382491.95,460.83,44.71,0.98,50.48,0.89,1.63,3736296.81,2294258.88,169831.67,74008.35,13.9,8.91,595381.84,-185486.09,46.91,-19.14,4,6,27208.26,1682491.95,14.82,YES
ETHUSDT,5. SuperTrend Rider,41,20,21,48.8,6377305.92,2125.77,94.46,1.31,47.31,2.0,3.56,8962641.82,2517813.53,448132.09,119895.88,22.32,11.84,1909814.7,-506818.46,78.91,-20.73,5,4,157190.93,6677305.92,-2.44,YES
SOLUSDT,5. SuperTrend Rider,39,18,21,46.2,73520475.8,24506.83,225.48,1.68,56.69,3.98,3.35,105825179.21,31543514.89,5879176.62,1502072.14,65.77,11.65,19635740.14,-5133122.89,502.74,-27.55,4,5,1904658.06,73820475.8,20.78,YES
BTCUSDT,6. Dual Thrust Breakout,277,13,264,4.7,121859.98,40.62,7.58,0.65,12.17,0.62,3.24,330914.03,102087.37,25454.93,386.69,7.26,1.94,40380.07,-448.41,13.77,-12.19,2,55,826.09,421859.98,14.82,NO
ETHUSDT,6. Dual Thrust Breakout,283,15,268,5.3,149416.93,49.81,9.05,0.76,7.93,1.14,3.57,351999.81,98539.8,23466.65,367.69,6.91,2.66,33398.48,-455.3,17.38,-14.66,2,36,895.62,449416.93,-2.44,YES
SOLUSDT,6. Dual Thrust Breakout,253,7,246,2.8,152722.24,50.91,9.22,0.52,13.16,0.7,3.46,368264.29,106372.01,52609.18,432.41,14.27,3.71,118737.24,-520.27,25.15,-20.45,1,70,1035.15,452722.24,20.78,NO
BTCUSDT,7. Triple Screen (MTF),61,23,38,37.7,849223.85,283.07,33.36,0.81,51.44,0.65,2.07,1701824.09,823107.24,73992.35,21660.72,15.06,5.64,236976.56,-73514.98,50.5,-21.54,3,6,14405.19,1149223.85,14.82,YES
ETHUSDT,7. Triple Screen (MTF),57,20,37,35.1,335596.19,111.87,17.46,0.58,74.55,0.23,1.31,1518329.03,1158793.89,75916.45,31318.75,19.67,9.42,274867.5,-86350.11,59.07,-29.59,6,6,6307.63,635596.19,-2.44,YES
SOLUSDT,7. Triple Screen (MTF),64,16,48,25.0,1101669.04,367.22,39.16,0.82,83.6,0.47,1.22,6475284.62,5296140.23,404705.29,110336.25,65.17,11.58,1752590.29,-695540.97,446.18,-41.64,3,10,18424.13,1401669.04,20.78,YES
