S.No,Date,Strategy,Symbol,Signal_Type,Direction,Strike,Lot_Size,Entry_Time,Exit_Time,Entry_Price,Exit_Price,Capital_Used,PnL,PnL_Pct,Exit_Reason,Delta,IV,Status
1,2026-02-20,CPR,NIFTY,BUY_CE_CPR,BUY,25500,65,2026-02-20T10:02:54.321050,2026-02-23T09:21:58.153450,100.66,227.11,6542.9,8105.11,123.88,TARGET_HIT,0.5182,15.0,CLOSED
2,2026-02-20,Ghost Zone,NIFTY,BUY_CE_GTZ,BUY,25500,65,2026-02-20T10:02:56.497245,2026-02-23T09:22:02.184482,100.66,227.29,6542.9,8116.81,124.06,TARGET_HIT,0.5182,15.0,CLOSED
3,2026-02-20,Ghost Zone,SENSEX,BUY_CE_GTZ,BUY,82600,20,2026-02-20T10:03:02.907171,2026-02-23T09:22:06.217340,319.39,734.84,6387.8,8194.95,128.29,TARGET_HIT,0.5177,15.0,CLOSED
4,2026-02-20,CPR,NIFTY,BUY_PE_CPR,BUY,25450,65,2026-02-20T12:37:47.367429,2026-02-23T09:22:17.816418,83.2,4.55,5408.0,-5209.58,-96.33,SL_HIT,-0.4555,15.0,CLOSED
5,2026-02-20,Ghost Zone,NIFTY,BUY_CE_GTZ,BUY,25450,65,2026-02-20T12:37:47.453486,2026-02-23T09:22:22.610957,108.83,271.05,7073.95,10426.64,147.39,TARGET_HIT,0.5445,15.0,CLOSED
6,2026-02-20,CPR,BANKNIFTY,BUY_PE_CPR,BUY,60200,30,2026-02-20T12:37:47.485344,2026-02-23T09:22:25.564196,226.08,0.26,6782.4,-6872.52,-101.33,SL_HIT,-0.5,15.0,CLOSED
7,2026-02-20,Ghost Zone,BANKNIFTY,BUY_CE_GTZ,BUY,60200,30,2026-02-20T12:37:47.535398,2026-02-23T09:22:28.163152,223.45,1154.31,6703.5,27789.13,414.55,TARGET_HIT,0.5,15.0,CLOSED
8,2026-02-20,CPR,SENSEX,BUY_PE_CPR,BUY,82600,20,2026-02-20T12:37:47.564666,2026-02-23T09:22:30.572251,283.7,24.44,5674.0,-5282.89,-93.11,SL_HIT,-0.4765,15.0,CLOSED
9,2026-02-20,CPR,NIFTY,BUY_CE_CPR,BUY,25550,65,2026-02-20T10:21:51.892824,2026-02-23T09:28:06.028317,91.65,223.22,5957.25,8438.62,141.65,TARGET_HIT,0.4874,15.0,CLOSED
10,2026-02-20,Ghost Zone,NIFTY,BUY_CE_GTZ,BUY,25550,65,2026-02-20T10:21:54.230744,2026-02-23T09:28:08.513782,91.65,222.73,5957.25,8406.65,141.12,TARGET_HIT,0.4874,15.0,CLOSED
11,2026-02-20,CPR,SENSEX,BUY_CE_CPR,BUY,82700,20,2026-02-20T10:21:58.274972,2026-02-23T09:28:10.973020,324.21,784.35,6484.2,9087.53,140.15,TARGET_HIT,0.522,15.0,CLOSED
12,2026-02-20,Ghost Zone,SENSEX,BUY_CE_GTZ,BUY,82700,20,2026-02-20T10:22:00.324989,2026-02-23T09:28:13.544140,324.21,789.35,6484.2,9187.3,141.69,TARGET_HIT,0.522,15.0,CLOSED
13,2026-02-20,CPR,SENSEX,BUY_CE_CPR,BUY,82800,20,2026-02-20T10:27:52.230790,2026-02-23T09:28:16.127926,327.33,694.17,6546.6,7223.6,110.34,TARGET_HIT,0.5242,15.0,CLOSED
14,2026-02-20,Ghost Zone,SENSEX,BUY_CE_GTZ,BUY,82800,20,2026-02-20T10:27:54.429693,2026-02-23T09:28:18.798778,327.33,694.86,6546.6,7237.29,110.55,TARGET_HIT,0.5242,15.0,CLOSED
15,2026-02-23,Survivor,BANKNIFTY,SELL_PE,SELL,60831.711428571434,30,2026-02-23T09:21:48.776848,2026-02-23T09:28:24.014012,261.75,170.86,7852.5,2620.85,33.38,TARGET_HIT,-0.3188,15.0,CLOSED
16,2026-02-23,Survivor,BANKNIFTY,SELL_PE,SELL,60934.461428571434,30,2026-02-23T09:27:59.955408,2026-02-23T09:34:01.838069,269.52,247.27,8085.6,560.44,6.93,TARGET_HIT,-0.3216,15.0,CLOSED
17,2026-02-23,Survivor,BANKNIFTY,SELL_PE,SELL,60801.56142857143,30,2026-02-23T09:33:50.558680,2026-02-23T09:39:40.657223,260.32,212.53,7809.6,1327.43,17.0,TARGET_HIT,-0.3183,15.0,CLOSED
18,2026-02-23,Survivor,BANKNIFTY,SELL_PE,SELL,60764.51142857143,30,2026-02-23T09:39:25.579509,2026-02-23T09:45:15.087838,257.75,217.63,7732.5,1097.3,14.19,TARGET_HIT,-0.3174,15.0,CLOSED
19,2026-02-23,Survivor,SENSEX,SELL_PE,SELL,82605.23714285715,20,2026-02-23T09:39:28.752390,2026-02-23T09:45:18.311433,301.46,266.27,6029.2,600.03,9.95,TARGET_HIT,-0.2994,15.0,CLOSED
20,2026-02-23,Survivor,BANKNIFTY,SELL_PE,SELL,60709.211428571434,30,2026-02-23T09:45:02.101488,2026-02-23T09:50:56.002367,254.46,189.63,7633.8,1839.0,24.09,TARGET_HIT,-0.3162,15.0,CLOSED
21,2026-02-23,Survivor,BANKNIFTY,SELL_PE,SELL,60711.89142857143,30,2026-02-23T09:50:39.595558,2026-02-23T09:56:34.563726,247.81,199.65,7434.3,1339.02,18.01,TARGET_HIT,-0.3093,15.0,CLOSED
22,2026-02-23,Survivor,SENSEX,SELL_PE,SELL,82612.87714285715,20,2026-02-23T09:50:41.152290,2026-02-23T09:56:37.270730,301.85,269.11,6037.0,550.88,9.13,TARGET_HIT,-0.2996,15.0,CLOSED
23,2026-02-23,Survivor,BANKNIFTY,SELL_PE,SELL,60700.74142857143,30,2026-02-23T09:56:16.176089,2026-02-23T10:02:21.313330,247.27,190.27,7418.1,1604.47,21.63,TARGET_HIT,-0.3091,15.0,CLOSED
24,2026-02-23,Survivor,SENSEX,SELL_PE,SELL,82577.55714285716,20,2026-02-23T09:56:18.000729,2026-02-23T10:02:23.884757,300.45,262.42,6009.0,656.85,10.93,TARGET_HIT,-0.2991,15.0,CLOSED
25,2026-02-23,Survivor,BANKNIFTY,SELL_PE,SELL,60744.61142857143,30,2026-02-23T10:02:02.740755,2026-02-23T10:07:59.693537,256.47,203.28,7694.1,1489.66,19.36,TARGET_HIT,-0.3169,15.0,CLOSED
26,2026-02-23,Survivor,SENSEX,SELL_PE,SELL,82575.23714285715,20,2026-02-23T10:02:04.459924,2026-02-23T10:08:02.155396,300.4,264.06,6008.0,622.99,10.37,TARGET_HIT,-0.2991,15.0,CLOSED
27,2026-02-23,Survivor,BANKNIFTY,SELL_PE,SELL,60721.24142857143,30,2026-02-23T10:07:43.763863,2026-02-23T10:13:43.925409,248.5,204.1,7455.0,1226.22,16.45,TARGET_HIT,-0.3096,15.0,CLOSED
28,2026-02-23,Survivor,SENSEX,SELL_PE,SELL,82579.92714285715,20,2026-02-23T10:07:45.173263,2026-02-23T10:13:46.404796,300.57,277.56,6011.4,356.2,5.93,TARGET_HIT,-0.2992,15.0,CLOSED
29,2026-02-23,Survivor,BANKNIFTY,SELL_PE,SELL,60691.24142857143,30,2026-02-23T10:13:23.993505,2026-02-23T10:19:29.195034,246.76,165.45,7402.8,2334.17,31.53,TARGET_HIT,-0.3089,15.0,CLOSED
30,2026-02-23,Survivor,SENSEX,SELL_PE,SELL,82512.49714285714,20,2026-02-23T10:13:25.631164,2026-02-23T10:19:31.650506,298.16,237.8,5963.2,1103.68,18.51,TARGET_HIT,-0.2984,15.0,CLOSED
31,2026-02-23,Survivor,BANKNIFTY,SELL_PE,SELL,60771.29142857143,30,2026-02-23T10:19:06.888379,2026-02-23T10:25:24.344326,251.96,204.65,7558.8,1313.43,17.38,TARGET_HIT,-0.3109,15.0,CLOSED
32,2026-02-23,Survivor,SENSEX,SELL_PE,SELL,82581.26714285715,20,2026-02-23T10:19:10.123871,2026-02-23T10:25:26.871274,300.66,265.71,6013.2,595.21,9.9,TARGET_HIT,-0.2992,15.0,CLOSED
33,2026-02-23,Survivor,BANKNIFTY,SELL_PE,SELL,60782.31142857143,30,2026-02-23T10:25:01.163369,2026-02-23T10:31:12.964708,259.11,216.52,7773.3,1171.22,15.07,TARGET_HIT,-0.3179,15.0,CLOSED
34,2026-02-23,Survivor,SENSEX,SELL_PE,SELL,82570.14714285715,20,2026-02-23T10:25:03.637190,2026-02-23T10:31:15.766487,300.22,281.51,6004.4,270.32,4.5,TARGET_HIT,-0.299,15.0,CLOSED
35,2026-02-23,Survivor,BANKNIFTY,SELL_PE,SELL,60742.26142857143,30,2026-02-23T10:30:49.006299,2026-02-23T10:36:55.547143,256.37,207.97,7691.1,1345.89,17.5,TARGET_HIT,-0.3169,15.0,CLOSED
36,2026-02-23,Survivor,BANKNIFTY,SELL_PE,SELL,60704.59142857143,30,2026-02-23T10:36:37.062904,2026-02-23T10:42:43.144707,247.43,205.59,7422.9,1149.28,15.48,TARGET_HIT,-0.3092,15.0,CLOSED
37,2026-02-23,Survivor,SENSEX,SELL_PE,SELL,82506.58714285716,20,2026-02-23T10:36:38.631197,2026-02-23T10:42:45.486113,297.98,284.41,5959.6,167.36,2.81,TARGET_HIT,-0.2983,15.0,CLOSED
38,2026-02-23,Survivor,BANKNIFTY,SELL_PE,SELL,60676.99142857143,30,2026-02-23T10:42:19.037637,2026-02-23T10:48:45.464467,245.47,220.28,7364.1,649.59,8.82,TARGET_HIT,-0.3084,15.0,CLOSED
39,2026-02-23,Survivor,SENSEX,SELL_PE,SELL,82429.34714285715,20,2026-02-23T10:42:20.753698,2026-02-23T10:48:47.889727,295.56,279.35,5911.2,220.29,3.73,TARGET_HIT,-0.2975,15.0,CLOSED
40,2026-02-23,Survivor,BANKNIFTY,SELL_PE,SELL,60600.44142857143,30,2026-02-23T10:48:08.661505,2026-02-23T10:54:34.764378,241.29,176.18,7238.7,1848.22,25.53,TARGET_HIT,-0.3067,15.0,CLOSED
41,2026-02-23,Survivor,SENSEX,SELL_PE,SELL,82363.02714285716,20,2026-02-23T10:48:18.325652,2026-02-23T10:54:38.391121,293.6,243.38,5872.0,900.93,15.34,TARGET_HIT,-0.2969,15.0,CLOSED
42,2026-02-23,Survivor,BANKNIFTY,SELL_PE,SELL,60664.09142857143,30,2026-02-23T10:54:10.794257,2026-02-23T11:00:25.651648,244.99,191.82,7349.7,1489.44,20.27,TARGET_HIT,-0.3082,15.0,CLOSED
43,2026-02-23,Survivor,SENSEX,SELL_PE,SELL,82415.60714285714,20,2026-02-23T10:54:13.779640,2026-02-23T11:00:28.221728,295.27,261.43,5905.4,573.22,9.71,TARGET_HIT,-0.2974,15.0,CLOSED
44,2026-02-23,Survivor,BANKNIFTY,SELL_PE,SELL,60702.26142857143,30,2026-02-23T10:59:58.209966,2026-02-23T11:06:16.177403,254.09,209.24,7622.7,1239.4,16.26,TARGET_HIT,-0.316,15.0,CLOSED
45,2026-02-23,Survivor,BANKNIFTY,SELL_PE,SELL,60708.41142857143,30,2026-02-23T11:05:48.862308,2026-02-23T11:12:07.436524,254.41,196.61,7632.3,1627.96,21.33,TARGET_HIT,-0.3161,15.0,CLOSED
46,2026-02-23,Survivor,BANKNIFTY,SELL_PE,SELL,60714.64142857143,30,2026-02-23T11:11:37.936315,2026-02-23T11:18:08.652440,248.22,202.5,7446.6,1265.69,17.0,TARGET_HIT,-0.3095,15.0,CLOSED
47,2026-02-23,Survivor,SENSEX,SELL_PE,SELL,82465.99714285714,20,2026-02-23T11:11:39.650101,2026-02-23T11:18:11.418915,296.63,258.26,5932.6,663.78,11.19,TARGET_HIT,-0.2979,15.0,CLOSED
48,2026-02-23,Survivor,BANKNIFTY,SELL_PE,SELL,60697.74142857143,30,2026-02-23T11:17:40.033794,2026-02-23T11:24:01.481114,246.87,209.46,7406.1,1016.32,13.72,TARGET_HIT,-0.3089,15.0,CLOSED
49,2026-02-23,Survivor,SENSEX,SELL_PE,SELL,82477.28714285715,20,2026-02-23T11:17:41.923273,2026-02-23T11:24:04.262233,297.07,285.73,5941.4,122.94,2.07,TARGET_HIT,-0.298,15.0,CLOSED
50,2026-02-23,Survivor,BANKNIFTY,SELL_PE,SELL,60659.39142857143,30,2026-02-23T11:23:30.935084,2026-02-23T11:29:56.297129,244.63,194.26,7338.9,1405.42,19.15,TARGET_HIT,-0.3081,15.0,CLOSED
51,2026-02-23,Survivor,SENSEX,SELL_PE,SELL,82397.64714285715,20,2026-02-23T11:23:32.998345,2026-02-23T11:29:59.084015,294.74,260.73,5894.8,576.6,9.78,TARGET_HIT,-0.2973,15.0,CLOSED
52,2026-02-23,Survivor,BANKNIFTY,SELL_PE,SELL,60657.49142857143,30,2026-02-23T11:29:25.291161,2026-02-23T11:35:51.731291,244.64,197.31,7339.2,1314.33,17.91,TARGET_HIT,-0.3081,15.0,CLOSED
53,2026-02-23,Survivor,SENSEX,SELL_PE,SELL,82392.42714285715,20,2026-02-23T11:29:27.415390,2026-02-23T11:35:54.277859,294.49,262.69,5889.8,532.37,9.04,TARGET_HIT,-0.2972,15.0,CLOSED
54,2026-02-23,Survivor,BANKNIFTY,SELL_PE,SELL,60635.99142857143,30,2026-02-23T11:35:21.068111,2026-02-23T11:41:43.530263,243.32,198.72,7299.6,1232.31,16.88,TARGET_HIT,-0.3076,15.0,CLOSED
55,2026-02-23,Survivor,SENSEX,SELL_PE,SELL,82365.95714285715,20,2026-02-23T11:35:22.805404,2026-02-23T11:41:46.206928,293.79,244.61,5875.8,880.16,14.98,TARGET_HIT,-0.2969,15.0,CLOSED
56,2026-02-23,Survivor,BANKNIFTY,SELL_PE,SELL,60635.19142857143,30,2026-02-23T11:41:12.867213,2026-02-23T11:47:34.970270,243.19,203.31,7295.7,1090.86,14.95,TARGET_HIT,-0.3075,15.0,CLOSED
57,2026-02-23,Survivor,SENSEX,SELL_PE,SELL,82414.04714285715,20,2026-02-23T11:41:14.607605,2026-02-23T11:47:37.546441,295.07,260.16,5901.4,594.46,10.07,TARGET_HIT,-0.2974,15.0,CLOSED
58,2026-02-23,Survivor,BANKNIFTY,SELL_PE,SELL,60609.29142857143,30,2026-02-23T11:47:08.931756,2026-02-23T11:53:16.199168,241.86,190.6,7255.8,1432.4,19.74,TARGET_HIT,-0.307,15.0,CLOSED
59,2026-02-23,Survivor,SENSEX,SELL_PE,SELL,82401.76714285715,20,2026-02-23T11:47:10.604163,2026-02-23T11:53:18.204237,294.76,261.67,5895.2,558.17,9.47,TARGET_HIT,-0.2973,15.0,CLOSED
60,2026-02-23,Survivor,BANKNIFTY,SELL_PE,SELL,60616.61142857143,30,2026-02-23T11:52:54.417837,2026-02-23T11:59:03.731306,248.75,199.26,7462.5,1378.99,18.48,TARGET_HIT,-0.314,15.0,CLOSED
61,2026-02-23,Survivor,BANKNIFTY,SELL_PE,SELL,60616.69142857143,30,2026-02-23T11:58:37.517975,2026-02-23T12:04:42.431837,242.17,198.1,7265.1,1216.55,16.75,TARGET_HIT,-0.3071,15.0,CLOSED
62,2026-02-23,Survivor,SENSEX,SELL_PE,SELL,82408.29714285715,20,2026-02-23T11:58:38.834090,2026-02-23T12:04:44.649140,295.03,260.03,5900.6,596.27,10.11,TARGET_HIT,-0.2974,15.0,CLOSED
63,2026-02-23,Survivor,BANKNIFTY,SELL_PE,SELL,60606.49142857143,30,2026-02-23T12:04:18.139639,2026-02-23T12:10:24.259031,241.56,193.6,7246.8,1333.42,18.4,TARGET_HIT,-0.3069,15.0,CLOSED
64,2026-02-23,Survivor,SENSEX,SELL_PE,SELL,82408.96714285715,20,2026-02-23T12:04:19.644206,2026-02-23T12:10:26.507278,294.96,257.77,5899.2,640.13,10.85,TARGET_HIT,-0.2973,15.0,CLOSED
65,2026-02-23,Survivor,BANKNIFTY,SELL_PE,SELL,60644.26142857143,30,2026-02-23T12:10:01.681435,2026-02-23T12:15:59.644036,250.44,208.12,7513.2,1163.55,15.49,TARGET_HIT,-0.3147,15.0,CLOSED
66,2026-02-23,Survivor,SENSEX,SELL_PE,SELL,82425.35714285714,20,2026-02-23T12:10:03.277854,2026-02-23T12:16:02.037058,295.46,261.51,5909.2,575.37,9.74,TARGET_HIT,-0.2975,15.0,CLOSED
67,2026-02-23,Survivor,BANKNIFTY,SELL_PE,SELL,60630.91142857143,30,2026-02-23T12:15:40.154624,2026-02-23T12:21:41.297211,249.72,198.67,7491.6,1425.69,19.03,TARGET_HIT,-0.3144,15.0,CLOSED
68,2026-02-23,Survivor,BANKNIFTY,SELL_PE,SELL,60606.54142857143,30,2026-02-23T12:21:19.503600,2026-02-23T12:27:13.978710,241.45,213.54,7243.5,731.45,10.1,TARGET_HIT,-0.3068,15.0,CLOSED
69,2026-02-23,Survivor,SENSEX,SELL_PE,SELL,82423.59714285715,20,2026-02-23T12:21:21.184862,2026-02-23T12:27:15.871466,295.41,276.48,5908.2,274.8,4.65,TARGET_HIT,-0.2975,15.0,CLOSED
70,2026-02-23,Survivor,BANKNIFTY,SELL_PE,SELL,60577.961428571434,30,2026-02-23T12:26:57.390153,2026-02-23T12:32:55.344808,246.54,214.19,7396.2,864.45,11.69,TARGET_HIT,-0.3132,15.0,CLOSED
71,2026-02-23,Survivor,BANKNIFTY,SELL_PE,SELL,60509.16285714286,30,2026-02-23T12:32:34.750897,2026-02-23T12:38:31.897560,236.06,183.82,7081.8,1462.09,20.65,TARGET_HIT,-0.3046,15.0,CLOSED
72,2026-02-23,Survivor,SENSEX,SELL_PE,SELL,82347.79714285715,20,2026-02-23T12:32:36.285462,2026-02-23T12:38:34.107506,293.25,246.04,5865.0,840.71,14.33,TARGET_HIT,-0.2968,15.0,CLOSED
73,2026-02-23,Survivor,BANKNIFTY,SELL_PE,SELL,60543.34285714286,30,2026-02-23T12:38:10.271424,2026-02-23T12:44:10.336926,237.85,174.78,7135.5,1787.07,25.04,TARGET_HIT,-0.3052,15.0,CLOSED
74,2026-02-23,Survivor,SENSEX,SELL_PE,SELL,82390.28714285715,20,2026-02-23T12:38:11.639470,2026-02-23T12:44:12.263317,294.43,241.11,5888.6,962.94,16.35,TARGET_HIT,-0.2972,15.0,CLOSED
75,2026-02-23,Survivor,BANKNIFTY,SELL_PE,SELL,60594.34285714286,30,2026-02-23T12:43:46.339999,2026-02-23T12:49:46.217799,240.83,194.65,7224.9,1280.1,17.72,TARGET_HIT,-0.3064,15.0,CLOSED
76,2026-02-23,Survivor,SENSEX,SELL_PE,SELL,82426.61714285715,20,2026-02-23T12:43:47.699091,2026-02-23T12:49:48.259578,295.5,260.01,5910.0,606.19,10.26,TARGET_HIT,-0.2975,15.0,CLOSED
77,2026-02-23,Survivor,BANKNIFTY,SELL_PE,SELL,60597.09285714286,30,2026-02-23T12:49:24.612217,2026-02-23T12:55:28.242546,240.7,199.55,7221.0,1129.09,15.64,TARGET_HIT,-0.3064,15.0,CLOSED
78,2026-02-23,Survivor,SENSEX,SELL_PE,SELL,82426.94714285716,20,2026-02-23T12:49:25.961327,2026-02-23T12:55:30.033243,295.51,273.91,5910.2,328.22,5.55,TARGET_HIT,-0.2975,15.0,CLOSED
79,2026-02-23,Survivor,BANKNIFTY,SELL_PE,SELL,60586.94285714286,30,2026-02-23T12:55:04.632918,2026-02-23T13:01:06.264884,240.31,207.47,7209.3,879.46,12.2,TARGET_HIT,-0.3062,15.0,CLOSED
80,2026-02-23,Survivor,SENSEX,SELL_PE,SELL,82368.75714285715,20,2026-02-23T12:55:06.152353,2026-02-23T13:01:08.211901,293.83,268.33,5876.6,406.37,6.92,TARGET_HIT,-0.297,15.0,CLOSED
81,2026-02-23,Survivor,BANKNIFTY,SELL_PE,SELL,60567.461428571434,30,2026-02-23T13:00:44.697099,2026-02-23T13:06:47.095904,246.08,195.63,7382.4,1407.84,19.07,TARGET_HIT,-0.313,15.0,CLOSED
82,2026-02-23,Survivor,BANKNIFTY,SELL_PE,SELL,60559.94285714286,30,2026-02-23T13:06:21.074633,2026-02-23T13:12:30.162216,238.76,186.9,7162.8,1450.42,20.25,TARGET_HIT,-0.3056,15.0,CLOSED
83,2026-02-23,Survivor,SENSEX,SELL_PE,SELL,82344.14714285715,20,2026-02-23T13:06:22.544490,2026-02-23T13:12:32.287186,293.18,248.69,5863.6,786.32,13.41,TARGET_HIT,-0.2967,15.0,CLOSED
84,2026-02-23,Survivor,BANKNIFTY,SELL_PE,SELL,60613.76142857143,30,2026-02-23T13:12:00.957705,2026-02-23T13:18:13.891867,248.71,223.0,7461.3,665.05,8.91,TARGET_HIT,-0.314,15.0,CLOSED
85,2026-02-23,Survivor,SENSEX,SELL_PE,SELL,82378.03714285715,20,2026-02-23T13:12:02.448532,2026-02-23T13:18:16.396248,294.01,267.2,5880.2,432.46,7.35,TARGET_HIT,-0.297,15.0,CLOSED
86,2026-02-23,Survivor,BANKNIFTY,SELL_PE,SELL,60515.41142857143,30,2026-02-23T13:17:48.948906,2026-02-23T13:23:56.193506,243.4,183.1,7302.0,1703.69,23.33,TARGET_HIT,-0.3119,15.0,CLOSED
87,2026-02-23,Survivor,BANKNIFTY,SELL_PE,SELL,60533.18857142857,30,2026-02-23T13:23:30.983642,2026-02-23T13:29:46.868842,236.94,177.35,7108.2,1682.75,23.67,TARGET_HIT,-0.3046,15.0,CLOSED
88,2026-02-23,Survivor,SENSEX,SELL_PE,SELL,82353.93714285715,20,2026-02-23T13:23:32.385947,2026-02-23T13:29:49.040286,293.46,241.7,5869.2,931.73,15.87,TARGET_HIT,-0.2968,15.0,CLOSED
89,2026-02-23,Survivor,BANKNIFTY,SELL_PE,SELL,60586.33857142857,30,2026-02-23T13:29:14.962829,2026-02-23T13:35:30.506402,239.96,204.62,7198.8,954.58,13.26,TARGET_HIT,-0.3059,15.0,CLOSED
90,2026-02-23,Survivor,SENSEX,SELL_PE,SELL,82417.60714285714,20,2026-02-23T13:29:16.625584,2026-02-23T13:35:32.820093,295.21,276.85,5904.2,263.34,4.46,TARGET_HIT,-0.2974,15.0,CLOSED
91,2026-02-23,Survivor,BANKNIFTY,SELL_PE,SELL,60553.53857142857,30,2026-02-23T13:35:04.789850,2026-02-23T13:41:20.001044,238.01,202.85,7140.3,949.27,13.29,TARGET_HIT,-0.3051,15.0,CLOSED
92,2026-02-23,Survivor,SENSEX,SELL_PE,SELL,82363.03714285715,20,2026-02-23T13:35:06.212508,2026-02-23T13:41:22.291303,293.67,273.72,5873.4,295.29,5.03,TARGET_HIT,-0.2969,15.0,CLOSED
93,2026-02-23,Survivor,BANKNIFTY,SELL_PE,SELL,60561.91142857143,30,2026-02-23T13:40:52.618853,2026-02-23T13:47:02.033274,245.57,185.38,7367.1,1700.28,23.08,TARGET_HIT,-0.3128,15.0,CLOSED
94,2026-02-23,Survivor,BANKNIFTY,SELL_PE,SELL,60578.43857142857,30,2026-02-23T13:46:40.118951,2026-02-23T13:52:49.428097,239.68,200.73,7190.4,1063.12,14.79,TARGET_HIT,-0.3057,15.0,CLOSED
95,2026-02-23,Survivor,SENSEX,SELL_PE,SELL,82406.36714285715,20,2026-02-23T13:46:41.466150,2026-02-23T13:52:51.362837,294.9,273.17,5898.0,330.82,5.61,TARGET_HIT,-0.2973,15.0,CLOSED
96,2026-02-23,Survivor,BANKNIFTY,SELL_PE,SELL,60550.73857142857,30,2026-02-23T13:52:15.609323,2026-02-23T13:58:35.695626,237.82,190.05,7134.6,1327.89,18.61,TARGET_HIT,-0.305,15.0,CLOSED
97,2026-02-23,Survivor,SENSEX,SELL_PE,SELL,82370.49714285714,20,2026-02-23T13:52:17.059360,2026-02-23T13:58:37.477431,293.87,272.71,5877.4,319.37,5.43,TARGET_HIT,-0.297,15.0,CLOSED
98,2026-02-23,Survivor,BANKNIFTY,SELL_PE,SELL,60554.48857142857,30,2026-02-23T13:58:10.716357,2026-02-23T14:04:29.999948,238.18,208.71,7145.4,778.42,10.89,TARGET_HIT,-0.3051,15.0,CLOSED
99,2026-02-23,Survivor,SENSEX,SELL_PE,SELL,82322.26714285715,20,2026-02-23T13:58:12.535682,2026-02-23T14:04:31.939017,292.57,283.28,5851.4,81.92,1.4,TARGET_HIT,-0.2965,15.0,CLOSED
100,2026-02-23,Survivor,BANKNIFTY,SELL_PE,SELL,60524.31142857143,30,2026-02-23T14:04:04.037650,2026-02-23T14:10:09.919334,243.72,194.95,7311.6,1357.66,18.57,TARGET_HIT,-0.3121,15.0,CLOSED
101,2026-02-23,Survivor,SENSEX,SELL_PE,SELL,82244.93714285715,20,2026-02-23T14:04:08.512584,2026-02-23T14:10:13.230029,290.71,247.65,5814.2,757.85,13.03,TARGET_HIT,-0.2959,15.0,CLOSED
102,2026-02-23,Survivor,BANKNIFTY,SELL_PE,SELL,60545.961428571434,30,2026-02-23T14:09:48.001182,2026-02-23T14:21:30.203580,244.97,198.74,7349.1,1281.25,17.43,TARGET_HIT,-0.3126,15.0,CLOSED
103,2026-02-23,Survivor,BANKNIFTY,SELL_PE,SELL,60551.81142857143,30,2026-02-23T14:20:57.459097,2026-02-23T14:27:37.174773,245.21,199.18,7356.3,1275.14,17.33,TARGET_HIT,-0.3127,15.0,CLOSED
104,2026-02-23,Survivor,BANKNIFTY,SELL_PE,SELL,60570.26142857143,30,2026-02-23T14:27:00.163664,2026-02-23T14:33:41.880422,246.19,182.36,7385.7,1809.57,24.5,TARGET_HIT,-0.313,15.0,CLOSED
105,2026-02-23,Survivor,BANKNIFTY,SELL_PE,SELL,60661.16142857143,30,2026-02-23T14:33:01.471880,2026-02-23T14:39:48.585805,251.4,205.25,7542.0,1278.5,16.95,TARGET_HIT,-0.315,15.0,CLOSED
106,2026-02-23,Survivor,SENSEX,SELL_PE,SELL,82478.69714285716,20,2026-02-23T14:33:03.448987,2026-02-23T14:39:51.234356,297.11,263.12,5942.2,576.09,9.69,TARGET_HIT,-0.298,15.0,CLOSED
107,2026-02-23,Survivor,BANKNIFTY,SELL_PE,SELL,60633.73857142857,30,2026-02-23T14:39:07.590932,2026-02-23T14:45:46.263103,242.35,202.23,7270.5,1097.96,15.1,TARGET_HIT,-0.3068,15.0,CLOSED
108,2026-02-23,Survivor,SENSEX,SELL_PE,SELL,82453.71714285715,20,2026-02-23T14:39:09.401535,2026-02-23T14:45:48.223199,296.33,265.4,5926.6,514.83,8.69,TARGET_HIT,-0.2978,15.0,CLOSED
109,2026-02-23,Survivor,BANKNIFTY,SELL_PE,SELL,60604.33857142857,30,2026-02-23T14:45:10.760170,2026-02-23T14:51:46.257849,240.9,181.66,7227.0,1672.05,23.14,TARGET_HIT,-0.3062,15.0,CLOSED
110,2026-02-23,Survivor,SENSEX,SELL_PE,SELL,82422.97714285715,20,2026-02-23T14:45:12.689163,2026-02-23T14:51:48.760249,295.39,243.92,5907.8,925.86,15.67,TARGET_HIT,-0.2975,15.0,CLOSED
111,2026-02-23,Survivor,BANKNIFTY,SELL_PE,SELL,60648.48857142857,30,2026-02-23T14:51:08.040764,2026-02-23T14:57:43.382020,243.53,193.87,7305.9,1384.27,18.95,TARGET_HIT,-0.3073,15.0,CLOSED
112,2026-02-23,Survivor,SENSEX,SELL_PE,SELL,82492.35714285714,20,2026-02-23T14:51:09.921371,2026-02-23T14:57:45.907972,297.48,268.82,5949.6,469.52,7.89,TARGET_HIT,-0.2982,15.0,CLOSED
113,2026-02-23,Survivor,BANKNIFTY,SELL_PE,SELL,60633.68857142857,30,2026-02-23T14:57:07.326971,2026-02-23T15:03:43.344170,242.7,173.98,7281.0,1956.51,26.87,TARGET_HIT,-0.3069,15.0,CLOSED
114,2026-02-23,Survivor,SENSEX,SELL_PE,SELL,82434.96714285715,20,2026-02-23T14:57:09.121726,2026-02-23T15:03:45.965413,295.75,223.93,5915.0,1333.14,22.54,TARGET_HIT,-0.2976,15.0,CLOSED
115,2026-02-23,Survivor,BANKNIFTY,SELL_PE,SELL,60702.38857142857,30,2026-02-23T15:03:06.434864,2026-02-23T15:09:50.495172,246.88,198.17,7406.4,1355.72,18.3,TARGET_HIT,-0.3086,15.0,CLOSED
116,2026-02-23,Survivor,SENSEX,SELL_PE,SELL,82554.27714285716,20,2026-02-23T15:03:08.238208,2026-02-23T15:09:53.188333,299.66,265.79,5993.2,573.57,9.57,TARGET_HIT,-0.2989,15.0,CLOSED
117,2026-02-23,Survivor,BANKNIFTY,SELL_PE,SELL,60683.83857142857,30,2026-02-23T15:09:06.773263,2026-02-23T15:15:59.995217,245.93,180.69,7377.9,1851.66,25.1,TARGET_HIT,-0.3082,15.0,CLOSED
118,2026-02-23,Survivor,SENSEX,SELL_PE,SELL,82537.09714285715,20,2026-02-23T15:09:08.629677,2026-02-23T15:16:02.780937,299.03,252.35,5980.6,829.95,13.88,TARGET_HIT,-0.2987,15.0,CLOSED
119,2026-02-23,Survivor,BANKNIFTY,SELL_PE,SELL,60711.33857142857,30,2026-02-23T15:15:15.820086,2026-02-23T15:21:58.356789,247.22,194.32,7416.6,1481.28,19.97,TARGET_HIT,-0.3087,15.0,CLOSED
120,2026-02-23,Survivor,SENSEX,SELL_PE,SELL,82533.92714285715,20,2026-02-23T15:15:18.575779,2026-02-23T15:22:01.009053,298.95,256.79,5979.0,739.44,12.37,TARGET_HIT,-0.2986,15.0,CLOSED
121,2026-02-23,Survivor,BANKNIFTY,SELL_PE,SELL,60704.93857142857,30,2026-02-23T15:21:22.014446,2026-02-23T15:28:01.847940,247.1,189.22,7413.0,1630.77,22.0,TARGET_HIT,-0.3087,15.0,CLOSED
122,2026-02-23,Survivor,SENSEX,SELL_PE,SELL,82539.87714285715,20,2026-02-23T15:21:23.895033,2026-02-23T15:28:04.560474,299.16,257.64,5983.2,726.65,12.14,TARGET_HIT,-0.2987,15.0,CLOSED
123,2026-02-23,CPR,BANKNIFTY,BUY_CE_CPR,BUY,61350,30,2026-02-23T09:21:46.731269,-- OPEN --,527.47,412.92,15824.1,-3491.57,-22.06,OPEN,0.5219,15.0,OPEN
124,2026-02-23,CPR,SENSEX,BUY_CE_CPR,BUY,83300,20,2026-02-23T09:21:50.338900,-- OPEN --,677.43,601.73,13548.6,-1568.0,-11.57,OPEN,0.5292,15.0,OPEN
125,2026-02-23,Ghost Zone,SENSEX,BUY_CE_GTZ,BUY,83300,20,2026-02-23T09:21:52.118122,-- OPEN --,677.43,601.71,13548.6,-1568.31,-11.58,OPEN,0.5292,15.0,OPEN
126,2026-02-23,CPR,NIFTY,BUY_CE_CPR,BUY,25750,65,2026-02-23T09:27:55.398959,-- OPEN --,209.4,173.61,13611.0,-2380.59,-17.49,OPEN,0.5199,15.0,OPEN
127,2026-02-23,CPR,BANKNIFTY,BUY_CE_CPR,BUY,61450,30,2026-02-23T09:27:56.957246,-- OPEN --,537.6,365.97,16128.0,-5204.11,-32.27,OPEN,0.5226,15.0,OPEN
128,2026-02-23,Ghost Zone,BANKNIFTY,BUY_PE_GTZ,BUY,61450,30,2026-02-23T09:27:58.404726,-- OPEN --,478.79,497.64,14363.7,511.21,3.56,OPEN,-0.4774,15.0,OPEN
129,2026-02-23,CPR,SENSEX,BUY_CE_CPR,BUY,83400,20,2026-02-23T09:28:01.582648,-- OPEN --,675.02,557.61,13500.4,-2402.06,-17.79,OPEN,0.5261,15.0,OPEN
130,2026-02-23,Ghost Zone,NIFTY,BUY_CE_GTZ,BUY,25750,65,2026-02-23T09:39:22.557198,-- OPEN --,202.7,172.48,13175.5,-2017.97,-15.32,OPEN,0.5103,15.0,OPEN
131,2026-02-23,CPR,BANKNIFTY,BUY_CE_CPR,BUY,61300,30,2026-02-23T09:39:24.131438,-- OPEN --,514.17,440.09,15425.1,-2277.3,-14.76,OPEN,0.5165,15.0,OPEN
132,2026-02-23,Ghost Zone,SENSEX,BUY_CE_GTZ,BUY,83400,20,2026-02-23T09:39:27.098315,-- OPEN --,633.93,554.23,12678.6,-1647.52,-12.99,OPEN,0.5073,15.0,OPEN
133,2026-02-23,CPR,BANKNIFTY,BUY_CE_CPR,BUY,61250,30,2026-02-23T09:45:00.555665,-- OPEN --,507.77,464.22,15233.1,-1361.46,-8.94,OPEN,0.5148,15.0,OPEN
134,2026-02-23,Ghost Zone,BANKNIFTY,BUY_PE_GTZ,BUY,61250,30,2026-02-23T09:50:37.821859,-- OPEN --,462.26,395.24,13867.8,-2064.87,-14.89,OPEN,-0.476,15.0,OPEN
135,2026-02-23,Ghost Zone,BANKNIFTY,BUY_PE_GTZ,BUY,61300,30,2026-02-23T10:07:41.946351,-- OPEN --,482.97,418.83,14489.1,-1978.72,-13.66,OPEN,-0.4891,15.0,OPEN
136,2026-02-23,CPR,NIFTY,BUY_CE_CPR,BUY,25700,65,2026-02-23T10:13:20.202046,-- OPEN --,210.89,196.63,13707.85,-981.25,-7.16,OPEN,0.5255,15.0,OPEN
137,2026-02-23,Ghost Zone,NIFTY,BUY_CE_GTZ,BUY,25700,65,2026-02-23T10:13:21.992581,-- OPEN --,210.89,197.24,13707.85,-941.58,-6.87,OPEN,0.5255,15.0,OPEN
138,2026-02-23,Ghost Zone,BANKNIFTY,BUY_PE_GTZ,BUY,61350,30,2026-02-23T10:19:05.216964,-- OPEN --,486.85,449.16,14605.5,-1185.09,-8.11,OPEN,-0.4891,15.0,OPEN
139,2026-02-23,CPR,SENSEX,BUY_CE_CPR,BUY,83200,20,2026-02-23T10:30:50.694155,-- OPEN --,675.88,657.31,13517.6,-425.31,-3.15,OPEN,0.5304,15.0,OPEN
140,2026-02-23,Ghost Zone,SENSEX,BUY_CE_GTZ,BUY,83200,20,2026-02-23T10:30:52.356388,-- OPEN --,675.88,652.75,13517.6,-516.59,-3.82,OPEN,0.5304,15.0,OPEN
141,2026-02-23,CPR,BANKNIFTY,BUY_CE_CPR,BUY,61150,30,2026-02-23T10:48:05.313151,-- OPEN --,510.74,517.27,15322.2,140.91,0.92,OPEN,0.5205,15.0,OPEN
142,2026-02-23,Ghost Zone,BANKNIFTY,BUY_PE_GTZ,BUY,61150,30,2026-02-23T10:48:07.170253,-- OPEN --,460.44,350.88,13813.2,-3341.01,-24.19,OPEN,-0.4795,15.0,OPEN
143,2026-02-23,CPR,SENSEX,BUY_CE_CPR,BUY,83100,20,2026-02-23T10:48:10.723604,-- OPEN --,654.04,703.26,13080.8,930.74,7.12,OPEN,0.5221,15.0,OPEN
144,2026-02-23,Ghost Zone,SENSEX,BUY_CE_GTZ,BUY,83100,20,2026-02-23T10:48:16.619819,-- OPEN --,654.04,701.6,13080.8,897.47,6.86,OPEN,0.5221,15.0,OPEN
145,2026-02-23,CPR,BANKNIFTY,BUY_CE_CPR,BUY,61200,30,2026-02-23T10:54:07.310652,-- OPEN --,521.99,491.98,15659.7,-955.39,-6.1,OPEN,0.5248,15.0,OPEN
146,2026-02-23,Ghost Zone,BANKNIFTY,BUY_PE_GTZ,BUY,61200,30,2026-02-23T10:54:08.985981,-- OPEN --,458.01,371.61,13740.3,-2646.1,-19.26,OPEN,-0.4752,15.0,OPEN
147,2026-02-23,CPR,BANKNIFTY,BUY_CE_CPR,BUY,61100,30,2026-02-23T12:26:56.068928,-- OPEN --,508.36,547.65,15250.8,1123.84,7.37,OPEN,0.5211,15.0,OPEN
148,2026-02-23,CPR,BANKNIFTY,BUY_CE_CPR,BUY,61050,30,2026-02-23T12:32:32.057787,-- OPEN --,509.68,578.17,15290.4,1999.81,13.08,OPEN,0.5237,15.0,OPEN
149,2026-02-23,Ghost Zone,BANKNIFTY,BUY_PE_GTZ,BUY,61050,30,2026-02-23T12:32:33.500304,-- OPEN --,450.21,307.4,13506.3,-4338.19,-32.12,OPEN,-0.4763,15.0,OPEN
150,2026-02-23,Ghost Zone,BANKNIFTY,BUY_PE_GTZ,BUY,61100,30,2026-02-23T12:38:08.754077,-- OPEN --,459.89,325.76,13796.7,-4077.91,-29.56,OPEN,-0.4815,15.0,OPEN
151,2026-02-23,CPR,NIFTY,BUY_CE_CPR,BUY,25600,65,2026-02-23T14:04:01.180511,-- OPEN --,210.96,253.14,13712.4,2687.64,19.6,OPEN,0.5313,15.0,OPEN
152,2026-02-23,Ghost Zone,NIFTY,BUY_CE_GTZ,BUY,25600,65,2026-02-23T14:04:02.571467,-- OPEN --,210.96,251.82,13712.4,2601.62,18.97,OPEN,0.5313,15.0,OPEN
153,2026-02-23,CPR,SENSEX,BUY_CE_CPR,BUY,83000,20,2026-02-23T14:04:05.572130,-- OPEN --,641.38,760.55,12827.6,2329.77,18.16,OPEN,0.5175,15.0,OPEN
154,2026-02-23,Ghost Zone,SENSEX,BUY_CE_GTZ,BUY,83000,20,2026-02-23T14:04:07.052422,-- OPEN --,641.38,759.73,12827.6,2313.29,18.03,OPEN,0.5175,15.0,OPEN
155,2026-02-23,Survivor,BANKNIFTY,SELL_PE,SELL,60720.18857142857,30,2026-02-23T15:27:20.434843,-- OPEN --,248.06,248.06,7441.8,0,0.0,OPEN,-0.309,15.0,OPEN
156,2026-02-23,Survivor,SENSEX,SELL_PE,SELL,82563.16714285716,20,2026-02-23T15:27:22.312925,-- OPEN --,299.82,299.82,5996.4,0,0.0,OPEN,-0.2989,15.0,OPEN
