symbol,signal_type,direction,entry_price,exit_price,sl,target,pnl,pnl_pct,exit_type,entry_time,exit_time,hold_bars,zone_quality,reason
BTCUSDT,GHST_BE,SHORT,88864.52,87453.63,89605.68142857144,87453.63,1785.22,1.59,TARGET,2025-12-31 11:10:00,2025-12-31 16:40:00,66,6,GHST_BE: Supply zone retest [88347-89568] Q=4 RSI=64
BTCUSDT,GHST_SE,LONG,87544.21,87993.21,85271.26392857142,87993.21,498.21,0.51,TARGET,2025-12-31 20:10:00,2026-01-01 01:10:00,60,5,GHST_SE: Demand zone retest [85314-87454] Q=3 RSI=27
BTCUSDT,GHST_BE,SHORT,87990.52,88623.78928571429,88623.78928571429,87453.63,-990.34,-0.72,SL,2026-01-01 02:10:00,2026-01-01 22:50:00,248,2,GHST_BE: Supply zone retest [87993-88593] Q=1 RSI=61
BTCUSDT,GHST_BE,SHORT,88720.0,89622.19035714286,89622.19035714286,87453.63,-1344.44,-1.02,SL,2026-01-02 00:00:00,2026-01-02 10:05:00,121,5,GHST_BE: Supply zone retest [88347-89568] Q=4 RSI=53
BTCUSDT,GHST_BE,SHORT,89527.91,90649.93107142857,90649.93107142857,87453.63,-1621.03,-1.25,SL,2026-01-02 11:05:00,2026-01-02 16:30:00,65,3,GHST_BE: Supply zone retest [89196-90588] Q=3 RSI=53
BTCUSDT,GHST_BE,SHORT,90447.94,89819.64928571432,90762.08535714285,89819.64928571432,708.16,0.69,TARGET,2026-01-02 17:30:00,2026-01-02 18:45:00,15,4,GHST_BE: Supply zone retest [89196-90588] Q=3 RSI=58
BTCUSDT,GHST_BE,SHORT,90046.16,90046.16,90620.2325,88898.01500000001,-119.33,0.0,SL,2026-01-03 00:10:00,2026-01-03 13:20:00,158,3,GHST_BE: Supply zone retest [89196-90588] Q=3 RSI=39
BTCUSDT,GHST_BE,SHORT,91195.13,93234.11285714286,93234.11285714286,87453.63,-2785.04,-2.24,SL,2026-01-04 00:15:00,2026-01-05 01:35:00,304,4,GHST_BE: Supply zone retest [91185-93160] Q=2 RSI=78
BTCUSDT,GHST_BE,SHORT,92916.61,92916.61,93656.84785714286,91436.13428571429,-118.07,0.0,SL,2026-01-05 02:35:00,2026-01-05 10:10:00,91,4,GHST_BE: Supply zone retest [91448-93555] Q=4 RSI=48
BTCUSDT,GHST_BE,SHORT,92892.47,93611.71214285714,93611.71214285714,91453.98571428572,-1031.42,-0.77,SL,2026-01-05 11:10:00,2026-01-05 14:55:00,45,6,GHST_BE: Supply zone retest [91448-93555] Q=4 RSI=60
BTCUSDT,GHST_SE,LONG,94336.97,94336.97,93926.07607142857,94849.37,-117.51,0.0,SL,2026-01-05 19:05:00,2026-01-05 20:30:00,17,2,GHST_SE: Demand zone retest [94012-97554] Q=2 RSI=51
BTCUSDT,GHST_BE,SHORT,93302.81,93605.67714285714,93605.67714285714,92697.07571428572,-498.58,-0.32,SL,2026-01-06 08:30:00,2026-01-06 10:10:00,20,4,GHST_BE: Supply zone retest [91448-93555] Q=4 RSI=43
BTCUSDT,GHST_BE,SHORT,92034.09,93271.26392857142,93271.26392857142,89559.74214285714,-1692.3,-1.34,SL,2026-01-06 18:55:00,2026-01-06 21:15:00,28,3,GHST_BE: Supply zone retest [91185-93160] Q=2 RSI=57
BTCUSDT,GHST_BE,SHORT,92984.11,93315.73607142858,93315.73607142858,92320.85785714285,-531.77,-0.36,SL,2026-01-06 22:15:00,2026-01-06 22:50:00,7,4,GHST_BE: Supply zone retest [91185-93160] Q=2 RSI=60
BTCUSDT,GHST_SE,LONG,94325.75,94849.37,93934.39821428571,94849.37,528.81,0.56,TARGET,2026-01-13 20:50:00,2026-01-13 22:10:00,16,3,GHST_SE: Demand zone retest [94012-97554] Q=2 RSI=65
BTCUSDT,GHST_BE,SHORT,95594.72,95594.72,96223.76785714287,94336.62428571426,-116.36,0.0,SL,2026-01-13 23:15:00,2026-01-14 14:15:00,180,5,GHST_BE: Supply zone retest [94849-96027] Q=4 RSI=68
BTCUSDT,GHST_SE,LONG,96672.48,95500.08,93833.1425,102351.15499999998,-779.48,-1.21,TIME,2026-01-14 15:45:00,2026-01-16 01:05:00,400,2,GHST_SE: Demand zone retest [94012-97554] Q=2 RSI=64
BTCUSDT,GHST_BE,SHORT,95473.28,95473.28,96077.5667857143,94264.7064285714,-115.93,0.0,SL,2026-01-16 02:10:00,2026-01-16 20:55:00,225,4,GHST_BE: Supply zone retest [94849-96027] Q=4 RSI=43
BTCUSDT,GHST_BE,SHORT,95448.17,95101.99,96070.49678571429,94203.51642857141,304.29,0.36,TIME,2026-01-16 22:05:00,2026-01-18 07:25:00,400,4,GHST_BE: Supply zone retest [94849-96027] Q=4 RSI=39
BTCUSDT,GHST_BE,SHORT,88369.18,89683.36714285714,89683.36714285714,87453.63,-1839.68,-1.49,SL,2026-01-20 23:45:00,2026-01-21 05:30:00,69,4,GHST_BE: Supply zone retest [88347-89568] Q=4 RSI=44
BTCUSDT,GHST_SE,LONG,87773.0,87993.21,85081.71535714285,87993.21,173.71,0.25,TARGET,2026-01-21 17:15:00,2026-01-21 17:40:00,5,5,GHST_SE: Demand zone retest [85314-87454] Q=3 RSI=30
BTCUSDT,GHST_BE,SHORT,88124.56,88710.77071428573,88710.77071428573,87453.63,-881.15,-0.67,SL,2026-01-21 18:40:00,2026-01-21 19:25:00,9,3,GHST_BE: Supply zone retest [87993-88593] Q=1 RSI=68
BTCUSDT,GHST_BE,SHORT,87971.73,87453.63,88709.06785714286,87453.63,561.07,0.59,TARGET,2026-01-25 17:00:00,2026-01-25 18:25:00,17,1,GHST_BE: Supply zone retest [87993-88593] Q=1 RSI=39
BTCUSDT,GHST_SE,LONG,86446.95,87993.21,85180.6475,87993.21,1940.82,1.79,TARGET,2026-01-25 19:30:00,2026-01-26 06:25:00,131,5,GHST_SE: Demand zone retest [85314-87454] Q=3 RSI=22
BTCUSDT,GHST_BE,SHORT,89928.86,89928.86,90680.27357142857,88426.03285714287,-115.66,0.0,SL,2026-01-28 12:10:00,2026-01-28 17:40:00,66,4,GHST_BE: Supply zone retest [88878-90600] Q=2 RSI=69
BTCUSDT,GHST_BE,SHORT,89579.59,87453.63,90723.95535714286,87453.63,2627.19,2.37,TARGET,2026-01-28 18:45:00,2026-01-29 14:50:00,241,2,GHST_BE: Supply zone retest [88878-90600] Q=2 RSI=48
BTCUSDT,GHST_SE,LONG,84813.01,83588.15178571428,83588.15178571428,87262.72642857143,-1800.12,-1.44,SL,2026-01-29 15:50:00,2026-01-29 18:50:00,36,4,GHST_SE: Demand zone retest [83823-85555] Q=2 RSI=16
BTCUSDT,GHST_SE,LONG,84100.01,84100.01,83741.6725,84816.68499999998,-115.81,0.0,SL,2026-01-29 20:40:00,2026-01-30 00:50:00,50,3,GHST_SE: Demand zone retest [83823-85555] Q=2 RSI=50
BTCUSDT,GHST_SE,LONG,83009.54,81588.0,81045.37214285714,86937.87571428569,-2097.33,-1.71,TIME,2026-01-30 05:05:00,2026-01-31 14:25:00,400,4,GHST_SE: Demand zone retest [81118-83798] Q=4 RSI=64
BTCUSDT,GHST_SE,LONG,81315.28,80933.2825,80933.2825,82079.275,-654.27,-0.47,SL,2026-01-31 15:25:00,2026-01-31 16:05:00,8,5,GHST_SE: Demand zone retest [81118-83798] Q=4 RSI=31
BTCUSDT,GHST_SE,LONG,69114.06,70884.88785714286,68228.64607142856,70884.88785714286,2819.73,2.56,TARGET,2026-02-09 12:35:00,2026-02-09 17:40:00,61,1,GHST_SE: Demand zone retest [68308-69885] Q=1 RSI=64
BTCUSDT,GHST_SE,LONG,70049.7,68212.02821428572,68212.02821428572,73725.04357142856,-3000.26,-2.62,SL,2026-02-09 21:45:00,2026-02-10 14:40:00,203,3,GHST_SE: Demand zone retest [68308-69885] Q=1 RSI=21
BTCUSDT,GHST_SE,LONG,69389.09,68155.81464285715,68155.81464285715,71855.64071428569,-1811.91,-1.78,SL,2026-02-10 16:30:00,2026-02-11 03:15:00,129,1,GHST_SE: Demand zone retest [68308-69885] Q=1 RSI=60
BTCUSDT,GHST_BE,SHORT,70741.82,70091.49071428573,71066.98464285715,70091.49071428573,930.69,0.92,TARGET,2026-02-15 08:10:00,2026-02-15 12:15:00,49,3,GHST_BE: Supply zone retest [70182-70983] Q=2 RSI=63
BTCUSDT,GHST_SE,LONG,67730.06,68823.76499999998,67183.2075,68823.76499999998,1725.71,1.61,TARGET,2026-02-16 16:05:00,2026-02-16 21:55:00,70,3,GHST_SE: Demand zone retest [67294-68245] Q=1 RSI=30
BTCUSDT,GHST_SE,LONG,68027.2,67229.29821428572,67229.29821428572,69623.00357142855,-1458.35,-1.17,SL,2026-02-17 05:30:00,2026-02-17 14:40:00,110,3,GHST_SE: Demand zone retest [67294-68245] Q=1 RSI=20
BTCUSDT,GHST_SE,LONG,67392.05,67858.77214285715,67158.68892857143,67858.77214285715,675.14,0.69,TARGET,2026-02-17 15:55:00,2026-02-17 16:05:00,2,1,GHST_SE: Demand zone retest [67294-68245] Q=1 RSI=57
BTCUSDT,GHST_SE,LONG,63628.1,65086.61928571428,62898.84035714286,65086.61928571428,2502.75,2.29,TARGET,2026-02-28 08:25:00,2026-02-28 13:55:00,66,1,GHST_SE: Demand zone retest [63030-64307] Q=1 RSI=47
BTCUSDT,GHST_SE,LONG,64435.61,67578.96857142857,62863.930714285714,67578.96857142857,3382.76,4.88,TARGET,2026-02-28 14:55:00,2026-02-28 22:35:00,92,1,GHST_SE: Demand zone retest [63030-64307] Q=1 RSI=48
ETHUSDT,GHST_BE,SHORT,2978.94,2995.421428571429,2995.421428571429,2945.9771428571426,-783.92,-0.55,SL,2025-12-31 10:50:00,2025-12-31 11:40:00,10,5,GHST_BE: Supply zone retest [2953-2994] Q=3 RSI=60
ETHUSDT,GHST_BE,SHORT,2989.49,2971.0599999999995,2998.705,2971.0599999999995,617.92,0.62,TARGET,2025-12-31 14:45:00,2025-12-31 15:10:00,5,4,GHST_BE: Supply zone retest [2953-2994] Q=3 RSI=50
ETHUSDT,GHST_BE,SHORT,2984.52,2984.52,2998.534285714286,2956.491428571428,-119.84,0.0,SL,2025-12-31 16:20:00,2025-12-31 18:05:00,21,4,GHST_BE: Supply zone retest [2953-2994] Q=3 RSI=55
ETHUSDT,GHST_SE,LONG,3015.99,3015.99,3001.0114285714285,3045.9471428571424,-119.74,0.0,SL,2026-01-02 04:25:00,2026-01-02 08:00:00,43,2,GHST_SE: Demand zone retest [3004-3128] Q=2 RSI=53
ETHUSDT,GHST_SE,LONG,3048.43,3139.72,3000.550714285714,3139.72,3307.62,2.99,TARGET,2026-01-02 11:10:00,2026-01-02 16:30:00,64,2,GHST_SE: Demand zone retest [3004-3128] Q=2 RSI=51
ETHUSDT,GHST_SE,LONG,3128.83,3139.72,2998.2507142857144,3139.72,179.68,0.35,TARGET,2026-01-02 17:40:00,2026-01-02 22:05:00,53,3,GHST_SE: Demand zone retest [3004-3128] Q=2 RSI=42
ETHUSDT,GHST_BE,SHORT,3127.87,3079.7992857142854,3151.905357142857,3079.7992857142854,1738.11,1.54,TARGET,2026-01-03 00:05:00,2026-01-03 07:20:00,87,2,GHST_BE: Supply zone retest [3112-3150] Q=1 RSI=40
ETHUSDT,GHST_BE,SHORT,3107.96,3151.559642857143,3151.559642857143,3020.760714285714,-1827.65,-1.4,SL,2026-01-03 14:30:00,2026-01-04 00:05:00,115,2,GHST_BE: Supply zone retest [3112-3150] Q=1 RSI=52
ETHUSDT,GHST_BE,SHORT,3158.1,3128.0,3245.010357142857,3128.0,936.45,0.95,TARGET,2026-01-04 01:05:00,2026-01-04 08:00:00,83,3,GHST_BE: Supply zone retest [3140-3240] Q=2 RSI=71
ETHUSDT,GHST_BE,SHORT,3136.18,3128.0,3152.1957142857145,3128.0,194.86,0.26,TARGET,2026-01-04 09:05:00,2026-01-04 15:45:00,80,1,GHST_BE: Supply zone retest [3112-3150] Q=1 RSI=41
ETHUSDT,GHST_BE,SHORT,3139.78,3128.0,3242.3814285714284,3128.0,255.15,0.38,TARGET,2026-01-04 17:00:00,2026-01-04 18:20:00,16,4,GHST_BE: Supply zone retest [3140-3240] Q=2 RSI=65
ETHUSDT,GHST_BE,SHORT,3154.63,3244.0364285714286,3244.0364285714286,3128.0,-3138.43,-2.83,SL,2026-01-05 00:15:00,2026-01-05 20:00:00,237,4,GHST_BE: Supply zone retest [3140-3240] Q=2 RSI=62
ETHUSDT,GHST_SE,LONG,3245.71,3245.71,3188.531071428571,3360.067857142858,-102.14,0.0,SL,2026-01-05 21:00:00,2026-01-06 16:40:00,236,2,GHST_SE: Demand zone retest [3194-3318] Q=2 RSI=65
ETHUSDT,GHST_SE,LONG,3206.96,3244.8892857142864,3187.995357142857,3244.8892857142864,1297.95,1.18,TARGET,2026-01-06 18:00:00,2026-01-06 20:30:00,30,4,GHST_SE: Demand zone retest [3194-3318] Q=2 RSI=30
ETHUSDT,GHST_SE,LONG,3273.78,3188.298214285714,3188.298214285714,3444.7435714285725,-1874.39,-2.61,SL,2026-01-06 22:20:00,2026-01-07 14:10:00,190,2,GHST_SE: Demand zone retest [3194-3318] Q=2 RSI=59
ETHUSDT,GHST_BE,SHORT,3171.25,3128.0,3228.1121428571428,3128.0,1511.18,1.36,TARGET,2026-01-07 16:15:00,2026-01-07 19:15:00,36,4,GHST_BE: Supply zone retest [3166-3223] Q=4 RSI=52
ETHUSDT,GHST_BE,SHORT,3170.99,3128.0,3227.5460714285714,3128.0,1508.5,1.36,TARGET,2026-01-07 23:25:00,2026-01-08 06:05:00,80,6,GHST_BE: Supply zone retest [3166-3223] Q=4 RSI=67
ETHUSDT,GHST_BE,SHORT,3161.95,3128.0,3227.644642857143,3128.0,1175.11,1.07,TARGET,2026-01-12 02:50:00,2026-01-12 08:30:00,68,6,GHST_BE: Supply zone retest [3166-3223] Q=4 RSI=81
ETHUSDT,GHST_BE,SHORT,3332.38,3318.35,3372.1789285714285,3318.35,388.78,0.42,TARGET,2026-01-14 00:10:00,2026-01-14 00:35:00,5,3,GHST_BE: Supply zone retest [3315-3368] Q=3 RSI=42
ETHUSDT,GHST_BE,SHORT,3331.49,3318.35,3371.284642857143,3318.35,356.87,0.39,TARGET,2026-01-14 01:35:00,2026-01-14 10:20:00,105,4,GHST_BE: Supply zone retest [3315-3368] Q=3 RSI=56
ETHUSDT,GHST_BE,SHORT,3316.66,3371.5239285714283,3371.5239285714283,3206.932142857143,-2127.97,-1.65,SL,2026-01-14 14:25:00,2026-01-14 16:10:00,21,4,GHST_BE: Supply zone retest [3315-3368] Q=3 RSI=67
ETHUSDT,GHST_BE,SHORT,3346.59,3318.35,3405.535357142857,3318.35,762.75,0.84,TARGET,2026-01-15 00:00:00,2026-01-15 01:35:00,19,2,GHST_BE: Supply zone retest [3316-3403] Q=1 RSI=44
ETHUSDT,GHST_BE,SHORT,3313.81,3304.64,3406.4364285714287,3128.5571428571425,114.44,0.28,TIME,2026-01-15 02:45:00,2026-01-16 12:05:00,400,2,GHST_BE: Supply zone retest [3316-3403] Q=1 RSI=36
ETHUSDT,GHST_BE,SHORT,3305.42,3307.87,3406.155357142857,3128.0,-103.43,-0.07,TIME,2026-01-16 14:30:00,2026-01-17 23:50:00,400,2,GHST_BE: Supply zone retest [3316-3403] Q=1 RSI=47
ETHUSDT,GHST_BE,SHORT,2944.56,2976.575714285714,2976.575714285714,2880.5285714285715,-1432.18,-1.09,SL,2026-01-20 23:40:00,2026-01-21 03:35:00,47,2,GHST_BE: Supply zone retest [2944-2971] Q=1 RSI=56
ETHUSDT,GHST_BE,SHORT,2959.43,2974.451785714286,2974.451785714286,2929.3864285714276,-729.14,-0.51,SL,2026-01-21 08:40:00,2026-01-21 09:35:00,11,2,GHST_BE: Supply zone retest [2944-2971] Q=1 RSI=36
ETHUSDT,GHST_BE,SHORT,2963.92,2944.442857142857,2973.6585714285716,2944.442857142857,666.71,0.66,TARGET,2026-01-21 10:55:00,2026-01-21 11:55:00,12,1,GHST_BE: Supply zone retest [2944-2971] Q=1 RSI=47
ETHUSDT,GHST_SE,LONG,2872.98,2943.75,2786.445357142857,2943.75,2833.23,2.46,TARGET,2026-01-25 18:15:00,2026-01-26 15:10:00,251,7,GHST_SE: Demand zone retest [2791-2864] Q=5 RSI=33
ETHUSDT,GHST_SE,LONG,2822.03,2783.0975,2783.0975,2899.895000000001,-1789.86,-1.38,SL,2026-01-29 15:15:00,2026-01-29 18:30:00,39,7,GHST_SE: Demand zone retest [2791-2864] Q=5 RSI=8
ETHUSDT,GHST_SE,LONG,2802.01,2802.01,2782.2957142857144,2841.438571428572,-120.21,0.0,SL,2026-01-29 19:30:00,2026-01-30 01:00:00,66,6,GHST_SE: Demand zone retest [2791-2864] Q=5 RSI=47
ETHUSDT,GHST_SE,LONG,2715.4,2704.8135714285713,2704.8135714285713,2736.5728571428576,-588.38,-0.39,SL,2026-01-30 02:25:00,2026-01-30 02:30:00,1,5,GHST_SE: Demand zone retest [2716-2758] Q=3 RSI=21
ETHUSDT,GHST_SE,LONG,2741.18,2741.18,2712.3903571428573,2798.759285714285,-119.83,0.0,SL,2026-01-30 03:50:00,2026-01-30 06:05:00,27,3,GHST_SE: Demand zone retest [2716-2758] Q=3 RSI=53
ETHUSDT,GHST_SE,LONG,2734.98,2711.1885714285713,2711.1885714285713,2782.5628571428574,-1161.26,-0.87,SL,2026-01-30 07:05:00,2026-01-30 09:50:00,33,5,GHST_SE: Demand zone retest [2716-2758] Q=3 RSI=43
SOLUSDT,GHST_SE,LONG,124.27,127.2,121.29071428571429,127.2,2709.32,2.36,TARGET,2026-01-01 08:00:00,2026-01-01 23:45:00,189,6,GHST_SE: Demand zone retest [121-124] Q=4 RSI=22
SOLUSDT,GHST_BE,SHORT,127.31,130.2892857142857,130.2892857142857,124.16,-2953.49,-2.34,SL,2026-01-02 03:15:00,2026-01-02 16:15:00,156,5,GHST_BE: Supply zone retest [127-130] Q=3 RSI=85
SOLUSDT,GHST_SE,LONG,131.29,133.7,128.55928571428572,136.75142857142853,2079.39,1.84,TIME,2026-01-02 17:40:00,2026-01-04 03:00:00,400,3,GHST_SE: Demand zone retest [129-132] Q=3 RSI=46
SOLUSDT,GHST_SE,LONG,135.26,134.61499999999998,134.61499999999998,136.55,-695.63,-0.48,SL,2026-01-04 16:00:00,2026-01-04 18:05:00,25,3,GHST_SE: Demand zone retest [135-137] Q=2 RSI=58
SOLUSDT,GHST_BE,SHORT,137.08,137.08,140.49464285714285,132.18,-120.26,0.0,SL,2026-01-05 01:40:00,2026-01-05 18:45:00,205,4,GHST_BE: Supply zone retest [137-140] Q=2 RSI=80
SOLUSDT,GHST_BE,SHORT,138.07,137.1,140.4325,137.1,724.06,0.7,TARGET,2026-01-05 19:50:00,2026-01-06 00:35:00,57,3,GHST_BE: Supply zone retest [137-140] Q=2 RSI=71
SOLUSDT,GHST_BE,SHORT,138.08,140.3892857142857,140.3892857142857,137.1,-1914.12,-1.67,SL,2026-01-06 01:35:00,2026-01-06 14:10:00,151,2,GHST_BE: Supply zone retest [137-140] Q=2 RSI=51
SOLUSDT,GHST_BE,SHORT,141.86,139.18142857142857,143.19928571428574,139.18142857142857,2138.66,1.89,TARGET,2026-01-06 15:35:00,2026-01-06 16:30:00,11,4,GHST_BE: Supply zone retest [140-143] Q=4 RSI=42
SOLUSDT,GHST_SE,LONG,138.53,139.66,135.21285714285713,139.66,861.77,0.82,TARGET,2026-01-06 17:30:00,2026-01-06 21:10:00,44,5,GHST_SE: Demand zone retest [136-138] Q=4 RSI=27
SOLUSDT,GHST_BE,SHORT,141.0,138.29,142.9664285714286,138.29,2199.21,1.92,TARGET,2026-01-07 00:20:00,2026-01-07 05:45:00,65,5,GHST_BE: Supply zone retest [140-143] Q=4 RSI=53
SOLUSDT,GHST_BE,SHORT,139.54,138.29,142.90678571428572,138.29,967.18,0.9,TARGET,2026-01-07 08:10:00,2026-01-07 09:20:00,14,6,GHST_BE: Supply zone retest [140-143] Q=4 RSI=67
SOLUSDT,GHST_SE,LONG,137.28,137.37,135.3007142857143,137.37,-41.97,0.07,TARGET,2026-01-07 10:25:00,2026-01-07 10:30:00,1,5,GHST_SE: Demand zone retest [136-138] Q=4 RSI=28
SOLUSDT,GHST_SE,LONG,136.35,137.37,135.3307142857143,137.37,789.41,0.75,TARGET,2026-01-08 00:05:00,2026-01-08 01:25:00,16,4,GHST_SE: Demand zone retest [136-138] Q=4 RSI=47
SOLUSDT,GHST_SE,LONG,137.69,134.54214285714284,134.54214285714284,139.66,-2912.95,-2.29,SL,2026-01-08 02:40:00,2026-01-08 07:00:00,52,3,GHST_SE: Demand zone retest [135-137] Q=2 RSI=59
SOLUSDT,GHST_SE,LONG,135.56,134.6075,134.6075,137.37,-970.08,-0.7,SL,2026-01-08 08:40:00,2026-01-08 09:20:00,8,2,GHST_SE: Demand zone retest [135-137] Q=2 RSI=48
SOLUSDT,GHST_BE,SHORT,140.61,140.61,141.3942857142857,139.04142857142864,-120.42,0.0,SL,2026-01-09 04:05:00,2026-01-09 06:45:00,32,4,GHST_BE: Supply zone retest [136-141] Q=3 RSI=72
SOLUSDT,GHST_BE,SHORT,139.78,138.29,141.31321428571428,138.29,1162.32,1.07,TARGET,2026-01-09 07:45:00,2026-01-09 08:40:00,11,4,GHST_BE: Supply zone retest [136-141] Q=3 RSI=46
SOLUSDT,GHST_BE,SHORT,138.79,138.29,141.41285714285712,138.29,314.25,0.36,TARGET,2026-01-09 09:40:00,2026-01-09 10:00:00,4,3,GHST_BE: Supply zone retest [136-141] Q=3 RSI=51
SOLUSDT,GHST_BE,SHORT,140.9,138.29,145.07678571428573,138.29,1785.6,1.85,TARGET,2026-01-11 16:35:00,2026-01-11 20:15:00,44,4,GHST_BE: Supply zone retest [141-145] Q=2 RSI=73
SOLUSDT,GHST_BE,SHORT,140.28,138.29,145.04107142857143,138.29,1180.06,1.42,TARGET,2026-01-12 00:30:00,2026-01-13 02:40:00,314,4,GHST_BE: Supply zone retest [141-145] Q=2 RSI=65
SOLUSDT,GHST_BE,SHORT,141.6,144.93928571428572,144.93928571428572,138.29,-2997.4,-2.36,SL,2026-01-13 08:55:00,2026-01-13 22:05:00,158,4,GHST_BE: Supply zone retest [141-145] Q=2 RSI=81
SOLUSDT,GHST_BE,SHORT,146.72,145.50857142857146,147.32571428571427,145.50857142857146,875.78,0.83,TARGET,2026-01-13 23:15:00,2026-01-13 23:35:00,4,2,GHST_BE: Supply zone retest [141-147] Q=1 RSI=59
SOLUSDT,GHST_BE,SHORT,144.9,147.1482142857143,147.1482142857143,140.40357142857144,-1931.76,-1.55,SL,2026-01-14 00:50:00,2026-01-14 14:45:00,167,2,GHST_BE: Supply zone retest [141-147] Q=1 RSI=51
SOLUSDT,GHST_BE,SHORT,147.8,145.98928571428576,148.70535714285714,145.98928571428576,1352.01,1.23,TARGET,2026-01-14 16:20:00,2026-01-14 17:35:00,15,2,GHST_BE: Supply zone retest [145-148] Q=1 RSI=57
SOLUSDT,GHST_BE,SHORT,145.75,147.20607142857142,147.20607142857142,142.83785714285716,-1326.08,-1.0,SL,2026-01-14 18:35:00,2026-01-14 19:25:00,10,2,GHST_BE: Supply zone retest [141-147] Q=1 RSI=36
SOLUSDT,GHST_BE,SHORT,146.23,141.50714285714284,148.59142857142857,141.50714285714284,3490.89,3.23,TARGET,2026-01-15 00:00:00,2026-01-15 18:40:00,224,2,GHST_BE: Supply zone retest [145-148] Q=1 RSI=53
SOLUSDT,GHST_BE,SHORT,145.31,142.56,148.585,138.76,2176.69,1.89,TIME,2026-01-16 21:30:00,2026-01-18 06:50:00,400,3,GHST_BE: Supply zone retest [145-148] Q=1 RSI=81
SOLUSDT,GHST_BE,SHORT,132.97,132.18,133.41035714285715,132.18,604.09,0.59,TARGET,2026-01-20 05:35:00,2026-01-20 06:15:00,8,2,GHST_BE: Supply zone retest [131-133] Q=2 RSI=37
SOLUSDT,GHST_SE,LONG,131.58,128.5767857142857,128.5767857142857,136.13,-2917.22,-2.28,SL,2026-01-20 07:15:00,2026-01-20 08:45:00,18,4,GHST_SE: Demand zone retest [129-132] Q=3 RSI=36
SOLUSDT,GHST_SE,LONG,128.91,127.80607142857143,127.80607142857143,130.83,-1159.41,-0.86,SL,2026-01-20 09:45:00,2026-01-20 15:05:00,64,1,GHST_SE: Demand zone retest [128-132] Q=1 RSI=55
SOLUSDT,GHST_BE,SHORT,127.31,130.3242857142857,130.3242857142857,124.16,-2978.97,-2.37,SL,2026-01-21 00:55:00,2026-01-21 15:05:00,170,4,GHST_BE: Supply zone retest [127-130] Q=3 RSI=78
SOLUSDT,GHST_BE,SHORT,129.52,127.63571428571433,130.46214285714285,127.63571428571433,1618.74,1.45,TARGET,2026-01-21 16:05:00,2026-01-21 16:35:00,6,3,GHST_BE: Supply zone retest [127-130] Q=3 RSI=50
SOLUSDT,GHST_BE,SHORT,131.02,128.61,133.58357142857142,125.8928571428572,2088.68,1.84,TIME,2026-01-21 20:00:00,2026-01-23 05:20:00,400,4,GHST_BE: Supply zone retest [131-133] Q=2 RSI=82
SOLUSDT,GHST_SE,LONG,128.39,127.85428571428572,127.85428571428572,129.4614285714285,-625.19,-0.42,SL,2026-01-23 06:35:00,2026-01-23 06:55:00,4,3,GHST_SE: Demand zone retest [128-132] Q=1 RSI=44
SOLUSDT,GHST_SE,LONG,128.21,129.19500000000002,127.7175,129.19500000000002,805.72,0.77,TARGET,2026-01-23 17:10:00,2026-01-23 17:25:00,3,1,GHST_SE: Demand zone retest [128-132] Q=1 RSI=45
SOLUSDT,GHST_SE,LONG,129.05,129.05,128.54964285714286,130.05071428571432,-120.84,0.0,SL,2026-01-23 18:25:00,2026-01-23 18:45:00,4,3,GHST_SE: Demand zone retest [129-132] Q=3 RSI=54
SOLUSDT,GHST_SE,LONG,122.83,121.06178571428572,121.06178571428572,126.36642857142856,-1858.96,-1.44,SL,2026-01-25 16:20:00,2026-01-25 18:10:00,22,6,GHST_SE: Demand zone retest [121-124] Q=4 RSI=12
SOLUSDT,GHST_SE,LONG,118.36,121.58214285714284,116.74892857142858,121.58214285714284,3145.58,2.72,TARGET,2026-01-25 20:05:00,2026-01-26 01:15:00,62,5,GHST_SE: Demand zone retest [117-119] Q=3 RSI=21
SOLUSDT,GHST_SE,LONG,121.92,121.11428571428571,121.11428571428571,122.8,-921.88,-0.66,SL,2026-01-26 02:20:00,2026-01-26 03:55:00,19,4,GHST_SE: Demand zone retest [121-124] Q=4 RSI=62
SOLUSDT,GHST_BE,SHORT,122.59,124.65571428571428,124.65571428571428,119.45,-2155.4,-1.69,SL,2026-01-26 04:55:00,2026-01-26 15:10:00,123,6,GHST_BE: Supply zone retest [123-124] Q=4 RSI=65
SOLUSDT,GHST_BE,SHORT,123.59,124.72928571428571,124.72928571428571,121.31142857142859,-1224.52,-0.92,SL,2026-01-26 16:15:00,2026-01-26 16:45:00,6,4,GHST_BE: Supply zone retest [123-124] Q=4 RSI=49
SOLUSDT,GHST_BE,SHORT,124.18,124.16,124.56535714285714,124.16,-100.08,0.02,TARGET,2026-01-27 00:00:00,2026-01-27 00:05:00,1,5,GHST_BE: Supply zone retest [123-124] Q=4 RSI=37
SOLUSDT,GHST_BE,SHORT,124.04,124.47571428571429,124.47571428571429,123.16857142857144,-537.96,-0.35,SL,2026-01-27 06:40:00,2026-01-27 07:15:00,7,4,GHST_BE: Supply zone retest [122-124] Q=3 RSI=37
SOLUSDT,GHST_BE,SHORT,124.0,124.0,124.47392857142857,123.05214285714285,-118.95,0.0,SL,2026-01-27 10:10:00,2026-01-27 14:10:00,48,3,GHST_BE: Supply zone retest [122-124] Q=3 RSI=52
SOLUSDT,GHST_BE,SHORT,123.16,120.35142857142856,124.56428571428572,120.35142857142856,2591.5,2.28,TARGET,2026-01-29 03:50:00,2026-01-29 14:55:00,133,3,GHST_BE: Supply zone retest [122-124] Q=3 RSI=40
SOLUSDT,GHST_SE,LONG,117.94,117.94,116.6825,120.45499999999998,-119.84,0.0,SL,2026-01-29 16:10:00,2026-01-29 17:50:00,20,5,GHST_SE: Demand zone retest [117-119] Q=3 RSI=39
SOLUSDT,GHST_SE,LONG,117.34,116.96142857142857,116.96142857142857,118.09714285714287,-506.08,-0.32,SL,2026-01-29 21:05:00,2026-01-29 21:30:00,5,3,GHST_SE: Demand zone retest [117-119] Q=3 RSI=60
SOLUSDT,GHST_BE,SHORT,105.84,105.84,106.86392857142857,103.79214285714286,-119.5,0.0,SL,2026-02-01 00:20:00,2026-02-01 02:10:00,22,4,GHST_BE: Supply zone retest [104-107] Q=3 RSI=64
SOLUSDT,GHST_BE,SHORT,105.31,105.31,106.72678571428571,102.47642857142858,-119.4,0.0,SL,2026-02-01 03:10:00,2026-02-01 11:40:00,102,4,GHST_BE: Supply zone retest [104-107] Q=3 RSI=57
SOLUSDT,GHST_BE,SHORT,104.56,100.23642857142858,106.72178571428572,100.23642857142858,4813.96,4.14,TARGET,2026-02-01 12:40:00,2026-02-01 15:35:00,35,4,GHST_BE: Supply zone retest [104-107] Q=3 RSI=53
SOLUSDT,GHST_SE,LONG,77.39,79.415,76.3775,79.415,3049.7,2.62,TARGET,2026-02-12 20:10:00,2026-02-13 03:30:00,88,5,GHST_SE: Demand zone retest [77-81] Q=4 RSI=46
SOLUSDT,GHST_SE,LONG,78.55,82.65142857142858,76.4992857142857,82.65142857142858,6266.27,5.22,TARGET,2026-02-13 04:45:00,2026-02-13 15:25:00,128,5,GHST_SE: Demand zone retest [77-81] Q=4 RSI=19
SOLUSDT,GHST_SE,LONG,80.69,82.69,76.41785714285714,89.2342857142857,2102.74,2.48,TIME,2026-02-18 19:35:00,2026-02-20 04:55:00,400,6,GHST_SE: Demand zone retest [77-81] Q=4 RSI=27
SOLUSDT,GHST_SE,LONG,78.31,81.14500000000001,76.8925,81.14500000000001,3664.42,3.62,TARGET,2026-02-28 08:20:00,2026-02-28 14:00:00,68,1,GHST_SE: Demand zone retest [77-80] Q=1 RSI=47
SOLUSDT,GHST_BE,SHORT,87.74,85.09571428571427,89.06214285714286,85.09571428571427,3684.78,3.01,TARGET,2026-03-01 04:05:00,2026-03-01 08:55:00,58,2,GHST_BE: Supply zone retest [85-89] Q=2 RSI=46
SOLUSDT,GHST_BE,SHORT,85.14,84.04,89.0482142857143,80.62,500.38,1.29,EOD,2026-03-01 10:15:00,2026-03-02 02:05:00,191,2,GHST_BE: Supply zone retest [85-89] Q=2 RSI=43
