S.No,Symbol,Strategy,Entry Time,Exit Time,Per lot,No fo lots,Entry,Target,SL,Exit,Amount Invested,Amount After Close,PnL,Balance,Status,PnL %,Spot Price,Delta,Exit Reason
1,NIFTY 25750 CE,CPR,18/02/2026 09:34,20/02/2026 10:03,65,1,133.1,239.58,53.24,36.76,8651.5,2389.4,-6262.1,293737.9,Closed,-72.4,25750,0.4866,SL_HIT
2,NIFTY 25750 CE,Ghost Zone,18/02/2026 09:34,20/02/2026 10:03,65,1,133.1,173.03,53.24,36.51,8651.5,2373.15,-6278.35,287459.55,Closed,-72.6,25750,0.4866,SL_HIT
3,NIFTY 25588 PE,Survivor,18/02/2026 09:34,18/02/2026 09:39,65,1,78.18,15.64,117.27,55.49,5081.7,3606.85,1474.85,288934.4,Closed,29.0,25588.38,-0.3344,TARGET_HIT
4,BANKNIFTY 61200 CE,CPR,18/02/2026 09:34,20/02/2026 12:37,30,1,362.24,652.03,144.9,24.05,10867.2,721.5,-10145.7,278788.7,Closed,-93.4,61200,0.5179,SL_HIT
5,BANKNIFTY 60873 PE,Survivor,18/02/2026 09:34,18/02/2026 09:39,30,1,194.4,38.88,291.6,129.12,5832.0,3873.6,1958.4,280747.1,Closed,33.6,60873.23,-0.3361,TARGET_HIT
6,SENSEX 83400 CE,CPR,18/02/2026 09:34,20/02/2026 10:03,20,1,480.22,864.4,192.09,112.54,9604.4,2250.8,-7353.6,273393.5,Closed,-76.6,83400,0.5267,SL_HIT
7,SENSEX 83400 CE,Ghost Zone,18/02/2026 09:34,20/02/2026 10:03,20,1,480.22,624.29,192.09,113.34,9604.4,2266.8,-7337.6,266055.9,Closed,-76.4,83400,0.5267,SL_HIT
8,SENSEX 82981 PE,Survivor,18/02/2026 09:34,18/02/2026 09:40,20,1,243.23,48.65,364.84,183.47,4864.6,3669.4,1195.2,267251.1,Closed,24.6,82981.16,-0.329,TARGET_HIT
9,NIFTY 25604 PE,Survivor,18/02/2026 09:39,18/02/2026 09:45,65,1,79.35,15.87,119.02,60.49,5157.75,3931.85,1225.9,268477.0,Closed,23.8,25604.34,-0.3372,TARGET_HIT
10,BANKNIFTY 61250 CE,CPR,18/02/2026 09:39,20/02/2026 12:37,30,1,353.21,635.78,141.28,20.51,10596.3,615.3,-9981.0,258496.0,Closed,-94.2,61250,0.5083,SL_HIT
11,BANKNIFTY 60909 PE,Survivor,18/02/2026 09:39,18/02/2026 09:45,30,1,197.85,39.57,296.77,128.43,5935.5,3852.9,2082.6,260578.6,Closed,35.1,60908.58,-0.3394,TARGET_HIT
12,SENSEX 83000 PE,Survivor,18/02/2026 09:39,18/02/2026 09:45,20,1,246.6,49.32,369.9,185.27,4932.0,3705.4,1226.6,261805.2,Closed,24.9,82999.58,-0.332,TARGET_HIT
13,NIFTY 25604 PE,Survivor,18/02/2026 09:45,18/02/2026 09:50,65,1,78.65,15.73,117.98,66.87,5112.25,4346.55,765.7,262570.9,Closed,15.0,25603.93,-0.335,TARGET_HIT
14,BANKNIFTY 61300 CE,CPR,18/02/2026 09:45,20/02/2026 12:37,30,1,354.93,638.87,141.97,17.42,10647.9,522.6,-10125.3,252445.6,Closed,-95.1,61300,0.5076,SL_HIT
15,BANKNIFTY 60950 PE,Survivor,18/02/2026 09:45,18/02/2026 09:50,30,1,197.6,39.52,296.4,153.96,5928.0,4618.8,1309.2,253754.8,Closed,22.1,60949.54,-0.3373,TARGET_HIT
16,SENSEX 83500 CE,CPR,18/02/2026 09:45,20/02/2026 10:03,20,1,442.65,796.77,177.06,93.79,8853.0,1875.8,-6977.2,246777.6,Closed,-78.8,83500,0.4996,SL_HIT
17,SENSEX 83500 CE,Ghost Zone,18/02/2026 09:45,20/02/2026 10:03,20,1,442.65,575.44,177.06,91.94,8853.0,1838.8,-7014.2,239763.4,Closed,-79.2,83500,0.4996,SL_HIT
18,SENSEX 83005 PE,Survivor,18/02/2026 09:45,18/02/2026 09:50,20,1,244.08,48.82,366.12,203.98,4881.6,4079.6,802.0,240565.4,Closed,16.4,83005.28,-0.3293,TARGET_HIT
19,NIFTY 25700 CE,CPR,18/02/2026 09:50,18/02/2026 12:09,65,1,153.24,275.83,61.3,38.74,9960.6,2518.1,-7442.5,233122.9,Closed,-74.7,25700,0.5328,SL_HIT
20,NIFTY 25581 PE,Survivor,18/02/2026 09:50,18/02/2026 09:56,65,1,78.62,15.72,117.93,73.54,5110.3,4780.1,330.2,233453.1,Closed,6.5,25581.24,-0.3364,TARGET_HIT
21,BANKNIFTY 60912 PE,Survivor,18/02/2026 09:50,18/02/2026 09:56,30,1,197.87,39.57,296.81,154.91,5936.1,4647.3,1288.8,234741.9,Closed,21.7,60911.98,-0.3394,TARGET_HIT
22,SENSEX 82980 PE,Survivor,18/02/2026 09:50,18/02/2026 09:56,20,1,246.08,49.22,369.12,230.5,4921.6,4610.0,311.6,235053.5,Closed,6.3,82979.99,-0.3318,TARGET_HIT
23,NIFTY 25700 CE,Ghost Zone,18/02/2026 09:56,20/02/2026 12:37,65,1,132.07,171.69,52.83,38.74,8584.55,2518.1,-6066.45,228987.05,Closed,-70.7,25700,0.4874,SL_HIT
24,NIFTY 25539 PE,Survivor,18/02/2026 09:56,18/02/2026 10:01,65,1,76.59,15.32,114.89,64.23,4978.35,4174.95,803.4,229790.45,Closed,16.1,25538.58,-0.3321,TARGET_HIT
25,BANKNIFTY 60858 PE,Survivor,18/02/2026 09:56,18/02/2026 10:02,30,1,193.44,38.69,290.16,141.74,5803.2,4252.2,1551.0,231341.45,Closed,26.7,60858.04,-0.3353,TARGET_HIT
26,SENSEX 83300 CE,CPR,18/02/2026 09:56,20/02/2026 10:10,20,1,438.88,789.98,175.55,111.23,8777.6,2224.6,-6553.0,224788.45,Closed,-74.7,83300,0.5012,SL_HIT
27,SENSEX 83300 CE,Ghost Zone,18/02/2026 09:56,20/02/2026 10:10,20,1,438.88,570.54,175.55,113.16,8777.6,2263.2,-6514.4,218274.05,Closed,-74.2,83300,0.5012,SL_HIT
28,SENSEX 82807 PE,Survivor,18/02/2026 09:56,18/02/2026 10:02,20,1,237.62,47.52,356.43,203.29,4752.4,4065.8,686.6,218960.65,Closed,14.4,82806.64,-0.3261,TARGET_HIT
29,NIFTY 25650 CE,CPR,18/02/2026 10:01,-- OPEN --,65,1,148.62,267.52,59.45,,9660.3,,0.0,218960.65,Open,0.0,25650,0.5265,
30,NIFTY 25650 CE,Ghost Zone,18/02/2026 10:01,-- OPEN --,65,1,148.62,193.21,59.45,,9660.3,,0.0,218960.65,Open,0.0,25650,0.5265,
31,BANKNIFTY 60852 PE,Survivor,18/02/2026 10:01,18/02/2026 10:07,30,1,195.43,39.09,293.14,124.15,5862.9,3724.5,2138.4,221099.05,Closed,36.5,60852.48,-0.3382,TARGET_HIT
32,SENSEX 83200 CE,CPR,18/02/2026 10:01,20/02/2026 10:10,20,1,478.69,861.64,191.48,139.15,9573.8,2783.0,-6790.8,214308.25,Closed,-70.9,83200,0.5297,SL_HIT
33,SENSEX 83200 CE,Ghost Zone,18/02/2026 10:01,20/02/2026 10:10,20,1,478.69,622.3,191.48,139.25,9573.8,2785.0,-6788.8,207519.45,Closed,-70.9,83200,0.5297,SL_HIT
34,NIFTY 25532 PE,Survivor,18/02/2026 10:07,18/02/2026 10:13,65,1,76.12,15.22,114.18,59.06,4947.8,3838.9,1108.9,208628.35,Closed,22.4,25531.93,-0.3309,TARGET_HIT
35,BANKNIFTY 60906 PE,Survivor,18/02/2026 10:07,18/02/2026 10:13,30,1,195.45,39.09,293.17,136.61,5863.5,4098.3,1765.2,210393.55,Closed,30.1,60905.64,-0.3363,TARGET_HIT
36,SENSEX 82798 PE,Survivor,18/02/2026 10:07,18/02/2026 10:13,20,1,236.52,47.3,354.78,178.88,4730.4,3577.6,1152.8,211546.35,Closed,24.4,82798.18,-0.3251,TARGET_HIT
37,NIFTY 25532 PE,Survivor,18/02/2026 10:12,18/02/2026 10:18,65,1,76.14,15.23,114.21,60.23,4949.1,3914.95,1034.15,212580.5,Closed,20.9,25531.53,-0.3309,TARGET_HIT
38,BANKNIFTY 60916 PE,Survivor,18/02/2026 10:12,18/02/2026 10:18,30,1,196.13,39.23,294.19,143.22,5883.9,4296.6,1587.3,214167.8,Closed,27.0,60915.74,-0.3366,TARGET_HIT
39,SENSEX 82794 PE,Survivor,18/02/2026 10:12,18/02/2026 10:18,20,1,236.4,47.28,354.6,187.61,4728.0,3752.2,975.8,215143.6,Closed,20.6,82793.64,-0.3251,TARGET_HIT
40,NIFTY 25518 PE,Survivor,18/02/2026 10:18,18/02/2026 10:23,65,1,75.74,15.15,113.61,56.35,4923.1,3662.75,1260.35,216403.95,Closed,25.6,25517.71,-0.3303,TARGET_HIT
41,BANKNIFTY 60885 PE,Survivor,18/02/2026 10:18,18/02/2026 10:24,30,1,194.55,38.91,291.83,135.5,5836.5,4065.0,1771.5,218175.45,Closed,30.4,60885.39,-0.3359,TARGET_HIT
42,SENSEX 82751 PE,Survivor,18/02/2026 10:18,18/02/2026 10:24,20,1,235.26,47.05,352.89,173.11,4705.2,3462.2,1243.0,219418.45,Closed,26.4,82751.24,-0.3245,TARGET_HIT
43,NIFTY 25528 PE,Survivor,18/02/2026 10:23,18/02/2026 10:29,65,1,75.98,15.2,113.97,60.52,4938.7,3933.8,1004.9,220423.35,Closed,20.3,25527.96,-0.3306,TARGET_HIT
44,BANKNIFTY 60893 PE,Survivor,18/02/2026 10:23,18/02/2026 10:29,30,1,194.84,38.97,292.26,140.69,5845.2,4220.7,1624.5,222047.85,Closed,27.8,60892.99,-0.336,TARGET_HIT
45,SENSEX 82786 PE,Survivor,18/02/2026 10:23,18/02/2026 10:29,20,1,236.09,47.22,354.13,193.72,4721.8,3874.4,847.4,222895.25,Closed,17.9,82786.18,-0.3249,TARGET_HIT
46,NIFTY 25514 PE,Survivor,18/02/2026 10:29,18/02/2026 10:35,65,1,75.67,15.13,113.5,53.36,4918.55,3468.4,1450.15,224345.4,Closed,29.5,25514.15,-0.3302,TARGET_HIT
47,BANKNIFTY 60871 PE,Survivor,18/02/2026 10:29,18/02/2026 10:35,30,1,193.69,38.74,290.53,134.62,5810.7,4038.6,1772.1,226117.5,Closed,30.5,60870.74,-0.3355,TARGET_HIT
48,SENSEX 82733 PE,Survivor,18/02/2026 10:29,18/02/2026 10:35,20,1,234.77,46.95,352.16,163.76,4695.4,3275.2,1420.2,227537.7,Closed,30.2,82732.88,-0.3243,TARGET_HIT
49,BANKNIFTY 60892 PE,Survivor,18/02/2026 10:34,18/02/2026 10:40,30,1,197.19,39.44,295.78,144.05,5915.7,4321.5,1594.2,229131.9,Closed,26.9,60892.43,-0.339,TARGET_HIT
50,SENSEX 82812 PE,Survivor,18/02/2026 10:34,18/02/2026 10:40,20,1,241.51,48.3,362.26,196.13,4830.2,3922.6,907.6,230039.5,Closed,18.8,82811.83,-0.3301,TARGET_HIT
51,NIFTY 25523 PE,Survivor,18/02/2026 10:40,18/02/2026 10:45,65,1,75.84,15.17,113.76,58.07,4929.6,3774.55,1155.05,231194.55,Closed,23.4,25522.9,-0.3304,TARGET_HIT
52,BANKNIFTY 60869 PE,Survivor,18/02/2026 10:40,18/02/2026 10:45,30,1,194.0,38.8,291.0,143.55,5820.0,4306.5,1513.5,232708.05,Closed,26.0,60868.89,-0.3356,TARGET_HIT
53,SENSEX 82771 PE,Survivor,18/02/2026 10:40,18/02/2026 10:45,20,1,235.71,47.14,353.56,183.9,4714.2,3678.0,1036.2,233744.25,Closed,22.0,82771.04,-0.3247,TARGET_HIT
54,BANKNIFTY 60863 PE,Survivor,18/02/2026 10:45,18/02/2026 10:51,30,1,195.75,39.15,293.62,130.48,5872.5,3914.4,1958.1,235702.35,Closed,33.3,60863.28,-0.3384,TARGET_HIT
55,NIFTY 25541 PE,Survivor,18/02/2026 10:51,18/02/2026 10:56,65,1,76.31,15.26,114.47,55.24,4960.15,3590.6,1369.55,237071.9,Closed,27.6,25541.25,-0.331,TARGET_HIT
56,BANKNIFTY 60882 PE,Survivor,18/02/2026 10:51,18/02/2026 10:56,30,1,194.61,38.92,291.92,130.81,5838.3,3924.3,1914.0,238985.9,Closed,32.8,60882.44,-0.3359,TARGET_HIT
57,SENSEX 82832 PE,Survivor,18/02/2026 10:51,18/02/2026 10:56,20,1,237.18,47.44,355.77,172.02,4743.6,3440.4,1303.2,240289.1,Closed,27.5,82832.48,-0.3253,TARGET_HIT
58,NIFTY 25555 PE,Survivor,18/02/2026 10:56,18/02/2026 11:02,65,1,76.63,15.33,114.94,55.6,4980.95,3614.0,1366.95,241656.05,Closed,27.4,25555.5,-0.3314,TARGET_HIT
59,BANKNIFTY 60908 PE,Survivor,18/02/2026 10:56,18/02/2026 11:02,30,1,195.7,39.14,293.55,131.41,5871.0,3942.3,1928.7,243584.75,Closed,32.9,60908.29,-0.3364,TARGET_HIT
60,SENSEX 82857 PE,Survivor,18/02/2026 10:56,18/02/2026 11:02,20,1,237.83,47.57,356.75,167.76,4756.6,3355.2,1401.4,244986.15,Closed,29.5,82857.33,-0.3255,TARGET_HIT
61,NIFTY 25563 PE,Survivor,18/02/2026 11:02,18/02/2026 11:07,65,1,76.87,15.37,115.31,58.78,4996.55,3820.7,1175.85,246162.0,Closed,23.5,25562.95,-0.3317,TARGET_HIT
62,BANKNIFTY 60922 PE,Survivor,18/02/2026 11:02,18/02/2026 11:08,30,1,196.28,39.26,294.42,147.38,5888.4,4421.4,1467.0,247629.0,Closed,24.9,60922.34,-0.3367,TARGET_HIT
63,SENSEX 82900 PE,Survivor,18/02/2026 11:02,18/02/2026 11:08,20,1,238.96,47.79,358.44,190.98,4779.2,3819.6,959.6,248588.6,Closed,20.1,82899.73,-0.326,TARGET_HIT
64,NIFTY 25561 PE,Survivor,18/02/2026 11:07,18/02/2026 11:13,65,1,76.86,15.37,115.29,60.53,4995.9,3934.45,1061.45,249650.05,Closed,21.2,25561.5,-0.3317,TARGET_HIT
65,BANKNIFTY 60904 PE,Survivor,18/02/2026 11:07,18/02/2026 11:13,30,1,195.37,39.07,293.06,143.33,5861.1,4299.9,1561.2,251211.25,Closed,26.6,60903.94,-0.3362,TARGET_HIT
66,SENSEX 82891 PE,Survivor,18/02/2026 11:07,18/02/2026 11:13,20,1,238.69,47.74,358.03,184.45,4773.8,3689.0,1084.8,252296.05,Closed,22.7,82891.05,-0.3259,TARGET_HIT
67,NIFTY 25551 PE,Survivor,18/02/2026 11:13,18/02/2026 11:19,65,1,76.56,15.31,114.84,60.48,4976.4,3931.2,1045.2,253341.25,Closed,21.0,25550.7,-0.3313,TARGET_HIT
68,BANKNIFTY 60867 PE,Survivor,18/02/2026 11:13,18/02/2026 11:19,30,1,193.75,38.75,290.62,142.26,5812.5,4267.8,1544.7,254885.95,Closed,26.6,60867.14,-0.3355,TARGET_HIT
69,SENSEX 82865 PE,Survivor,18/02/2026 11:13,18/02/2026 11:19,20,1,238.02,47.6,357.03,195.49,4760.4,3909.8,850.6,255736.55,Closed,17.9,82864.93,-0.3256,TARGET_HIT
70,BANKNIFTY 60875 PE,Survivor,18/02/2026 11:18,18/02/2026 11:24,30,1,196.34,39.27,294.51,139.44,5890.2,4183.2,1707.0,257443.55,Closed,29.0,60874.83,-0.3387,TARGET_HIT
71,SENSEX 82869 PE,Survivor,18/02/2026 11:18,18/02/2026 11:24,20,1,242.96,48.59,364.44,191.63,4859.2,3832.6,1026.6,258470.15,Closed,21.1,82868.87,-0.3306,TARGET_HIT
72,NIFTY 25551 PE,Survivor,18/02/2026 11:24,18/02/2026 11:30,65,1,76.55,15.31,114.82,58.22,4975.75,3784.3,1191.45,259661.6,Closed,23.9,25551.25,-0.3313,TARGET_HIT
73,BANKNIFTY 60880 PE,Survivor,18/02/2026 11:24,18/02/2026 11:30,30,1,194.2,38.84,291.3,131.46,5826.0,3943.8,1882.2,261543.8,Closed,32.3,60879.99,-0.3357,TARGET_HIT
74,SENSEX 82869 PE,Survivor,18/02/2026 11:24,18/02/2026 11:30,20,1,238.13,47.63,357.19,184.6,4762.6,3692.0,1070.6,262614.4,Closed,22.5,82869.04,-0.3256,TARGET_HIT
75,BANKNIFTY 60923 PE,Survivor,18/02/2026 11:29,18/02/2026 11:35,30,1,198.21,39.64,297.31,133.97,5946.3,4019.1,1927.2,264541.6,Closed,32.4,60923.28,-0.3395,TARGET_HIT
76,SENSEX 82877 PE,Survivor,18/02/2026 11:29,18/02/2026 11:35,20,1,243.03,48.61,364.55,162.35,4860.6,3247.0,1613.6,266155.2,Closed,33.2,82877.01,-0.3307,TARGET_HIT
77,NIFTY 25574 PE,Survivor,18/02/2026 11:35,18/02/2026 11:41,65,1,77.15,15.43,115.73,66.42,5014.75,4317.3,697.45,266852.65,Closed,13.9,25573.7,-0.332,TARGET_HIT
78,BANKNIFTY 60943 PE,Survivor,18/02/2026 11:35,18/02/2026 11:41,30,1,197.25,39.45,295.88,147.27,5917.5,4418.1,1499.4,268352.05,Closed,25.3,60943.39,-0.3371,TARGET_HIT
79,SENSEX 82946 PE,Survivor,18/02/2026 11:35,18/02/2026 11:41,20,1,240.32,48.06,360.48,198.96,4806.4,3979.2,827.2,269179.25,Closed,17.2,82946.23,-0.3265,TARGET_HIT
80,BANKNIFTY 60931 PE,Survivor,18/02/2026 11:40,18/02/2026 11:46,30,1,198.88,39.78,298.32,141.05,5966.4,4231.5,1734.9,270914.15,Closed,29.1,60931.08,-0.3398,TARGET_HIT
81,SENSEX 82879 PE,Survivor,18/02/2026 11:41,18/02/2026 11:46,20,1,238.38,47.68,357.57,184.02,4767.6,3680.4,1087.2,272001.35,Closed,22.8,82879.17,-0.3257,TARGET_HIT
82,NIFTY 25545 PE,Survivor,18/02/2026 11:46,18/02/2026 11:52,65,1,76.42,15.28,114.63,57.08,4967.3,3710.2,1257.1,273258.45,Closed,25.3,25545.3,-0.3311,TARGET_HIT
83,BANKNIFTY 60926 PE,Survivor,18/02/2026 11:46,18/02/2026 11:52,30,1,196.28,39.26,294.42,137.98,5888.4,4139.4,1749.0,275007.45,Closed,29.7,60925.69,-0.3367,TARGET_HIT
84,SENSEX 82870 PE,Survivor,18/02/2026 11:46,18/02/2026 11:52,20,1,238.14,47.63,357.21,185.92,4762.8,3718.4,1044.4,276051.85,Closed,21.9,82870.49,-0.3256,TARGET_HIT
85,BANKNIFTY 60926 PE,Survivor,18/02/2026 11:52,18/02/2026 11:57,30,1,196.36,39.27,294.54,138.65,5890.8,4159.5,1731.3,277783.15,Closed,29.4,60926.24,-0.3367,TARGET_HIT
86,SENSEX 82872 PE,Survivor,18/02/2026 11:52,18/02/2026 11:57,20,1,238.22,47.64,357.33,174.4,4764.4,3488.0,1276.4,279059.55,Closed,26.8,82872.24,-0.3257,TARGET_HIT
87,NIFTY 25555 PE,Survivor,18/02/2026 11:57,18/02/2026 12:03,65,1,76.65,15.33,114.98,56.07,4982.25,3644.55,1337.7,280397.25,Closed,26.8,25554.85,-0.3314,TARGET_HIT
88,BANKNIFTY 60924 PE,Survivor,18/02/2026 11:57,18/02/2026 12:03,30,1,196.39,39.28,294.58,137.88,5891.7,4136.4,1755.3,282152.55,Closed,29.8,60923.79,-0.3367,TARGET_HIT
89,SENSEX 82897 PE,Survivor,18/02/2026 11:57,18/02/2026 12:03,20,1,238.9,47.78,358.35,179.86,4778.0,3597.2,1180.8,283333.35,Closed,24.7,82897.46,-0.3259,TARGET_HIT
90,NIFTY 25572 PE,Survivor,18/02/2026 12:03,18/02/2026 12:09,65,1,78.4,15.68,117.6,57.97,5096.0,3768.05,1327.95,284661.3,Closed,26.1,25571.69,-0.3361,TARGET_HIT
91,BANKNIFTY 60936 PE,Survivor,18/02/2026 12:03,18/02/2026 12:09,30,1,196.94,39.39,295.41,137.97,5908.2,4139.1,1769.1,286430.4,Closed,29.9,60935.79,-0.337,TARGET_HIT
92,SENSEX 82945 PE,Survivor,18/02/2026 12:03,18/02/2026 12:09,20,1,240.23,48.05,360.34,180.35,4804.6,3607.0,1197.6,287628.0,Closed,24.9,82944.75,-0.3265,TARGET_HIT
93,NIFTY 25577 PE,Survivor,18/02/2026 12:08,18/02/2026 12:14,65,1,77.24,15.45,115.86,60.92,5020.6,3959.8,1060.8,288688.8,Closed,21.1,25576.75,-0.3321,TARGET_HIT
94,BANKNIFTY 60945 PE,Survivor,18/02/2026 12:08,18/02/2026 12:14,30,1,197.05,39.41,295.58,136.4,5911.5,4092.0,1819.5,290508.3,Closed,30.8,60944.59,-0.337,TARGET_HIT
95,SENSEX 82955 PE,Survivor,18/02/2026 12:08,18/02/2026 12:14,20,1,240.56,48.11,360.84,189.22,4811.2,3784.4,1026.8,291535.1,Closed,21.3,82954.93,-0.3266,TARGET_HIT
96,NIFTY 25700 CE,CPR,18/02/2026 12:14,20/02/2026 10:10,65,1,150.65,271.17,60.26,41.15,9792.25,2674.75,-7117.5,284417.6,Closed,-72.7,25700,0.5274,SL_HIT
97,NIFTY 25572 PE,Survivor,18/02/2026 12:14,18/02/2026 12:20,65,1,77.12,15.42,115.68,58.58,5012.8,3807.7,1205.1,285622.7,Closed,24.0,25572.45,-0.332,TARGET_HIT
98,BANKNIFTY 60945 PE,Survivor,18/02/2026 12:14,18/02/2026 12:20,30,1,197.44,39.49,296.16,140.63,5923.2,4218.9,1704.3,287327.0,Closed,28.8,60944.64,-0.3372,TARGET_HIT
99,SENSEX 82937 PE,Survivor,18/02/2026 12:14,18/02/2026 12:20,20,1,240.1,48.02,360.15,174.75,4802.0,3495.0,1307.0,288634.0,Closed,27.2,82936.79,-0.3264,TARGET_HIT
100,NIFTY 25574 PE,Survivor,18/02/2026 12:20,18/02/2026 12:25,65,1,77.18,15.44,115.77,59.81,5016.7,3887.65,1129.05,289763.05,Closed,22.5,25574.15,-0.332,TARGET_HIT
101,BANKNIFTY 60934 PE,Survivor,18/02/2026 12:20,18/02/2026 12:26,30,1,196.96,39.39,295.44,138.91,5908.8,4167.3,1741.5,291504.55,Closed,29.5,60934.19,-0.337,TARGET_HIT
102,SENSEX 82967 PE,Survivor,18/02/2026 12:20,18/02/2026 12:26,20,1,240.74,48.15,361.11,187.48,4814.8,3749.6,1065.2,292569.75,Closed,22.1,82967.29,-0.3267,TARGET_HIT
103,NIFTY 25582 PE,Survivor,18/02/2026 12:25,18/02/2026 12:31,65,1,78.67,15.73,118.0,59.87,5113.55,3891.55,1222.0,293791.75,Closed,23.9,25581.59,-0.3364,TARGET_HIT
104,BANKNIFTY 60941 PE,Survivor,18/02/2026 12:25,18/02/2026 12:31,30,1,199.17,39.83,298.75,132.54,5975.1,3976.2,1998.9,295790.65,Closed,33.5,60941.13,-0.34,TARGET_HIT
105,SENSEX 82991 PE,Survivor,18/02/2026 12:25,18/02/2026 12:31,20,1,246.33,49.27,369.5,195.64,4926.6,3912.8,1013.8,296804.45,Closed,20.6,82991.23,-0.3319,TARGET_HIT
106,NIFTY 25578 PE,Survivor,18/02/2026 12:31,18/02/2026 12:37,65,1,77.33,15.47,116.0,56.58,5026.45,3677.7,1348.75,298153.2,Closed,26.8,25578.5,-0.3322,TARGET_HIT
107,BANKNIFTY 60951 PE,Survivor,18/02/2026 12:31,18/02/2026 12:37,30,1,197.67,39.53,296.5,128.17,5930.1,3845.1,2085.0,300238.2,Closed,35.2,60951.04,-0.3373,TARGET_HIT
108,SENSEX 82981 PE,Survivor,18/02/2026 12:31,18/02/2026 12:37,20,1,241.33,48.27,362.0,184.65,4826.6,3693.0,1133.6,301371.8,Closed,23.5,82980.77,-0.3269,TARGET_HIT
109,NIFTY 25591 PE,Survivor,18/02/2026 12:36,18/02/2026 12:42,65,1,78.94,15.79,118.41,61.83,5131.1,4018.95,1112.15,302483.95,Closed,21.7,25590.74,-0.3368,TARGET_HIT
110,BANKNIFTY 60991 PE,Survivor,18/02/2026 12:36,18/02/2026 12:42,30,1,201.9,40.38,302.85,138.61,6057.0,4158.3,1898.7,304382.65,Closed,31.3,60990.63,-0.3412,TARGET_HIT
111,SENSEX 82994 PE,Survivor,18/02/2026 12:36,18/02/2026 12:42,20,1,246.48,49.3,369.72,184.15,4929.6,3683.0,1246.6,305629.25,Closed,25.3,82993.83,-0.332,TARGET_HIT
112,NIFTY 25580 PE,Survivor,18/02/2026 12:42,18/02/2026 12:48,65,1,77.34,15.47,116.01,57.28,5027.1,3723.2,1303.9,306933.15,Closed,25.9,25580.25,-0.3322,TARGET_HIT
113,BANKNIFTY 60972 PE,Survivor,18/02/2026 12:42,18/02/2026 12:48,30,1,198.37,39.67,297.56,129.13,5951.1,3873.9,2077.2,309010.35,Closed,34.9,60972.44,-0.3372,TARGET_HIT
114,SENSEX 82986 PE,Survivor,18/02/2026 12:42,18/02/2026 12:48,20,1,241.41,48.28,362.12,183.2,4828.2,3664.0,1164.2,310174.55,Closed,24.1,82986.12,-0.3269,TARGET_HIT
115,NIFTY 25591 PE,Survivor,18/02/2026 12:47,18/02/2026 12:53,65,1,78.95,15.79,118.43,61.03,5131.75,3966.95,1164.8,311339.35,Closed,22.7,25590.54,-0.3368,TARGET_HIT
116,BANKNIFTY 61350 CE,CPR,18/02/2026 12:47,20/02/2026 12:37,30,1,364.1,655.38,145.64,14.74,10923.0,442.2,-10480.8,300858.55,Closed,-96.0,61350,0.5131,SL_HIT
117,BANKNIFTY 61019 PE,Survivor,18/02/2026 12:47,18/02/2026 12:53,30,1,202.91,40.58,304.37,148.4,6087.3,4452.0,1635.3,302493.85,Closed,26.9,61019.18,-0.3416,TARGET_HIT
118,SENSEX 83005 PE,Survivor,18/02/2026 12:48,18/02/2026 12:53,20,1,246.81,49.36,370.22,191.71,4936.2,3834.2,1102.0,303595.85,Closed,22.3,83005.21,-0.3321,TARGET_HIT
119,NIFTY 25584 PE,Survivor,18/02/2026 12:53,18/02/2026 12:59,65,1,77.46,15.49,116.19,57.02,5034.9,3706.3,1328.6,304924.45,Closed,26.4,25584.2,-0.3324,TARGET_HIT
120,BANKNIFTY 60986 PE,Survivor,18/02/2026 12:53,18/02/2026 12:59,30,1,198.78,39.76,298.17,140.66,5963.4,4219.8,1743.6,306668.05,Closed,29.2,60986.14,-0.3374,TARGET_HIT
121,SENSEX 82971 PE,Survivor,18/02/2026 12:53,18/02/2026 12:59,20,1,240.99,48.2,361.49,175.66,4819.8,3513.2,1306.6,307974.65,Closed,27.1,82970.63,-0.3268,TARGET_HIT
122,NIFTY 25596 PE,Survivor,18/02/2026 12:59,18/02/2026 13:04,65,1,79.1,15.82,118.65,58.78,5141.5,3820.7,1320.8,309295.45,Closed,25.7,25595.74,-0.3369,TARGET_HIT
123,BANKNIFTY 60991 PE,Survivor,18/02/2026 12:59,18/02/2026 13:04,30,1,198.81,39.76,298.22,135.45,5964.3,4063.5,1900.8,311196.25,Closed,31.9,60991.04,-0.3374,TARGET_HIT
124,SENSEX 82993 PE,Survivor,18/02/2026 12:59,18/02/2026 13:04,20,1,241.67,48.33,362.5,177.15,4833.4,3543.0,1290.4,312486.65,Closed,26.7,82993.22,-0.327,TARGET_HIT
125,NIFTY 25592 PE,Survivor,18/02/2026 13:04,18/02/2026 13:10,65,1,77.74,15.55,116.61,59.36,5053.1,3858.4,1194.7,313681.35,Closed,23.6,25592.3,-0.3327,TARGET_HIT
126,BANKNIFTY 60999 PE,Survivor,18/02/2026 13:04,18/02/2026 13:10,30,1,199.15,39.83,298.73,140.95,5974.5,4228.5,1746.0,315427.35,Closed,29.2,60998.54,-0.3376,TARGET_HIT
127,SENSEX 82997 PE,Survivor,18/02/2026 13:04,18/02/2026 13:10,20,1,241.67,48.33,362.5,178.04,4833.4,3560.8,1272.6,316699.95,Closed,26.3,82996.89,-0.327,TARGET_HIT
128,NIFTY 25593 PE,Survivor,18/02/2026 13:10,18/02/2026 13:16,65,1,77.71,15.54,116.56,57.53,5051.15,3739.45,1311.7,318011.65,Closed,26.0,25593.4,-0.3327,TARGET_HIT
129,BANKNIFTY 60990 PE,Survivor,18/02/2026 13:10,18/02/2026 13:16,30,1,198.75,39.75,298.12,129.62,5962.5,3888.6,2073.9,320085.55,Closed,34.8,60990.44,-0.3374,TARGET_HIT
130,SENSEX 82991 PE,Survivor,18/02/2026 13:10,18/02/2026 13:16,20,1,241.59,48.32,362.38,174.99,4831.8,3499.8,1332.0,321417.55,Closed,27.6,82991.04,-0.327,TARGET_HIT
131,NIFTY 25603 PE,Survivor,18/02/2026 13:15,18/02/2026 13:21,65,1,79.36,15.87,119.04,58.23,5158.4,3784.95,1373.45,322791.0,Closed,26.6,25603.39,-0.3372,TARGET_HIT
132,BANKNIFTY 61022 PE,Survivor,18/02/2026 13:15,18/02/2026 13:21,30,1,203.1,40.62,304.65,135.51,6093.0,4065.3,2027.7,324818.7,Closed,33.3,61022.23,-0.3417,TARGET_HIT
133,SENSEX 83029 PE,Survivor,18/02/2026 13:15,18/02/2026 13:21,20,1,247.43,49.49,371.14,183.46,4948.6,3669.2,1279.4,326098.1,Closed,25.9,83029.34,-0.3323,TARGET_HIT
134,NIFTY 25608 PE,Survivor,18/02/2026 13:21,18/02/2026 13:27,65,1,78.21,15.64,117.31,64.8,5083.65,4212.0,871.65,326969.75,Closed,17.1,25607.55,-0.3333,TARGET_HIT
135,BANKNIFTY 61350 CE,Gamma Blast,18/02/2026 13:21,20/02/2026 12:37,30,1,338.8,847.0,101.64,14.74,10164.0,442.2,-9721.8,317247.95,Closed,-95.6,61350,0.516,SL_HIT
136,BANKNIFTY 61025 PE,Survivor,18/02/2026 13:21,18/02/2026 13:27,30,1,200.41,40.08,300.62,146.85,6012.3,4405.5,1606.8,318854.75,Closed,26.7,61024.88,-0.338,TARGET_HIT
137,SENSEX 83061 PE,Survivor,18/02/2026 13:21,18/02/2026 13:27,20,1,243.74,48.75,365.61,206.89,4874.8,4137.8,737.0,319591.75,Closed,15.1,83060.63,-0.3278,TARGET_HIT
138,NIFTY 25595 PE,Survivor,18/02/2026 13:26,18/02/2026 13:37,65,1,79.1,15.82,118.65,63.52,5141.5,4128.8,1012.7,320604.45,Closed,19.7,25595.29,-0.3369,TARGET_HIT
139,BANKNIFTY 61004 PE,Survivor,18/02/2026 13:26,18/02/2026 13:37,30,1,202.26,40.45,303.39,146.67,6067.8,4400.1,1667.7,322272.15,Closed,27.5,61004.23,-0.3413,TARGET_HIT
140,SENSEX 82990 PE,Survivor,18/02/2026 13:26,18/02/2026 13:38,20,1,246.17,49.23,369.25,196.86,4923.4,3937.2,986.2,323258.35,Closed,20.0,82990.24,-0.3318,TARGET_HIT
141,NIFTY 25586 PE,Survivor,18/02/2026 13:37,18/02/2026 13:43,65,1,77.52,15.5,116.28,60.86,5038.8,3955.9,1082.9,324341.25,Closed,21.5,25586.1,-0.3325,TARGET_HIT
142,BANKNIFTY 60973 PE,Survivor,18/02/2026 13:37,18/02/2026 13:43,30,1,197.76,39.55,296.64,134.78,5932.8,4043.4,1889.4,326230.65,Closed,31.8,60972.59,-0.3367,TARGET_HIT
143,SENSEX 82948 PE,Survivor,18/02/2026 13:37,18/02/2026 13:43,20,1,240.33,48.07,360.5,182.76,4806.6,3655.2,1151.4,327382.05,Closed,24.0,82948.23,-0.3265,TARGET_HIT
144,NIFTY 25581 PE,Survivor,18/02/2026 13:43,18/02/2026 13:49,65,1,77.37,15.47,116.06,54.81,5029.05,3562.65,1466.4,328848.45,Closed,29.2,25580.8,-0.3323,TARGET_HIT
145,BANKNIFTY 60978 PE,Survivor,18/02/2026 13:43,18/02/2026 13:49,30,1,198.14,39.63,297.21,128.58,5944.2,3857.4,2086.8,330935.25,Closed,35.1,60978.49,-0.3369,TARGET_HIT
146,SENSEX 82946 PE,Survivor,18/02/2026 13:43,18/02/2026 13:49,20,1,240.21,48.04,360.31,172.03,4804.2,3440.6,1363.6,332298.85,Closed,28.4,82946.01,-0.3265,TARGET_HIT
147,NIFTY 25593 PE,Survivor,18/02/2026 13:48,18/02/2026 13:54,65,1,77.77,15.55,116.66,67.01,5055.05,4355.65,699.4,332998.25,Closed,13.8,25592.95,-0.3327,TARGET_HIT
148,BANKNIFTY 61006 PE,Survivor,18/02/2026 13:48,18/02/2026 13:54,30,1,199.36,39.87,299.04,157.51,5980.8,4725.3,1255.5,334253.75,Closed,21.0,61006.14,-0.3374,TARGET_HIT
149,SENSEX 83008 PE,Survivor,18/02/2026 13:48,18/02/2026 13:54,20,1,242.13,48.43,363.19,211.01,4842.6,4220.2,622.4,334876.15,Closed,12.9,83008.29,-0.3272,TARGET_HIT
150,NIFTY 25568 PE,Survivor,18/02/2026 13:54,18/02/2026 14:00,65,1,76.96,15.39,115.44,53.79,5002.4,3496.35,1506.05,336382.2,Closed,30.1,25568.15,-0.3318,TARGET_HIT
151,BANKNIFTY 60943 PE,Survivor,18/02/2026 13:54,18/02/2026 14:00,30,1,196.55,39.31,294.83,126.36,5896.5,3790.8,2105.7,338487.9,Closed,35.7,60943.24,-0.3361,TARGET_HIT
152,SENSEX 82927 PE,Survivor,18/02/2026 13:54,18/02/2026 14:00,20,1,239.72,47.94,359.58,175.62,4794.4,3512.4,1282.0,339769.9,Closed,26.7,82926.8,-0.3263,TARGET_HIT
153,NIFTY 25585 PE,Survivor,18/02/2026 13:59,18/02/2026 14:05,65,1,77.52,15.5,116.28,57.49,5038.8,3736.85,1301.95,341071.85,Closed,25.8,25584.9,-0.3324,TARGET_HIT
154,BANKNIFTY 60980 PE,Survivor,18/02/2026 13:59,18/02/2026 14:05,30,1,198.05,39.61,297.08,134.64,5941.5,4039.2,1902.3,342974.15,Closed,32.0,60980.04,-0.3368,TARGET_HIT
155,SENSEX 82970 PE,Survivor,18/02/2026 13:59,18/02/2026 14:05,20,1,240.97,48.19,361.45,176.87,4819.4,3537.4,1282.0,344256.15,Closed,26.6,82970.05,-0.3268,TARGET_HIT
156,NIFTY 25586 PE,Survivor,18/02/2026 14:05,18/02/2026 14:11,65,1,77.54,15.51,116.31,55.48,5040.1,3606.2,1433.9,345690.05,Closed,28.4,25585.8,-0.3325,TARGET_HIT
157,BANKNIFTY 60978 PE,Survivor,18/02/2026 14:05,18/02/2026 14:11,30,1,198.52,39.7,297.78,131.2,5955.6,3936.0,2019.6,347709.65,Closed,33.9,60978.29,-0.337,TARGET_HIT
158,SENSEX 82948 PE,Survivor,18/02/2026 14:05,18/02/2026 14:11,20,1,240.37,48.07,360.56,165.65,4807.4,3313.0,1494.4,349204.05,Closed,31.1,82948.44,-0.3265,TARGET_HIT
159,NIFTY 25601 PE,Survivor,18/02/2026 14:10,18/02/2026 14:16,65,1,79.27,15.85,118.91,55.12,5152.55,3582.8,1569.75,350773.8,Closed,30.5,25600.84,-0.3371,TARGET_HIT
160,BANKNIFTY 61007 PE,Survivor,18/02/2026 14:10,18/02/2026 14:16,30,1,202.33,40.47,303.5,129.63,6069.9,3888.9,2181.0,352954.8,Closed,35.9,61007.33,-0.3414,TARGET_HIT
161,SENSEX 83028 PE,Survivor,18/02/2026 14:10,18/02/2026 14:16,20,1,247.46,49.49,371.19,170.67,4949.2,3413.4,1535.8,354490.6,Closed,31.0,83027.67,-0.3323,TARGET_HIT
162,NIFTY 25613 PE,Survivor,18/02/2026 14:16,18/02/2026 14:22,65,1,78.35,15.67,117.52,50.54,5092.75,3285.1,1807.65,356298.25,Closed,35.5,25613.27,-0.3334,TARGET_HIT
163,BANKNIFTY 61025 PE,Survivor,18/02/2026 14:16,18/02/2026 14:22,30,1,200.43,40.09,300.64,112.04,6012.9,3361.2,2651.7,358949.95,Closed,44.1,61025.24,-0.3379,TARGET_HIT
164,SENSEX 83062 PE,Survivor,18/02/2026 14:16,18/02/2026 14:22,20,1,243.66,48.73,365.49,151.68,4873.2,3033.6,1839.6,360789.55,Closed,37.7,83061.56,-0.3278,TARGET_HIT
165,NIFTY 25800 CE,CPR,18/02/2026 14:22,20/02/2026 10:03,65,1,137.09,246.76,54.84,26.62,8910.85,1730.3,-7180.55,353609.0,Closed,-80.6,25800,0.4915,SL_HIT
166,NIFTY 25800 CE,Ghost Zone,18/02/2026 14:22,20/02/2026 10:03,65,1,137.09,178.22,54.84,26.29,8910.85,1708.85,-7202.0,346407.0,Closed,-80.8,25800,0.4915,SL_HIT
167,NIFTY 25640 PE,Survivor,18/02/2026 14:22,18/02/2026 14:28,65,1,79.01,15.8,118.52,55.94,5135.65,3636.1,1499.55,347906.55,Closed,29.2,25639.78,-0.3336,TARGET_HIT
168,BANKNIFTY 61450 CE,CPR,18/02/2026 14:22,20/02/2026 12:37,30,1,372.51,670.52,149.0,10.43,11175.3,312.9,-10862.4,337044.15,Closed,-97.2,61450,0.5153,SL_HIT
169,BANKNIFTY 61450 CE,Gamma Blast,18/02/2026 14:22,20/02/2026 12:37,30,1,338.02,845.05,101.41,10.43,10140.6,312.9,-9827.7,327216.45,Closed,-96.9,61450,0.5108,SL_HIT
170,BANKNIFTY 61450 PE,Ghost Zone,18/02/2026 14:22,20/02/2026 12:37,30,1,344.68,448.08,137.87,1257.37,10340.4,37721.1,27380.7,354597.15,Closed,264.8,61450,-0.4847,TARGET_HIT
171,BANKNIFTY 61112 PE,Survivor,18/02/2026 14:22,18/02/2026 14:28,30,1,203.79,40.76,305.69,124.24,6113.7,3727.2,2386.5,356983.65,Closed,39.0,61111.53,-0.3387,TARGET_HIT
172,SENSEX 83600 CE,CPR,18/02/2026 14:22,20/02/2026 10:03,20,1,463.72,834.7,185.49,72.7,9274.4,1454.0,-7820.4,349163.25,Closed,-84.3,83600,0.5112,SL_HIT
173,SENSEX 83600 CE,Ghost Zone,18/02/2026 14:22,20/02/2026 10:03,20,1,463.72,602.84,185.49,71.87,9274.4,1437.4,-7837.0,341326.25,Closed,-84.5,83600,0.5112,SL_HIT
174,SENSEX 83130 PE,Survivor,18/02/2026 14:22,18/02/2026 14:28,20,1,245.77,49.15,368.66,167.85,4915.4,3357.0,1558.4,342884.65,Closed,31.7,83130.1,-0.3284,TARGET_HIT
175,NIFTY 25655 PE,Survivor,18/02/2026 14:27,18/02/2026 14:34,65,1,81.06,16.21,121.59,62.63,5268.9,4070.95,1197.95,344082.6,Closed,22.7,25655.49,-0.3392,TARGET_HIT
176,BANKNIFTY 61500 CE,CPR,18/02/2026 14:27,20/02/2026 10:03,30,1,375.62,676.12,150.25,109.32,11268.6,3279.6,-7989.0,336093.6,Closed,-70.9,61500,0.5152,SL_HIT
177,BANKNIFTY 61500 PE,Ghost Zone,18/02/2026 14:27,20/02/2026 12:37,30,1,347.67,451.97,139.07,1305.65,10430.1,39169.5,28739.4,364833.0,Closed,275.5,61500,-0.4848,TARGET_HIT
178,BANKNIFTY 61174 PE,Survivor,18/02/2026 14:27,18/02/2026 14:34,30,1,211.04,42.21,316.56,147.01,6331.2,4410.3,1920.9,366753.9,Closed,30.3,61174.43,-0.3452,TARGET_HIT
179,SENSEX 83700 CE,CPR,18/02/2026 14:27,20/02/2026 10:04,20,1,448.92,808.06,179.57,57.31,8978.4,1146.2,-7832.2,358921.7,Closed,-87.2,83700,0.499,SL_HIT
180,SENSEX 83212 PE,Survivor,18/02/2026 14:28,18/02/2026 14:34,20,1,253.73,50.75,380.59,204.49,5074.6,4089.8,984.8,359906.5,Closed,19.4,83212.02,-0.3346,TARGET_HIT
181,NIFTY 25646 PE,Survivor,18/02/2026 14:33,18/02/2026 14:39,65,1,79.13,15.83,118.69,61.03,5143.45,3966.95,1176.5,361083.0,Closed,22.9,25646.42,-0.3336,TARGET_HIT
182,BANKNIFTY 61500 CE,Gamma Blast,18/02/2026 14:33,20/02/2026 12:37,30,1,337.43,843.58,101.23,8.73,10122.9,261.9,-9861.0,351222.0,Closed,-97.4,61500,0.508,SL_HIT
183,BANKNIFTY 61154 PE,Survivor,18/02/2026 14:33,18/02/2026 14:39,30,1,205.45,41.09,308.17,142.96,6163.5,4288.8,1874.7,353096.7,Closed,30.4,61153.7,-0.3389,TARGET_HIT
184,SENSEX 83175 PE,Survivor,18/02/2026 14:33,18/02/2026 14:39,20,1,246.99,49.4,370.49,191.97,4939.8,3839.4,1100.4,354197.1,Closed,22.3,83175.41,-0.3287,TARGET_HIT
185,NIFTY 25642 PE,Survivor,18/02/2026 14:39,18/02/2026 14:45,65,1,78.93,15.79,118.4,59.98,5130.45,3898.7,1231.75,355428.85,Closed,24.0,25641.58,-0.3333,TARGET_HIT
186,BANKNIFTY 61135 PE,Survivor,18/02/2026 14:39,18/02/2026 14:45,30,1,204.65,40.93,306.98,129.49,6139.5,3884.7,2254.8,357683.65,Closed,36.7,61134.95,-0.3386,TARGET_HIT
187,SENSEX 83150 PE,Survivor,18/02/2026 14:39,18/02/2026 14:45,20,1,246.11,49.22,369.17,183.25,4922.2,3665.0,1257.2,358940.85,Closed,25.5,83150.28,-0.3283,TARGET_HIT
188,NIFTY 25644 PE,Survivor,18/02/2026 14:44,18/02/2026 14:51,65,1,80.63,16.13,120.94,58.78,5240.95,3820.7,1420.25,360361.1,Closed,27.1,25644.09,-0.3387,TARGET_HIT
189,BANKNIFTY 61173 PE,Survivor,18/02/2026 14:44,18/02/2026 14:51,30,1,210.42,42.08,315.63,142.78,6312.6,4283.4,2029.2,362390.3,Closed,32.1,61172.68,-0.3449,TARGET_HIT
190,SENSEX 83157 PE,Survivor,18/02/2026 14:45,18/02/2026 14:51,20,1,251.71,50.34,377.56,184.78,5034.2,3695.6,1338.6,363728.9,Closed,26.6,83156.82,-0.3339,TARGET_HIT
191,NIFTY 25637 PE,Survivor,18/02/2026 14:50,18/02/2026 14:57,65,1,78.8,15.76,118.2,54.11,5122.0,3517.15,1604.85,365333.75,Closed,31.3,25636.98,-0.3332,TARGET_HIT
192,BANKNIFTY 61147 PE,Survivor,18/02/2026 14:50,18/02/2026 14:57,30,1,205.1,41.02,307.65,125.35,6153.0,3760.5,2392.5,367726.25,Closed,38.9,61147.05,-0.3388,TARGET_HIT
193,SENSEX 83128 PE,Survivor,18/02/2026 14:50,18/02/2026 14:57,20,1,245.37,49.07,368.06,167.95,4907.4,3359.0,1548.4,369274.65,Closed,31.6,83127.84,-0.328,TARGET_HIT
194,NIFTY 25652 PE,Survivor,18/02/2026 14:56,18/02/2026 15:02,65,1,79.32,15.86,118.98,52.27,5155.8,3397.55,1758.25,371032.9,Closed,34.1,25651.63,-0.3338,TARGET_HIT
195,BANKNIFTY 61550 CE,CPR,18/02/2026 14:56,20/02/2026 10:04,30,1,368.89,664.0,147.56,99.69,11066.7,2990.7,-8076.0,362956.9,Closed,-73.0,61550,0.5077,SL_HIT
196,BANKNIFTY 61550 CE,Gamma Blast,18/02/2026 14:56,20/02/2026 10:10,30,1,334.07,835.17,100.22,94.9,10022.1,2847.0,-7175.1,355781.8,Closed,-71.6,61550,0.5027,SL_HIT
197,BANKNIFTY 61550 PE,Ghost Zone,18/02/2026 14:56,20/02/2026 12:37,30,1,358.02,465.43,143.21,1354.18,10740.6,40625.4,29884.8,385666.6,Closed,278.2,61550,-0.4923,TARGET_HIT
198,BANKNIFTY 61192 PE,Survivor,18/02/2026 14:56,18/02/2026 15:03,30,1,207.34,41.47,311.01,133.85,6220.2,4015.5,2204.7,387871.3,Closed,35.4,61191.65,-0.3395,TARGET_HIT
199,SENSEX 83700 CE,Ghost Zone,18/02/2026 14:56,20/02/2026 10:04,20,1,454.44,590.77,181.78,56.74,9088.8,1134.8,-7954.0,379917.3,Closed,-87.5,83700,0.5027,SL_HIT
200,SENSEX 83205 PE,Survivor,18/02/2026 14:56,18/02/2026 15:03,20,1,247.84,49.57,371.76,165.11,4956.8,3302.2,1654.6,381571.9,Closed,33.4,83204.63,-0.3289,TARGET_HIT
201,NIFTY 25673 PE,Survivor,18/02/2026 15:02,18/02/2026 15:08,65,1,79.74,15.95,119.61,57.57,5183.1,3742.05,1441.05,383012.95,Closed,27.8,25672.56,-0.3335,TARGET_HIT
202,BANKNIFTY 61212 PE,Survivor,18/02/2026 15:02,18/02/2026 15:08,30,1,207.88,41.58,311.82,142.32,6236.4,4269.6,1966.8,384979.75,Closed,31.5,61211.77,-0.3393,TARGET_HIT
203,SENSEX 83273 PE,Survivor,18/02/2026 15:02,18/02/2026 15:08,20,1,249.56,49.91,374.34,191.93,4991.2,3838.6,1152.6,386132.35,Closed,23.1,83273.24,-0.3289,TARGET_HIT
204,NIFTY 25678 PE,Survivor,18/02/2026 15:08,18/02/2026 15:14,65,1,79.93,15.99,119.9,58.33,5195.45,3791.45,1404.0,387536.35,Closed,27.0,25677.56,-0.3337,TARGET_HIT
205,BANKNIFTY 61189 PE,Survivor,18/02/2026 15:08,18/02/2026 15:14,30,1,206.77,41.35,310.16,131.25,6203.1,3937.5,2265.6,389801.95,Closed,36.5,61188.57,-0.3388,TARGET_HIT
206,SENSEX 83800 CE,CPR,18/02/2026 15:08,20/02/2026 10:04,20,1,448.45,807.21,179.38,46.69,8969.0,933.8,-8035.2,381766.75,Closed,-89.6,83800,0.4962,SL_HIT
207,SENSEX 83800 CE,Ghost Zone,18/02/2026 15:08,20/02/2026 10:04,20,1,448.45,582.99,179.38,46.83,8969.0,936.6,-8032.4,373734.35,Closed,-89.6,83800,0.4962,SL_HIT
208,SENSEX 83282 PE,Survivor,18/02/2026 15:08,18/02/2026 15:14,20,1,249.73,49.95,374.59,184.99,4994.6,3699.8,1294.8,375029.15,Closed,25.9,83282.1,-0.3289,TARGET_HIT
209,NIFTY 25679 PE,Survivor,18/02/2026 15:14,18/02/2026 15:20,65,1,79.94,15.99,119.91,59.26,5196.1,3851.9,1344.2,376373.35,Closed,25.9,25678.86,-0.3337,TARGET_HIT
210,BANKNIFTY 61187 PE,Survivor,18/02/2026 15:14,18/02/2026 15:20,30,1,206.68,41.34,310.02,132.77,6200.4,3983.1,2217.3,378590.65,Closed,35.8,61187.22,-0.3387,TARGET_HIT
211,SENSEX 83268 PE,Survivor,18/02/2026 15:14,18/02/2026 15:20,20,1,249.26,49.85,373.89,181.87,4985.2,3637.4,1347.8,379938.45,Closed,27.0,83268.22,-0.3288,TARGET_HIT
212,NIFTY 25682 PE,Survivor,18/02/2026 15:20,18/02/2026 15:26,65,1,82.07,16.41,123.1,61.96,5334.55,4027.4,1307.15,381245.6,Closed,24.5,25682.09,-0.3403,TARGET_HIT
213,BANKNIFTY 61208 PE,Survivor,18/02/2026 15:20,18/02/2026 15:26,30,1,207.73,41.55,311.59,140.02,6231.9,4200.6,2031.3,383276.9,Closed,32.6,61208.32,-0.3392,TARGET_HIT
214,SENSEX 83278 PE,Survivor,18/02/2026 15:20,18/02/2026 15:26,20,1,249.66,49.93,374.49,190.8,4993.2,3816.0,1177.2,384454.1,Closed,23.6,83278.18,-0.3289,TARGET_HIT
215,NIFTY 25676 PE,Survivor,18/02/2026 15:25,20/02/2026 10:04,65,1,81.85,16.37,122.77,223.34,5320.25,14517.1,-9196.85,375257.25,Closed,-172.9,25675.94,-0.34,SL_HIT
216,BANKNIFTY 61215 PE,Survivor,18/02/2026 15:25,20/02/2026 10:04,30,1,213.26,42.65,319.89,374.3,6397.8,11229.0,-4831.2,370426.05,Closed,-75.5,61214.88,-0.3461,TARGET_HIT
217,SENSEX 83269 PE,Survivor,18/02/2026 15:26,20/02/2026 10:04,20,1,255.89,51.18,383.83,790.28,5117.8,15805.6,-10687.8,359738.25,Closed,-208.8,83268.85,-0.3354,SL_HIT
218,NIFTY 25500 CE,CPR,20/02/2026 10:02,-- OPEN --,65,1,100.66,181.19,40.26,,6542.9,,0.0,359738.25,Open,0.0,25500,0.5182,
219,NIFTY 25500 CE,Ghost Zone,20/02/2026 10:02,-- OPEN --,65,1,100.66,130.86,40.26,,6542.9,,0.0,359738.25,Open,0.0,25500,0.5182,
220,BANKNIFTY 61050 CE,CPR,20/02/2026 10:02,20/02/2026 12:37,30,1,244.99,440.98,98.0,2.39,7349.7,71.7,-7278.0,352460.25,Closed,-99.0,61050,0.5096,SL_HIT
221,SENSEX 82600 PE,CPR,20/02/2026 10:03,20/02/2026 12:21,20,1,289.0,520.2,115.6,59.63,5780.0,1192.6,-4587.4,347872.85,Closed,-79.4,82600,-0.4823,SL_HIT
222,SENSEX 82600 CE,Ghost Zone,20/02/2026 10:03,-- OPEN --,20,1,319.39,415.21,127.76,,6387.8,,0.0,347872.85,Open,0.0,82600,0.5177,
223,BANKNIFTY 61000 CE,CPR,20/02/2026 10:09,20/02/2026 12:37,30,1,245.97,442.75,98.39,3.35,7379.1,100.5,-7278.6,340594.25,Closed,-98.6,61000,0.5125,SL_HIT
224,SENSEX 82500 PE,CPR,20/02/2026 10:09,20/02/2026 10:40,20,1,285.2,513.36,114.08,80.53,5704.0,1610.6,-4093.4,336500.85,Closed,-71.8,82500,-0.4784,SL_HIT
225,SENSEX 82500 CE,Ghost Zone,20/02/2026 10:09,20/02/2026 12:26,20,1,322.85,419.71,129.14,660.12,6457.0,13202.4,6745.4,343246.25,Closed,104.5,82500,0.5216,TARGET_HIT
226,NIFTY 25550 CE,CPR,20/02/2026 10:21,-- OPEN --,65,1,91.65,164.97,36.66,,5957.25,,0.0,343246.25,Open,0.0,25550,0.4874,
227,NIFTY 25550 CE,Ghost Zone,20/02/2026 10:21,-- OPEN --,65,1,91.65,119.15,36.66,,5957.25,,0.0,343246.25,Open,0.0,25550,0.4874,
228,BANKNIFTY 61100 CE,CPR,20/02/2026 10:21,20/02/2026 12:37,30,1,254.28,457.7,101.71,1.68,7628.4,50.4,-7578.0,335668.25,Closed,-99.3,61100,0.5189,SL_HIT
229,SENSEX 82700 CE,CPR,20/02/2026 10:21,-- OPEN --,20,1,324.21,583.58,129.68,,6484.2,,0.0,335668.25,Open,0.0,82700,0.522,
230,SENSEX 82700 CE,Ghost Zone,20/02/2026 10:22,-- OPEN --,20,1,324.21,421.47,129.68,,6484.2,,0.0,335668.25,Open,0.0,82700,0.522,
231,BANKNIFTY 61150 CE,CPR,20/02/2026 10:27,20/02/2026 11:41,30,1,248.39,447.1,99.36,1.17,7451.7,35.1,-7416.6,328251.65,Closed,-99.5,61150,0.5098,SL_HIT
232,SENSEX 82800 CE,CPR,20/02/2026 10:27,-- OPEN --,20,1,327.33,589.19,130.93,,6546.6,,0.0,328251.65,Open,0.0,82800,0.5242,
233,SENSEX 82800 CE,Ghost Zone,20/02/2026 10:27,-- OPEN --,20,1,327.33,425.53,130.93,,6546.6,,0.0,328251.65,Open,0.0,82800,0.5242,
234,NIFTY 25600 CE,CPR,20/02/2026 10:45,20/02/2026 11:41,65,1,101.47,182.65,40.59,22.63,6595.55,1470.95,-5124.6,323127.05,Closed,-77.7,25600,0.5172,SL_HIT
235,NIFTY 25600 CE,Ghost Zone,20/02/2026 10:45,20/02/2026 11:41,65,1,101.47,131.91,40.59,22.63,6595.55,1470.95,-5124.6,318002.45,Closed,-77.7,25600,0.5172,SL_HIT
236,SENSEX 82900 CE,CPR,20/02/2026 10:45,-- OPEN --,20,1,335.12,603.22,134.05,,6702.4,,0.0,318002.45,Open,0.0,82900,0.5307,
237,SENSEX 82900 CE,Ghost Zone,20/02/2026 10:45,-- OPEN --,20,1,335.12,435.66,134.05,,6702.4,,0.0,318002.45,Open,0.0,82900,0.5307,
238,NIFTY 25600 CE,CPR,20/02/2026 11:52,20/02/2026 12:37,65,1,96.71,174.08,38.68,22.63,6286.15,1470.95,-4815.2,313187.25,Closed,-76.6,25600,0.5021,SL_HIT
239,NIFTY 25600 CE,Ghost Zone,20/02/2026 11:52,20/02/2026 12:37,65,1,96.71,125.72,38.68,22.63,6286.15,1470.95,-4815.2,308372.05,Closed,-76.6,25600,0.5021,SL_HIT
240,SENSEX 83100 CE,CPR,20/02/2026 12:20,20/02/2026 12:37,20,1,295.92,532.66,118.37,58.65,5918.4,1173.0,-4745.4,303626.65,Closed,-80.2,83100,0.4889,SL_HIT
241,SENSEX 83100 CE,Ghost Zone,20/02/2026 12:20,20/02/2026 12:37,20,1,295.92,384.7,118.37,58.65,5918.4,1173.0,-4745.4,298881.25,Closed,-80.2,83100,0.4889,SL_HIT
242,NIFTY 25450 PE,CPR,20/02/2026 12:37,-- OPEN --,65,1,83.2,149.76,33.28,,5408.0,,0.0,298881.25,Open,0.0,25450,-0.4555,
243,NIFTY 25450 CE,Ghost Zone,20/02/2026 12:37,-- OPEN --,65,1,108.83,141.48,43.53,,7073.95,,0.0,298881.25,Open,0.0,25450,0.5445,
244,BANKNIFTY 60200 PE,CPR,20/02/2026 12:37,-- OPEN --,30,1,226.08,406.94,90.43,,6782.4,,0.0,298881.25,Open,0.0,60200,-0.5,
245,BANKNIFTY 60200 CE,Ghost Zone,20/02/2026 12:37,-- OPEN --,30,1,223.45,290.49,89.38,,6703.5,,0.0,298881.25,Open,0.0,60200,0.5,
246,SENSEX 82600 PE,CPR,20/02/2026 12:37,-- OPEN --,20,1,283.7,510.66,113.48,,5674.0,,0.0,298881.25,Open,0.0,82600,-0.4765,
