DateTime,Open,High,Low,Close,Volume
2021-03-05,50517.36,50886.19,50160.54,50405.32,0
2021-03-08,50654.02,50985.77,50318.26,50441.07,0
2021-03-09,50714.16,51111.94,50396.1,51025.48,0
2021-03-10,51404.68,51430.43,51048.93,51279.51,0
2021-03-12,51660.98,51821.84,50538.43,50792.08,0
2021-03-15,50773.47,50834.78,49799.07,50395.08,0
2021-03-16,50608.42,50857.98,50289.44,50363.96,0
2021-03-17,50436.02,50561.12,49718.65,49801.62,0
2021-03-18,50161.25,50296.35,48962.36,49216.52,0
2021-03-19,48881.19,50003.58,48586.93,49858.24,0
2021-03-22,49878.77,49878.77,49281.02,49771.29,0
2021-03-23,49876.21,50264.65,49661.92,50051.44,0
2021-03-24,49786.47,49854.58,49120.34,49180.31,0
2021-03-25,49201.98,49247.95,48236.35,48440.12,0
2021-03-26,48969.25,49234.66,48699.91,49008.5,0
2021-03-30,49331.68,50268.45,49331.68,50136.58,0
2021-03-31,50049.12,50050.32,49442.5,49509.15,0
2021-04-01,49868.53,50092.48,49478.53,50029.83,0
2021-04-05,50020.91,50028.67,48580.8,49159.32,0
2021-04-06,49441.13,49582.26,48936.35,49201.39,0
2021-04-07,49277.09,49900.13,49093.9,49661.76,0
2021-04-08,49885.26,50118.08,49581.61,49746.21,0
2021-04-09,49743.39,49906.91,49461.01,49591.32,0
2021-04-12,48956.65,48956.65,47693.44,47883.38,0
2021-04-13,47991.53,48627.43,47775.32,48544.06,0
2021-04-15,48512.77,48887.85,48010.55,48803.68,0
2021-04-16,48935.74,49089.55,48694.49,48832.03,0
2021-04-19,47940.81,48020.79,47362.71,47949.42,0
2021-04-20,48473.04,48478.34,47438.5,47705.8,0
2021-04-22,47501.71,48143.16,47204.5,48080.67,0
2021-04-23,47863.81,48265.39,47669.55,47878.45,0
2021-04-26,48197.37,48667.98,48152.24,48386.51,0
2021-04-27,48424.08,49009.26,48399.53,48944.14,0
2021-04-28,49066.64,49801.48,49066.64,49733.84,0
2021-04-29,50093.86,50375.77,49535.98,49765.94,0
2021-04-30,49360.89,49569.42,48698.08,48782.36,0
2021-05-03,48356.01,48863.23,48028.07,48718.52,0
2021-05-04,48881.63,48996.53,48149.45,48253.51,0
2021-05-05,48569.12,48742.72,48254.32,48677.55,0
2021-05-06,48877.78,49011.31,48614.11,48949.76,0
2021-05-07,49169.14,49417.64,49036.38,49206.47,0
2021-05-10,49496.05,49617.47,49412.05,49502.41,0
2021-05-11,49066.45,49304.47,48988.18,49161.81,0
2021-05-12,49171.28,49171.28,48550.72,48690.8,0
2021-05-14,48898.93,48898.93,48473.43,48732.55,0
2021-05-17,48990.7,49628.42,48923.13,49580.73,0
2021-05-18,49986.68,50313.25,49959.2,50193.33,0
2021-05-19,50088.81,50279.01,49831.4,49902.64,0
2021-05-20,49971.52,50099.17,49496.78,49564.86,0
2021-05-21,49833.98,50591.12,49832.72,50540.48,0
2021-05-24,50727.28,50857.59,50465.9,50651.9,0
2021-05-25,50922.32,50961.35,50474.34,50637.53,0
2021-05-26,50899.58,51072.61,50620.45,51017.52,0
2021-05-27,51128.8,51282.9,50891.66,51115.22,0
2021-05-28,51381.27,51529.32,51258.69,51422.88,0
2021-05-31,51476.22,52013.22,51179.94,51937.44,0
2021-06-01,52067.51,52228.65,51808.88,51934.88,0
2021-06-02,51749.1,51913.92,51450.58,51849.48,0
2021-06-03,52121.58,52273.23,51942.2,52232.43,0
2021-06-04,52367.52,52389.02,51952.7,52100.05,0
2021-06-07,52231.38,52378.69,52054.76,52328.51,0
2021-06-08,52428.72,52432.43,52135.04,52275.57,0
2021-06-09,52401.41,52446.92,51717.07,51941.64,0
2021-06-10,52143.9,52346.35,51957.92,52300.47,0
2021-06-11,52477.19,52641.53,52388.95,52474.76,0
2021-06-14,52492.34,52590.92,51936.31,52551.53,0
2021-06-15,52751.83,52869.51,52671.29,52773.05,0
2021-06-16,52782.21,52816.31,52425.57,52501.98,0
2021-06-17,52122.25,52523.88,52040.51,52323.33,0
2021-06-18,52568.07,52586.41,51601.11,52344.45,0
2021-06-21,51887.55,52629.18,51740.19,52574.46,0
2021-06-22,52885.04,53057.11,52520.55,52588.71,0
2021-06-23,52912.35,52912.35,52264.12,52306.08,0
2021-06-24,52514.57,52830.68,52385.05,52699.0,0
2021-06-25,52877.16,52973.07,52614.49,52925.04,0
2021-06-28,53126.73,53126.73,52673.5,52735.59,0
2021-06-29,52795.76,52816.42,52477.77,52549.66,0
2021-06-30,52651.09,52875.92,52448.64,52482.71,0
2021-07-01,52638.5,52638.5,52281.01,52318.6,0
2021-07-02,52434.55,52527.9,52177.68,52484.67,0
2021-07-05,52682.89,52919.17,52604.35,52880.0,0
2021-07-06,52874.85,53129.37,52804.18,52861.18,0
2021-07-07,52919.71,53105.41,52751.76,53054.76,0
2021-07-08,53065.69,53103.03,52428.84,52568.94,0
2021-07-09,52508.24,52555.73,52228.01,52386.19,0
2021-07-12,52634.33,52700.51,52208.96,52372.69,0
2021-07-13,52694.89,52806.86,52545.68,52769.73,0
2021-07-14,52801.44,52978.58,52611.97,52904.05,0
2021-07-15,52968.89,53266.12,52948.43,53158.85,0
2021-07-16,53244.4,53290.81,52997.09,53140.06,0
2021-07-19,52606.99,52821.17,52405.89,52553.4,0
2021-07-20,52432.88,52465.03,52013.51,52198.51,0
2021-07-22,52494.56,52867.26,52471.23,52837.21,0
2021-07-23,52967.87,53114.7,52653.77,52975.8,0
2021-07-26,52985.26,53103.42,52783.63,52852.27,0
2021-07-27,52995.72,53024.7,52433.18,52578.76,0
2021-07-28,52673.69,52673.69,51802.73,52443.71,0
2021-07-29,52693.53,52777.18,52561.39,52653.07,0
2021-07-30,52792.36,52910.23,52533.91,52586.84,0
2021-08-02,52901.28,52986.77,52804.08,52950.63,0
2021-08-03,53125.97,53887.98,53088.35,53823.36,0
2021-08-04,54071.22,54465.91,54034.31,54369.77,0
2021-08-05,54576.64,54717.24,54230.89,54492.84,0
2021-08-06,54492.17,54633.58,54210.33,54277.72,0
2021-08-09,54385.71,54584.73,54124.27,54402.85,0
2021-08-10,54461.31,54779.66,54308.77,54554.66,0
2021-08-11,54730.65,54758.74,54167.2,54525.93,0
2021-08-12,54641.22,54874.1,54536.65,54843.98,0
2021-08-13,54911.95,55487.79,54905.49,55437.29,0
2021-08-16,55479.74,55680.75,55281.02,55582.58,0
2021-08-17,55565.64,55854.88,55386.49,55792.27,0
2021-08-18,56073.31,56118.57,55514.89,55629.49,0
2021-08-20,55159.13,55543.16,55013.98,55329.32,0
2021-08-23,55695.84,55781.17,55240.29,55555.79,0
2021-08-24,55647.11,56023.22,55536.84,55958.98,0
2021-08-25,56067.06,56198.13,55899.96,55944.21,0
2021-08-26,55988.41,56112.39,55854.07,55949.1,0
2021-08-27,55862.93,56188.23,55675.87,56124.72,0
2021-08-30,56329.25,56958.27,56309.86,56889.76,0
2021-08-31,56995.15,57625.26,56859.1,57552.39,0
2021-09-01,57763.53,57918.71,57263.9,57338.21,0
2021-09-02,57423.65,57892.37,57287.79,57852.54,0
2021-09-03,57983.45,58194.79,57764.07,58129.95,0
2021-09-06,58411.62,58515.85,58200.29,58296.91,0
2021-09-07,58418.69,58553.07,58005.07,58279.48,0
2021-09-08,58350.56,58372.94,57924.48,58250.26,0
2021-09-09,58172.98,58334.59,58084.99,58305.07,0
2021-09-13,58262.11,58314.64,57944.63,58177.76,0
2021-09-14,58482.62,58482.62,58214.29,58247.09,0
2021-09-15,58354.11,58777.06,58272.82,58723.2,0
2021-09-16,58881.04,59204.29,58700.5,59141.16,0
2021-09-17,59409.98,59737.32,58871.73,59015.89,0
2021-09-20,58634.69,59202.56,58389.69,58490.93,0
2021-09-21,58630.06,59084.51,58232.54,59005.27,0
2021-09-22,59166.15,59178.44,58878.38,58927.33,0
2021-09-23,59358.18,59957.25,59243.15,59885.36,0
2021-09-24,60158.76,60333.0,59946.55,60048.47,0
2021-09-27,60303.79,60412.32,59887.19,60077.88,0
2021-09-28,60285.89,60288.44,59045.53,59667.6,0
2021-09-29,59296.54,59678.66,59111.41,59413.27,0
2021-09-30,59549.57,59557.24,59019.28,59126.36,0
2021-10-01,58889.77,58890.08,58551.14,58765.58,0
2021-10-04,59143.0,59548.82,58952.11,59299.32,0
2021-10-05,59320.14,59778.87,59127.04,59744.88,0
2021-10-06,59942.0,59963.57,59079.86,59189.73,0
2021-10-07,59632.81,59914.91,59597.06,59677.83,0
2021-10-08,59960.39,60212.3,59830.93,60059.06,0
2021-10-11,60099.68,60476.13,59811.42,60135.78,0
2021-10-12,60045.75,60331.74,59885.39,60284.31,0
2021-10-13,60619.91,60836.63,60452.29,60737.05,0
2021-10-14,61088.82,61353.25,60978.04,61305.95,0
2021-10-18,61817.32,61963.07,61624.65,61765.59,0
2021-10-19,62156.48,62245.43,61594.29,61716.05,0
2021-10-20,61800.07,61880.36,61109.29,61259.96,0
2021-10-21,61557.94,61621.2,60485.65,60923.5,0
2021-10-22,61044.54,61420.13,60551.15,60821.62,0
2021-10-25,61398.75,61404.99,60449.68,60967.05,0
2021-10-26,60997.9,61497.71,60791.29,61350.26,0
2021-10-27,61499.7,61576.85,60989.39,61143.33,0
2021-10-28,61081.0,61081.0,59777.58,59984.7,0
2021-10-29,59857.33,60132.81,59089.37,59306.93,0
2021-11-01,59577.48,60220.21,59355.12,60138.46,0
2021-11-02,60360.61,60421.14,59881.75,60029.06,0
2021-11-03,60275.21,60361.82,59552.49,59771.92,0
2021-11-04,60207.97,60207.97,60011.46,60067.62,0
2021-11-08,60385.76,60609.16,59779.19,60545.61,0
2021-11-09,60609.72,60670.47,60213.64,60433.45,0
2021-11-10,60295.26,60506.5,59967.45,60352.82,0
2021-11-11,60291.7,60293.25,59656.26,59919.69,0
2021-11-12,60248.04,60750.72,59997.96,60686.69,0
2021-11-15,60837.4,61036.56,60597.36,60718.71,0
2021-11-16,60755.38,60802.79,60199.56,60322.37,0
2021-11-17,60179.93,60426.61,59944.77,60008.33,0
2021-11-18,59968.75,60177.52,59376.5,59636.01,0
2021-11-22,59710.48,59778.37,58011.92,58465.89,0
2021-11-23,57983.95,58834.95,57718.34,58664.33,0
2021-11-24,58839.32,58968.12,58143.44,58340.99,0
2021-11-25,58363.93,58901.58,58143.86,58795.09,0
2021-11-26,58254.79,58254.79,56993.89,57107.15,0
2021-11-29,57028.04,57626.51,56382.93,57260.58,0
2021-11-30,57272.08,58183.77,56867.51,57064.87,0
2021-12-01,57365.85,57846.45,57346.78,57684.79,0
2021-12-02,57781.48,58513.93,57680.41,58461.29,0
2021-12-03,58555.58,58757.09,57640.57,57696.46,0
2021-12-06,57778.01,57781.46,56687.62,56747.14,0
2021-12-07,57125.98,57905.63,56992.27,57633.65,0
2021-12-08,58158.56,58702.65,58122.27,58649.68,0
2021-12-09,58831.41,58889.96,58340.85,58807.13,0
2021-12-10,58696.71,58859.91,58414.76,58786.67,0
2021-12-13,59103.72,59203.37,58242.8,58283.42,0
2021-12-14,58059.76,58322.42,57803.87,58117.09,0
2021-12-15,58122.0,58218.25,57671.61,57788.03,0
2021-12-16,58243.43,58337.2,57683.11,57901.14,0
2021-12-17,58021.63,58062.28,56950.98,57011.74,0
2021-12-20,56517.26,56538.15,55132.68,55822.01,0
2021-12-21,56320.02,56900.74,56047.22,56319.01,0
2021-12-22,56599.47,56989.01,56471.03,56930.56,0
2021-12-23,57251.15,57490.52,57146.28,57315.28,0
2021-12-24,57567.11,57623.69,56813.42,57124.31,0
2021-12-27,56948.33,57512.01,56543.08,57420.24,0
2021-12-28,57751.21,57952.48,57650.29,57897.48,0
2021-12-29,57892.31,58097.07,57684.58,57806.49,0
2021-12-30,57755.4,58010.03,57578.99,57794.32,0
2021-12-31,57849.76,58409.3,57846.52,58253.82,0
2022-01-03,58310.09,59266.39,58306.45,59183.22,0
2022-01-04,59343.79,59937.33,59084.4,59855.93,0
2022-01-05,59921.98,60332.72,59661.38,60223.15,0
2022-01-06,59731.75,59781.86,59290.58,59601.84,0
2022-01-07,59776.1,60130.18,59401.44,59744.65,0
2022-01-10,60070.39,60427.36,59987.18,60395.63,0
2022-01-11,60342.7,60689.25,60281.52,60616.89,0
2022-01-12,61014.37,61218.19,60850.93,61150.04,0
2022-01-13,61259.99,61348.57,60949.81,61235.3,0
2022-01-14,61040.32,61324.59,60757.03,61223.03,0
2022-01-17,61219.64,61385.48,61107.6,61308.91,0
2022-01-18,61430.77,61475.15,60662.57,60754.86,0
2022-01-19,60845.59,60870.17,59949.22,60098.82,0
2022-01-20,60045.48,60045.48,59068.31,59464.62,0
2022-01-21,59039.37,59329.63,58620.93,59037.18,0
2022-01-24,59023.97,59023.97,56984.01,57491.51,0
2022-01-25,57158.63,57966.93,56409.63,57858.15,0
2022-01-27,57317.38,57508.61,56439.36,57276.94,0
2022-01-28,57795.11,58084.33,57119.28,57200.23,0
2022-01-31,57845.91,58257.63,57746.15,58014.17,0
2022-02-01,58672.86,59032.2,57737.66,58862.57,0
2022-02-02,59293.44,59618.51,59193.05,59558.33,0
2022-02-03,59528.16,59557.87,58653.94,58788.02,0
2022-02-04,58918.65,58943.62,58446.95,58644.82,0
2022-02-07,58549.67,58707.76,57299.05,57621.19,0
2022-02-08,57799.67,57925.82,57058.77,57808.58,0
2022-02-09,58163.01,58507.61,58105.18,58465.97,0
2022-02-10,58810.53,59060.24,58332.28,58926.03,0
2022-02-11,58447.15,58447.15,57914.1,58152.92,0
2022-02-14,56720.32,57191.91,56295.7,56405.84,0
2022-02-15,56731.56,58211.38,56438.47,58142.05,0
2022-02-16,58310.68,58569.22,57780.28,57996.68,0
2022-02-17,58217.69,58346.0,57635.43,57892.01,0
2022-02-18,57488.39,58175.35,57488.39,57832.97,0
2022-02-21,57551.65,58141.96,57167.02,57683.59,0
2022-02-22,56438.64,57505.85,56394.85,57300.68,0
2022-02-23,57632.94,57733.37,57109.24,57232.06,0
2022-02-24,55418.45,55996.09,54383.2,54529.91,0
2022-02-25,55321.72,56183.7,55299.28,55858.52,0
2022-02-28,55329.46,56324.54,54833.5,56247.28,0
2022-03-02,55629.3,55755.09,55020.1,55468.9,0
2022-03-03,55921.44,55996.62,54931.48,55102.68,0
2022-03-04,54653.59,55013.27,53887.72,54333.81,0
2022-03-07,53172.51,53203.87,52367.1,52842.75,0
2022-03-08,52430.06,53484.26,52260.82,53424.09,0
2022-03-09,53793.99,54893.73,53367.52,54647.33,0
2022-03-10,56242.47,56242.47,54982.82,55464.39,0
2022-03-11,55218.78,55833.95,55049.95,55550.3,0
2022-03-14,55614.4,56545.83,55556.47,56486.02,0
2022-03-15,56663.87,56720.6,55418.95,55776.85,0
2022-03-16,56555.33,56860.89,56389.26,56816.65,0
2022-03-17,57620.28,58095.84,57518.06,57863.93,0
2022-03-21,58030.41,58127.95,57229.08,57292.49,0
2022-03-22,57297.57,58052.87,56930.3,57989.3,0
2022-03-23,58198.64,58416.56,57568.59,57684.82,0
2022-03-24,57190.05,57827.99,57138.51,57595.68,0
2022-03-25,57801.72,57845.37,57100.24,57362.2,0
2022-03-28,57472.72,57638.34,56825.09,57593.49,0
2022-03-29,57814.76,58001.53,57639.35,57943.65,0
2022-03-30,58362.85,58727.78,58176.0,58683.99,0
2022-03-31,58779.71,58890.92,58485.79,58568.51,0
2022-04-01,58530.73,59396.62,58450.04,59276.69,0
2022-04-04,59764.13,60845.1,59760.22,60611.74,0
2022-04-05,60786.07,60786.07,60067.18,60176.5,0
2022-04-06,59815.71,59941.57,59509.84,59610.41,0
2022-04-07,59402.61,59504.92,58977.35,59034.95,0
2022-04-08,59256.97,59654.44,58876.36,59447.18,0
2022-04-11,59333.18,59355.76,58894.4,58964.57,0
2022-04-12,58743.5,58794.78,58298.57,58576.37,0
2022-04-13,58910.74,59003.82,58291.23,58338.93,0
2022-04-18,57338.58,57420.8,56842.39,57166.74,0
2022-04-19,57381.77,57464.08,56009.07,56463.15,0
2022-04-20,56741.43,57216.51,56521.33,57037.5,0
2022-04-21,57458.6,57991.53,57311.86,57911.68,0
2022-04-22,57531.95,57689.86,57134.72,57197.15,0
2022-04-25,56757.64,56875.65,56356.87,56579.89,0
2022-04-26,57066.24,57442.24,56904.51,57356.61,0
2022-04-27,56983.68,57079.03,56584.04,56819.39,0
2022-04-28,57296.31,57790.85,56936.94,57521.06,0
2022-04-29,57817.51,57975.48,56902.3,57060.87,0
2022-05-02,56429.45,57054.23,56412.62,56975.99,0
2022-05-04,57124.91,57184.21,55501.6,55669.03,0
2022-05-05,56255.07,56566.8,55613.82,55702.23,0
2022-05-06,54928.29,55070.12,54586.75,54835.58,0
2022-05-09,54188.21,54795.47,53918.02,54470.67,0
2022-05-10,54309.31,54857.02,54226.33,54364.85,0
2022-05-11,54544.91,54598.55,53519.3,54088.39,0
2022-05-12,53608.35,53632.55,52702.3,52930.31,0
2022-05-13,53565.74,53785.71,52654.89,52793.62,0
2022-05-16,52946.32,53428.28,52632.48,52973.84,0
2022-05-17,53285.19,54399.42,53176.02,54318.47,0
2022-05-18,54554.89,54786.0,54130.89,54208.53,0
2022-05-19,53070.3,53356.04,52669.51,52792.23,0
2022-05-20,53513.97,54396.43,53403.29,54326.39,0
2022-05-23,54459.95,54931.3,54191.55,54288.61,0
2022-05-24,54307.56,54524.37,53886.28,54052.61,0
2022-05-25,54254.07,54379.59,53683.16,53749.26,0
2022-05-26,53950.84,54346.22,53425.25,54252.53,0
2022-05-27,54671.5,54936.63,54449.34,54884.66,0
2022-05-30,55507.75,56082.65,55466.3,55925.74,0
2022-05-31,55622.01,55925.62,55369.14,55566.41,0
2022-06-01,55588.27,55791.49,55091.43,55381.17,0
2022-06-02,55382.44,55891.92,55135.11,55818.11,0
2022-06-03,56245.6,56432.65,55719.36,55769.23,0
2022-06-06,55610.64,55832.28,55295.74,55675.32,0
2022-06-07,55373.18,55387.77,54882.41,55107.34,0
2022-06-08,55345.51,55423.97,54683.3,54892.49,0
2022-06-09,54514.17,55366.84,54507.41,55320.28,0
2022-06-10,54760.25,54780.78,54205.99,54303.44,0
2022-06-13,53184.61,53207.54,52527.08,52846.7,0
2022-06-14,52495.94,53095.32,52459.48,52693.57,0
2022-06-15,52650.41,52867.73,52493.36,52541.39,0
2022-06-16,53018.91,53142.5,51425.48,51495.79,0
2022-06-17,51181.99,51652.83,50921.22,51360.42,0
2022-06-20,51470.03,51714.61,51062.93,51597.84,0
2022-06-21,51897.6,52799.4,51808.76,52532.07,0
2022-06-22,52186.36,52272.85,51739.98,51822.53,0
2022-06-23,51972.75,52516.79,51632.85,52265.72,0
2022-06-24,52654.24,52909.87,52447.25,52727.98,0
2022-06-27,53468.89,53509.5,53120.79,53161.28,0
2022-06-28,52846.26,53301.4,52771.53,53177.45,0
2022-06-29,52623.15,53244.84,52612.68,53026.97,0
2022-06-30,52897.16,53377.54,52883.25,53018.94,0
2022-07-01,52863.34,53053.04,52094.25,52907.93,0
2022-07-04,52851.67,53301.99,52674.81,53234.77,0
2022-07-05,53501.21,53865.93,53054.3,53134.35,0
2022-07-06,53170.7,53819.31,53143.28,53750.97,0
2022-07-07,54146.68,54254.79,53927.26,54178.46,0
2022-07-08,54574.43,54627.14,54278.77,54481.84,0
2022-07-11,54248.6,54527.9,54090.53,54395.23,0
2022-07-12,54219.78,54236.49,53824.97,53886.61,0
2022-07-13,54210.1,54211.22,53455.26,53514.15,0
2022-07-14,53688.62,53861.28,53163.77,53416.15,0
2022-07-15,53637.88,53811.37,53361.62,53760.78,0
2022-07-18,54069.3,54556.66,54034.97,54521.15,0
2022-07-19,54251.88,54817.52,54232.82,54767.62,0
2022-07-20,55486.12,55630.26,55298.23,55397.53,0
2022-07-21,55391.93,55738.49,55270.75,55681.95,0
2022-07-22,55800.84,56186.05,55685.45,56072.23,0
2022-07-25,55877.5,56018.09,55537.08,55766.22,0
2022-07-26,55834.38,55834.38,55203.43,55268.49,0
2022-07-27,55258.29,55853.09,55157.99,55816.32,0
2022-07-28,56267.55,56914.22,56236.45,56857.79,0
2022-07-29,57258.13,57619.27,57104.81,57570.25,0
2022-08-01,57823.1,58170.67,57540.36,58115.5,0
2022-08-02,58049.02,58328.41,57744.7,58136.36,0
2022-08-03,58174.11,58415.63,57788.78,58350.53,0
2022-08-04,58571.28,58712.66,57577.05,58298.8,0
2022-08-05,58421.04,58649.19,58244.86,58387.93,0
2022-08-08,58417.71,58934.9,58266.65,58853.07,0
2022-08-10,58977.34,58984.32,58583.36,58817.29,0
2022-08-11,59320.45,59484.99,59251.14,59332.6,0
2022-08-12,59235.98,59538.08,59113.01,59462.78,0
2022-08-16,59675.12,59923.03,59673.96,59842.21,0
2022-08-17,59938.05,60323.25,59857.8,60260.13,0
2022-08-18,60080.19,60341.41,59946.44,60298.0,0
2022-08-19,60351.23,60411.2,59474.57,59646.15,0
2022-08-22,59361.08,59402.5,58705.11,58773.87,0
2022-08-23,58205.97,59199.11,58172.48,59031.3,0
2022-08-24,58853.32,59170.87,58760.09,59085.43,0
2022-08-25,59315.98,59484.35,58666.41,58774.72,0
2022-08-26,59050.67,59321.65,58722.69,58833.87,0
2022-08-29,57367.47,58208.3,57367.47,57972.62,0
2022-08-30,58259.85,59599.78,58245.49,59537.07,0
2022-09-01,58710.53,59309.79,58522.57,58766.59,0
2022-09-02,58969.02,59108.66,58558.64,58803.33,0
2022-09-05,58814.08,59308.25,58812.2,59245.98,0
2022-09-06,59285.36,59566.67,58974.26,59196.99,0
2022-09-07,58789.26,59166.46,58722.89,59028.91,0
2022-09-08,59374.99,59711.96,59315.71,59688.22,0
2022-09-09,60045.75,60119.8,59634.39,59793.14,0
2022-09-12,59912.29,60284.55,59912.29,60115.13,0
2022-09-13,60408.29,60635.28,60381.02,60571.08,0
2022-09-14,59417.12,60649.04,59417.12,60346.97,0
2022-09-15,60454.37,60676.12,59865.75,59934.01,0
2022-09-16,59585.72,59720.56,58687.17,58840.79,0
2022-09-19,58747.31,59277.55,58487.76,59141.23,0
2022-09-20,59556.91,60105.79,59556.91,59719.74,0
2022-09-21,59504.14,59799.04,59275.4,59456.78,0
2022-09-22,59073.84,59457.58,58832.78,59119.72,0
2022-09-23,59005.18,59143.32,57981.95,58098.92,0
2022-09-26,57525.03,57708.38,57038.24,57145.22,0
2022-09-27,57376.52,57704.57,56950.52,57107.52,0
2022-09-28,56710.13,57213.33,56485.67,56598.28,0
2022-09-29,56997.9,57166.14,56314.05,56409.96,0
2022-09-30,56240.15,57722.63,56147.23,57426.92,0
2022-10-03,57403.92,57454.84,56683.4,56788.81,0
2022-10-04,57506.65,58099.94,57506.65,58065.47,0
2022-10-06,58314.05,58578.76,58173.7,58222.1,0
2022-10-07,58092.56,58269.34,57851.15,58191.29,0
2022-10-10,57424.07,58125.01,57365.68,57991.11,0
2022-10-11,58004.25,58027.52,57050.4,57147.32,0
2022-10-12,57312.49,57687.64,57085.92,57625.91,0
2022-10-13,57512.74,57568.14,57055.75,57235.33,0
2022-10-14,58162.74,58435.12,57848.23,57919.97,0
2022-10-17,57752.5,58449.0,57639.8,58410.98,0
2022-10-18,58744.13,59143.66,58744.13,58960.6,0
2022-10-19,59196.96,59399.69,58961.77,59107.19,0
2022-10-20,58824.48,59273.85,58791.28,59202.9,0
2022-10-21,59381.36,59590.93,59132.94,59307.15,0
2022-10-24,59804.02,59994.25,59776.66,59831.66,0
2022-10-25,60002.96,60081.24,59489.02,59543.96,0
2022-10-27,59792.32,59959.94,59496.8,59756.84,0
2022-10-28,59746.8,60133.17,59739.05,59959.85,0
2022-10-31,60246.96,60786.7,60246.96,60746.59,0
2022-11-01,61065.58,61289.73,60868.69,61121.35,0
2022-11-02,61156.89,61209.65,60794.39,60906.09,0
2022-11-03,60511.57,60994.37,60485.14,60836.41,0
2022-11-04,60698.27,61004.49,60666.01,60950.36,0
2022-11-07,61188.13,61401.54,60714.36,61185.15,0
2022-11-09,61304.29,61447.23,60905.15,61033.55,0
2022-11-10,60524.27,60848.73,60425.47,60613.7,0
2022-11-11,61311.02,61840.97,61311.02,61795.04,0
2022-11-14,61765.86,61916.24,61572.03,61624.15,0
2022-11-15,61630.05,61955.96,61436.9,61872.99,0
2022-11-16,61708.63,62052.57,61708.63,61980.72,0
2022-11-17,61812.36,62050.8,61643.27,61750.6,0
2022-11-18,61858.2,61929.88,61337.43,61663.48,0
2022-11-21,61456.33,61456.33,61059.33,61144.84,0
2022-11-22,61126.56,61466.63,61073.68,61418.96,0
2022-11-23,61779.71,61780.9,61442.69,61510.58,0
2022-11-24,61656.0,62412.33,61600.42,62272.68,0
2022-11-25,62327.88,62447.73,62115.66,62293.64,0
2022-11-28,62016.35,62701.4,61959.74,62504.8,0
2022-11-29,62362.08,62887.4,62362.08,62681.84,0
2022-11-30,62743.47,63303.01,62648.38,63099.65,0
2022-12-01,63357.99,63583.07,63183.77,63284.19,0
2022-12-02,62978.58,63148.59,62679.63,62868.5,0
2022-12-05,62865.28,62939.63,62507.88,62834.6,0
2022-12-06,62395.55,62677.84,62390.07,62626.36,0
2022-12-07,62615.52,62759.97,62316.65,62410.68,0
2022-12-08,62504.04,62633.56,62320.18,62570.68,0
2022-12-09,62690.86,62735.42,61889.11,62181.67,0
2022-12-12,61770.56,62239.42,61676.15,62130.57,0
2022-12-13,62300.67,62567.92,62129.57,62533.3,0
2022-12-14,62685.94,62835.11,62591.28,62677.91,0
2022-12-15,62530.07,62624.81,61715.61,61799.03,0
2022-12-16,61534.24,61893.22,61292.53,61337.81,0
2022-12-19,61405.8,61844.92,61265.31,61806.19,0
2022-12-20,61608.85,61780.37,61102.68,61702.29,0
2022-12-21,61993.71,62006.46,60938.38,61067.24,0
2022-12-22,61257.17,61464.38,60637.24,60826.22,0
2022-12-23,60205.56,60546.88,59765.56,59845.29,0
2022-12-26,59755.08,60833.78,59754.1,60566.42,0
2022-12-27,60861.41,60986.68,60405.66,60927.43,0
2022-12-28,60811.52,61075.33,60713.77,60910.28,0
2022-12-29,60628.29,61210.65,60479.06,61133.88,0
2022-12-30,61329.16,61392.68,60743.71,60840.74,0
2023-01-02,60871.24,61222.79,60764.63,61167.79,0
2023-01-03,61074.88,61343.96,61004.04,61294.2,0
2023-01-04,61294.65,61327.21,60593.56,60657.45,0
2023-01-05,60847.5,60877.06,60049.84,60353.27,0
2023-01-06,60388.74,60537.63,59669.91,59900.37,0
2023-01-09,60147.07,60889.41,60109.94,60747.31,0
2023-01-10,60805.14,60809.65,59938.38,60115.48,0
2023-01-11,60134.56,60364.77,59805.78,60105.5,0
2023-01-12,60083.03,60290.35,59632.32,59958.03,0
2023-01-13,60044.96,60418.26,59628.43,60261.18,0
2023-01-16,60550.5,60586.77,59963.83,60092.97,0
2023-01-17,60142.08,60704.48,60072.34,60655.72,0
2023-01-18,60716.03,61110.25,60569.19,61045.74,0
2023-01-19,60920.02,61032.47,60716.55,60858.43,0
2023-01-20,60901.16,61001.18,60585.25,60621.77,0
2023-01-23,60876.01,61113.27,60761.88,60941.67,0
2023-01-24,61122.2,61266.06,60849.12,60978.75,0
2023-01-25,60834.73,60899.21,60081.36,60205.06,0
2023-01-27,60166.9,60166.9,58974.7,59330.9,0
2023-01-30,59101.69,59644.24,58699.2,59500.41,0
2023-01-31,59770.83,59787.63,59104.59,59549.9,0
2023-02-01,60001.17,60773.44,58816.84,59708.08,0
2023-02-02,59459.87,60007.67,59215.62,59932.24,0
2023-02-03,60350.01,60905.34,60013.06,60841.88,0
2023-02-06,60847.21,60847.21,60345.61,60506.9,0
2023-02-07,60511.32,60655.14,60063.49,60286.04,0
2023-02-08,60332.99,60792.1,60324.92,60663.79,0
2023-02-09,60715.89,60863.63,60472.81,60806.22,0
2023-02-10,60706.81,60774.14,60501.74,60682.7,0
2023-02-13,60652.82,60740.95,60245.05,60431.84,0
2023-02-14,60550.25,61102.74,60550.25,61032.26,0
2023-02-15,60990.05,61352.55,60750.32,61275.09,0
2023-02-16,61566.22,61682.25,61196.72,61319.51,0
2023-02-17,60993.54,61302.72,60810.67,61002.57,0
2023-02-20,61112.84,61290.19,60607.02,60691.54,0
2023-02-21,60770.43,60976.59,60583.72,60672.72,0
2023-02-22,60391.86,60462.9,59681.55,59744.98,0
2023-02-23,59777.64,59960.04,59406.31,59605.8,0
2023-02-24,59859.48,59908.77,59325.34,59463.93,0
2023-02-27,59331.31,59441.13,58937.64,59288.35,0
2023-02-28,59346.61,59483.72,58795.97,58962.12,0
2023-03-01,59136.48,59475.45,59109.54,59411.08,0
2023-03-02,59287.18,59423.79,58866.26,58909.35,0
2023-03-03,59241.2,59967.04,59231.58,59808.97,0
2023-03-06,60007.04,60498.48,60005.65,60224.46,0
2023-03-08,59916.1,60402.85,59844.82,60348.09,0
2023-03-09,60467.09,60467.09,59750.53,59806.28,0
2023-03-10,59259.83,59262.47,58884.98,59135.13,0
2023-03-13,59033.77,59510.92,58094.55,58237.85,0
2023-03-14,58168.75,58490.98,57721.16,57900.19,0
2023-03-15,58268.54,58473.63,57455.67,57555.9,0
2023-03-16,57510.8,57887.46,57158.69,57634.84,0
2023-03-17,58038.17,58178.94,57503.9,57989.9,0
2023-03-20,57773.55,57829.23,57084.91,57628.95,0
2023-03-21,57963.27,58133.33,57730.09,58074.68,0
2023-03-22,58245.26,58418.78,58063.5,58214.59,0
2023-03-23,58061.41,58396.17,57838.85,57925.28,0
2023-03-24,57890.66,58066.4,57422.98,57527.1,0
2023-03-27,57566.9,58019.55,57415.02,57653.86,0
2023-03-28,57751.5,57949.45,57494.91,57613.72,0
2023-03-29,57572.08,58124.2,57524.32,57960.09,0
2023-03-31,58273.86,59068.47,58273.86,58991.52,0
2023-04-03,59131.16,59204.82,58793.08,59106.44,0
2023-04-05,59094.71,59747.12,59094.4,59689.31,0
2023-04-06,59627.01,59950.06,59520.12,59832.97,0
2023-04-10,59858.98,60109.11,59766.23,59846.51,0
2023-04-11,60028.6,60267.68,59919.88,60157.72,0
2023-04-12,60180.2,60437.64,60094.69,60392.77,0
2023-04-13,60364.41,60486.91,60081.43,60431.0,0
2023-04-17,60385.9,60407.86,59442.47,59910.75,0
2023-04-18,59991.26,60113.47,59579.3,59727.01,0
2023-04-19,59745.89,59745.89,59452.72,59567.8,0
2023-04-20,59586.61,59836.79,59489.98,59632.35,0
2023-04-21,59538.79,59781.36,59412.81,59655.06,0
2023-04-24,59873.71,60101.64,59620.11,60056.1,0
2023-04-25,60202.77,60268.67,59967.02,60130.71,0
2023-04-26,60087.98,60362.79,59954.91,60300.58,0
2023-04-27,60315.56,60698.31,60271.49,60649.38,0
2023-04-28,60721.61,61209.46,60507.83,61112.44,0
2023-05-02,61301.61,61486.24,61255.0,61354.71,0
2023-05-03,61274.96,61274.96,61024.44,61193.3,0
2023-05-04,61258.13,61797.91,61119.56,61749.25,0
2023-05-05,61163.1,61585.5,61002.17,61054.29,0
2023-05-08,61166.09,61854.19,61166.09,61764.25,0
2023-05-09,61879.68,62027.51,61654.94,61761.33,0
2023-05-10,61843.36,61974.35,61572.93,61940.2,0
2023-05-11,62158.1,62168.22,61823.07,61904.52,0
2023-05-12,61857.69,62110.93,61578.15,62027.9,0
2023-05-15,62157.1,62562.67,61950.3,62345.71,0
2023-05-16,62474.11,62475.95,61847.41,61932.47,0
2023-05-17,61932.32,61979.94,61340.1,61560.64,0
2023-05-18,61937.86,61955.9,61349.34,61431.74,0
2023-05-19,61556.25,61784.61,61251.7,61729.68,0
2023-05-22,61579.78,62044.46,61579.78,61963.68,0
2023-05-23,62098.16,62245.19,61914.4,61981.79,0
2023-05-24,61834.28,62154.14,61708.1,61773.78,0
2023-05-25,61706.13,61934.01,61484.66,61872.62,0
2023-05-26,61985.36,62529.83,61911.61,62501.69,0
2023-05-29,62801.54,63026.0,62801.54,62846.38,0
2023-05-30,62839.85,63036.12,62737.4,62969.13,0
2023-05-31,62839.97,62876.77,62401.02,62622.24,0
2023-06-01,62736.47,62762.41,62359.14,62428.54,0
2023-06-02,62601.97,62719.84,62379.86,62547.11,0
2023-06-05,62759.19,62943.2,62751.72,62787.47,0
2023-06-06,62738.35,62867.95,62554.21,62792.88,0
2023-06-07,62917.39,63196.43,62841.95,63142.96,0
2023-06-08,63140.17,63321.4,62789.73,62848.64,0
2023-06-09,62810.68,62992.16,62594.74,62625.63,0
2023-06-12,62659.98,62804.89,62615.2,62724.71,0
2023-06-13,62779.14,63177.47,62777.04,63143.16,0
2023-06-14,63115.48,63274.03,63013.51,63228.51,0
2023-06-15,63153.78,63310.96,62871.08,62917.63,0
2023-06-16,62960.73,63519.77,62960.73,63379.36,0
2023-06-19,63474.21,63572.85,63048.43,63177.12,0
2023-06-20,63176.77,63439.74,62802.15,63426.61,0
2023-06-21,63467.46,63587.7,63315.62,63523.67,0
2023-06-22,63601.71,63601.71,63200.63,63278.81,0
2023-06-23,63124.28,63240.63,62874.88,62982.59,0
2023-06-26,62946.5,63134.98,62856.0,62957.0,0
2023-06-27,63151.85,63466.53,63055.01,63435.47,0
2023-06-28,63701.78,64050.31,63556.0,63969.41,0
2023-06-30,64068.44,64767.56,64068.44,64702.51,0
2023-07-03,64836.16,65296.91,64836.16,65241.57,0
2023-07-04,65503.85,65672.97,65171.25,65489.95,0
2023-07-05,65493.68,65582.33,65256.91,65507.98,0
2023-07-06,65391.88,65831.75,65359.5,65750.27,0
2023-07-07,65559.41,65897.64,65177.72,65223.0,0
2023-07-10,65482.33,65633.18,65246.83,65399.5,0
2023-07-11,65598.65,65870.24,65520.88,65646.79,0
2023-07-12,65759.28,65799.46,65321.26,65407.66,0
2023-07-13,65667.07,66063.4,65452.31,65645.27,0
2023-07-14,65775.49,66159.79,65610.82,66136.9,0
2023-07-17,66148.18,66655.51,66015.63,66619.06,0
2023-07-18,66828.96,67006.06,66574.86,66791.98,0
2023-07-19,66905.01,67170.77,66703.61,67148.83,0
2023-07-20,67074.34,67618.35,66850.14,67548.29,0
2023-07-21,66907.07,67187.85,66537.84,66825.23,0
2023-07-24,66629.14,66808.56,66326.71,66374.05,0
2023-07-25,66531.2,66531.2,66177.62,66366.17,0
2023-07-26,66434.72,66897.27,66434.72,66709.88,0
2023-07-27,66834.12,66982.83,66062.66,66409.4,0
2023-07-28,66266.35,66345.33,65878.65,66137.17,0
2023-07-31,66156.39,66597.77,65998.9,66508.61,0
2023-08-01,66532.98,66657.68,66388.56,66487.3,0
2023-08-02,66064.41,66257.07,65431.68,65758.13,0
2023-08-03,65550.82,65820.82,64964.5,65274.51,0
2023-08-04,65453.55,65798.5,65390.04,65693.37,0
2023-08-07,65811.4,66067.9,65749.62,65962.15,0
2023-08-08,66048.81,66048.81,65754.16,65841.89,0
2023-08-09,65810.96,66064.98,65444.38,65994.53,0
2023-08-10,65945.39,65956.25,65509.16,65707.42,0
2023-08-11,65727.8,65727.8,65274.61,65307.93,0
2023-08-14,65153.02,65517.61,64823.72,65346.43,0
2023-08-16,65238.67,65604.53,65035.5,65469.47,0
2023-08-17,65503.85,65533.81,65046.1,65107.48,0
2023-08-18,65025.71,65175.19,64754.85,64869.92,0
2023-08-21,64852.7,65335.82,64852.7,65184.78,0
2023-08-22,65272.42,65362.61,65165.65,65199.23,0
2023-08-23,65300.93,65504.71,65108.51,65413.13,0
2023-08-24,65722.51,65913.68,65183.12,65235.75,0
2023-08-25,65000.67,65104.9,64735.82,64795.92,0
2023-08-28,64908.08,65213.45,64816.58,64958.29,0
2023-08-29,65201.35,65220.3,64956.67,65106.59,0
2023-08-30,65311.58,65458.7,65053.28,65084.25,0
2023-08-31,65178.33,65277.04,64723.63,64831.41,0
2023-09-01,64855.51,65473.27,64818.37,65387.16,0
2023-09-04,65525.91,65683.91,65285.56,65628.14,0
2023-09-05,65671.6,65831.7,65601.47,65780.26,0
2023-09-06,65744.19,65971.13,65488.03,65880.52,0
2023-09-07,65854.25,66296.9,65672.34,66265.56,0
2023-09-08,66381.43,66766.92,66299.3,66598.91,0
2023-09-11,66807.73,67172.13,66735.84,67127.08,0
2023-09-12,67506.88,67539.1,66948.18,67221.13,0
2023-09-13,67188.64,67565.41,67053.36,67466.99,0
2023-09-14,67627.03,67771.05,67336.46,67519.0,0
2023-09-15,67659.91,67927.23,67614.42,67838.63,0
2023-09-18,67665.58,67803.15,67532.83,67596.84,0
2023-09-20,67080.18,67294.16,66728.14,66800.84,0
2023-09-21,66608.67,66608.67,66128.71,66230.24,0
2023-09-22,66215.04,66445.47,65952.83,66009.15,0
2023-09-25,66082.99,66225.63,65764.03,66023.69,0
2023-09-26,66071.63,66078.26,65865.63,65945.47,0
2023-09-27,65925.64,66172.27,65549.96,66118.69,0
2023-09-28,66406.01,66406.01,65423.39,65508.32,0
2023-09-29,65743.93,66151.65,65570.38,65828.41,0
2023-10-03,65813.42,65813.5,65344.59,65512.1,0
2023-10-04,65330.65,65332.52,64878.77,65226.04,0
2023-10-05,65598.26,65753.2,65443.34,65631.57,0
2023-10-06,65867.54,66095.81,65762.33,65995.63,0
2023-10-09,65560.07,65789.98,65434.61,65512.39,0
2023-10-10,65662.27,66180.17,65662.27,66079.36,0
2023-10-11,66376.42,66592.16,66299.79,66473.05,0
2023-10-12,66564.57,66577.6,66339.42,66408.39,0
2023-10-13,66034.21,66478.9,65895.41,66282.74,0
2023-10-16,66238.15,66342.75,66039.38,66166.93,0
2023-10-17,66558.15,66559.82,66309.18,66428.09,0
2023-10-18,66473.74,66475.27,65842.1,65877.02,0
2023-10-19,65484.61,65869.65,65343.5,65629.24,0
2023-10-20,65437.07,65555.14,65308.61,65397.62,0
2023-10-23,65419.02,65453.92,64502.68,64571.88,0
2023-10-25,64619.27,64787.08,63912.16,64049.06,0
2023-10-26,63774.16,63774.16,63092.98,63148.15,0
2023-10-27,63559.32,63913.13,63393.37,63782.8,0
2023-10-30,63885.56,64184.58,63431.45,64112.65,0
2023-10-31,64449.65,64452.32,63812.53,63874.93,0
2023-11-01,63829.87,63896.05,63550.46,63591.33,0
2023-11-02,64033.4,64202.64,63815.35,64080.9,0
2023-11-03,64444.9,64535.19,64275.39,64363.78,0
2023-11-06,64835.23,64992.54,64617.48,64958.69,0
2023-11-07,65021.29,65021.29,64638.1,64942.4,0
2023-11-08,65101.95,65124.0,64851.06,64975.61,0
2023-11-09,65025.32,65046.56,64768.76,64832.2,0
2023-11-10,64756.11,65014.06,64580.95,64904.68,0
2023-11-12,65418.98,65418.98,65218.6,65259.45,0
2023-11-13,65158.31,65176.96,64853.36,64933.87,0
2023-11-15,65461.54,65747.65,65373.5,65675.93,0
2023-11-16,65665.87,66358.37,65507.02,65982.48,0
2023-11-17,65788.79,66037.69,65639.74,65794.73,0
2023-11-20,65787.51,65844.01,65547.8,65655.15,0
2023-11-21,65860.46,66082.36,65849.17,65930.77,0
2023-11-22,65839.62,66063.43,65664.85,66023.24,0
2023-11-23,66084.37,66235.24,65980.5,66017.81,0
2023-11-24,66000.29,66101.64,65894.05,65970.04,0
2023-11-28,66063.72,66256.2,65906.65,66174.2,0
2023-11-29,66381.26,66946.28,66374.52,66901.91,0
2023-11-30,66963.2,67069.89,66610.35,66988.44,0
2023-12-01,67181.15,67564.33,67149.07,67481.19,0
2023-12-04,68435.34,68918.22,68274.47,68865.12,0
2023-12-05,69168.53,69381.31,68954.88,69296.14,0
2023-12-06,69534.93,69744.62,69395.01,69653.73,0
2023-12-07,69694.15,69695.33,69320.53,69521.69,0
2023-12-08,69666.38,69893.8,69506.12,69825.6,0
2023-12-11,69925.63,70057.83,69782.48,69928.53,0
2023-12-12,70020.68,70033.64,69443.85,69551.03,0
2023-12-13,69648.56,69657.93,69100.56,69584.6,0
2023-12-14,70146.09,70602.89,70110.75,70514.2,0
2023-12-15,70804.13,71605.76,70655.97,71483.75,0
2023-12-18,71437.35,71552.24,71142.29,71315.09,0
2023-12-19,71479.28,71623.71,71071.98,71437.19,0
2023-12-20,71647.66,71913.07,70302.6,70506.31,0
2023-12-21,69920.89,70958.71,69920.39,70865.1,0
2023-12-22,71045.65,71259.55,70713.56,71106.96,0
2023-12-26,71097.78,71471.29,71012.08,71336.8,0
2023-12-27,71492.02,72119.85,71473.65,72038.43,0
2023-12-28,72262.67,72484.34,72137.45,72410.38,0
2023-12-29,72351.59,72417.01,72082.64,72240.26,0
2024-01-01,72218.39,72561.91,72031.23,72271.94,0
2024-01-02,72332.85,72332.85,71613.74,71892.48,0
2024-01-03,71832.62,71862.0,71303.97,71356.6,0
2024-01-04,71678.93,71954.79,71546.6,71847.57,0
2024-01-05,72016.71,72156.48,71779.83,72026.15,0
2024-01-08,72113.25,72181.77,71301.04,71355.22,0
2024-01-09,71770.91,72035.47,71307.27,71386.21,0
2024-01-10,71383.2,71733.84,71110.98,71657.71,0
2024-01-11,71907.75,71999.47,71543.19,71721.18,0
2024-01-12,72148.07,72720.96,71982.29,72568.45,0
2024-01-15,73049.87,73402.16,72909.0,73327.94,0
2024-01-16,73331.95,73427.59,72960.29,73128.77,0
2024-01-17,71998.93,72484.8,71429.3,71500.76,0
2024-01-18,71018.86,71451.29,70665.5,71186.86,0
2024-01-19,71786.74,71895.64,71542.74,71683.23,0
2024-01-20,72008.3,72026.26,71312.71,71423.65,0
2024-01-23,71868.2,72039.2,70234.55,70370.55,0
2024-01-24,70165.49,71149.61,70001.6,71060.31,0
2024-01-25,71022.1,71049.46,70319.04,70700.67,0
2024-01-29,70968.1,72010.22,70880.54,71941.57,0
2024-01-30,72000.2,72142.23,71075.72,71139.9,0
2024-01-31,71073.04,71851.39,70846.04,71752.11,0
2024-02-01,71998.78,72151.02,71574.89,71645.3,0
2024-02-02,71977.56,73089.4,71948.77,72085.63,0
2024-02-05,72269.12,72385.93,71602.14,71731.42,0
2024-02-06,71970.82,72261.4,71625.18,72186.09,0
2024-02-07,72548.5,72559.21,71938.22,72152.0,0
2024-02-08,72473.42,72473.42,71230.62,71428.43,0
2024-02-09,71410.29,71676.49,71200.31,71595.49,0
2024-02-12,71722.31,71756.58,70922.57,71072.49,0
2024-02-13,71292.08,71662.74,70924.3,71555.19,0
2024-02-14,71035.25,71938.59,70809.84,71827.3,0
2024-02-15,72061.47,72164.97,71644.44,72050.38,0
2024-02-16,72406.02,72545.33,72218.1,72426.64,0
2024-02-19,72627.6,72881.93,72308.68,72708.16,0
2024-02-20,72727.87,73130.69,72510.24,73057.4,0
2024-02-21,73267.48,73267.8,72450.56,72623.09,0
2024-02-22,72677.51,73256.39,72081.36,73158.24,0
2024-02-23,73394.44,73413.93,73022.0,73142.8,0
2024-02-26,73044.81,73092.26,72666.82,72790.13,0
2024-02-27,72723.53,73161.3,72660.13,73095.22,0
2024-02-28,73162.82,73223.11,72222.29,72304.88,0
2024-02-29,72220.57,72730.0,72099.32,72500.3,0
2024-03-01,72606.31,73819.21,72591.14,73745.35,0
2024-03-02,73848.19,73994.7,73778.14,73806.15,0
2024-03-04,73903.09,73990.13,73747.01,73872.29,0
2024-03-05,73767.42,73915.54,73412.25,73677.13,0
2024-03-06,73587.7,74151.27,73321.48,74085.99,0
2024-03-07,74242.74,74245.17,73921.48,74119.39,0
2024-03-11,74175.93,74187.35,73433.91,73502.64,0
2024-03-12,73516.42,74004.16,73342.12,73667.96,0
2024-03-13,73993.4,74052.75,72515.71,72761.89,0
2024-03-14,72570.1,73364.3,72497.19,73097.28,0
2024-03-15,72886.77,72998.07,72484.82,72643.43,0
2024-03-18,72587.3,72985.89,72314.16,72748.42,0
2024-03-19,72462.94,72490.09,71933.35,72012.05,0
2024-03-20,72036.86,72402.67,71674.42,72101.69,0
2024-03-21,72507.36,72882.46,72416.03,72641.19,0
2024-03-22,72231.66,73115.62,72172.09,72831.94,0
2024-03-26,72396.97,72705.29,72363.03,72470.3,0
2024-03-27,72692.16,73138.73,72600.73,72996.31,0
2024-03-28,73149.34,74190.31,73120.33,73651.35,0
2024-04-01,73968.62,74254.62,73909.39,74014.55,0
2024-04-02,74022.3,74099.78,73743.77,73903.91,0
2024-04-03,73757.23,74151.21,73540.27,73876.82,0
2024-04-04,74413.82,74501.73,73485.12,74227.63,0
2024-04-05,74287.02,74361.11,73946.92,74248.22,0
2024-04-08,74555.44,74869.3,74410.07,74742.5,0
2024-04-09,75124.28,75124.28,74603.37,74683.7,0
2024-04-10,74953.96,75105.14,74807.55,75038.15,0
2024-04-12,74889.64,74951.88,74189.31,74244.9,0
2024-04-15,73315.16,73905.8,73315.16,73399.78,0
2024-04-16,72892.14,73135.43,72685.03,72943.68,0
2024-04-18,73183.1,73473.05,72365.67,72488.99,0
2024-04-19,71999.65,73210.17,71816.46,73088.33,0
2024-04-22,73666.51,73767.8,73227.32,73648.62,0
2024-04-23,74048.94,74059.89,73688.31,73738.45,0
2024-04-24,73957.57,74121.61,73788.61,73852.94,0
2024-04-25,73572.34,74571.25,73556.15,74339.44,0
2024-04-26,74509.31,74515.91,73616.65,73730.16,0
2024-04-29,73982.75,74721.15,73922.34,74671.28,0
2024-04-30,74800.89,75111.39,74346.4,74482.78,0
2024-05-02,74391.73,74812.43,74360.69,74611.11,0
2024-05-03,75017.82,75095.18,73467.73,73878.15,0
2024-05-06,74196.68,74359.69,73786.29,73895.54,0
2024-05-07,73973.3,74026.8,73259.26,73511.85,0
2024-05-08,73225.0,73684.93,73073.92,73466.39,0
2024-05-09,73499.49,73499.49,72334.18,72404.17,0
2024-05-10,72475.45,72946.54,72366.29,72664.47,0
2024-05-13,72476.65,72863.56,71866.01,72776.13,0
2024-05-14,72696.72,73286.26,72683.99,73104.61,0
2024-05-15,73200.23,73301.47,72822.66,72987.03,0
2024-05-16,73338.24,73749.47,72529.97,73663.72,0
2024-05-17,73711.31,74070.84,73459.8,73917.03,0
2024-05-18,73921.46,74162.76,73920.63,74042.21,0
2024-05-21,73842.96,74189.19,73762.37,73953.31,0
2024-05-22,74165.52,74307.79,73860.33,74221.06,0
2024-05-23,74253.53,75499.91,74158.35,75418.04,0
2024-05-24,75335.45,75636.5,75244.22,75410.39,0
2024-05-27,75655.46,76009.68,75175.27,75390.5,0
2024-05-28,75585.4,75585.4,75083.22,75170.45,0
2024-05-29,74826.94,74986.22,74454.55,74502.9,0
2024-05-30,74365.88,74493.55,73668.73,73885.6,0
2024-05-31,74208.53,74478.89,73765.15,73961.31,0
2024-06-03,76583.29,76738.89,75678.43,76468.78,0
2024-06-04,76285.78,76300.46,70234.43,72079.05,0
2024-06-05,73027.88,74534.82,71879.44,74382.24,0
2024-06-06,75078.7,75297.73,74474.94,75074.51,0
2024-06-07,75031.79,76795.31,74941.88,76693.36,0
2024-06-10,76935.41,77079.04,76379.73,76490.08,0
2024-06-11,76680.9,76860.53,76296.44,76456.59,0
2024-06-12,76679.11,77050.53,76533.78,76606.57,0
2024-06-13,77102.05,77145.46,76719.7,76810.9,0
2024-06-14,76912.38,77081.3,76549.05,76992.77,0
2024-06-18,77235.31,77366.77,77071.44,77301.14,0
2024-06-19,77543.22,77851.63,76954.87,77337.59,0
2024-06-20,77554.83,77643.09,77100.36,77478.93,0
2024-06-21,77729.48,77808.45,76802.0,77209.9,0
2024-06-24,76885.65,77423.02,76745.94,77341.08,0
2024-06-25,77529.19,78164.71,77459.6,78053.52,0
2024-06-26,78094.02,78759.4,77945.94,78674.25,0
2024-06-27,78758.67,79396.03,78467.34,79243.18,0
2024-06-28,79457.58,79671.58,78905.89,79032.73,0
2024-07-01,79043.35,79561.0,78971.79,79476.19,0
2024-07-02,79840.37,79855.87,79231.11,79441.45,0
2024-07-03,80013.77,80074.3,79754.95,79986.8,0
2024-07-04,80321.79,80392.64,79986.41,80049.67,0
2024-07-05,79778.98,80149.87,79478.96,79996.6,0
2024-07-08,79915.0,80067.46,79731.83,79960.38,0
2024-07-09,80107.21,80397.17,79998.56,80351.64,0
2024-07-10,80481.36,80481.36,79435.76,79924.77,0
2024-07-11,80170.09,80170.09,79464.38,79897.34,0
2024-07-12,80093.62,80893.51,79843.39,80519.34,0
2024-07-15,80686.54,80862.54,80556.97,80664.86,0
2024-07-16,80731.49,80898.3,80598.06,80716.55,0
2024-07-18,80514.25,81522.55,80390.37,81343.46,0
2024-07-19,81585.06,81587.76,80499.1,80604.65,0
2024-07-22,80408.9,80800.92,80100.65,80502.08,0
2024-07-23,80724.3,80766.41,79224.32,80429.04,0
2024-07-24,80343.38,80519.58,79750.51,80148.88,0
2024-07-25,79542.11,80143.1,79477.83,80039.8,0
2024-07-26,80158.5,81427.18,80013.6,81332.72,0
2024-07-29,81679.65,81908.43,81135.91,81355.84,0
2024-07-30,81349.28,81815.27,81230.44,81455.4,0
2024-07-31,81655.9,81828.04,81434.32,81741.34,0
2024-08-01,81949.68,82129.49,81700.21,81867.55,0
2024-08-02,81158.99,81345.6,80868.91,80981.95,0
2024-08-05,78588.19,79780.61,78295.86,78759.4,0
2024-08-06,78981.97,79852.08,78496.57,78593.07,0
2024-08-07,79565.4,79639.2,79106.2,79468.01,0
2024-08-08,79420.49,79626.92,78798.94,78886.22,0
2024-08-09,79984.24,79984.24,79549.09,79705.91,0
2024-08-12,79330.12,80106.18,79226.13,79648.92,0
2024-08-13,79552.51,79692.55,78889.38,78956.03,0
2024-08-14,79065.22,79228.94,78895.72,79105.88,0
2024-08-16,79754.85,80518.21,79306.69,80436.84,0
2024-08-19,80680.25,80724.4,80332.65,80424.68,0
2024-08-20,80722.54,80942.96,80517.95,80802.86,0
2024-08-21,80667.25,80952.83,80626.38,80905.3,0
2024-08-22,81207.24,81236.45,80954.02,81053.19,0
2024-08-23,81165.65,81231.49,80883.26,81086.21,0
2024-08-26,81388.26,81824.27,81278.44,81698.11,0
2024-08-27,81815.23,81919.11,81600.51,81711.76,0
2024-08-28,81779.84,82039.26,81578.32,81785.56,0
2024-08-29,81822.56,82285.83,81682.78,82134.61,0
2024-08-30,82637.03,82637.03,82256.02,82365.77,0
2024-09-02,82725.28,82725.28,82440.93,82559.84,0
2024-09-03,82652.69,82675.06,82400.76,82555.44,0
2024-09-04,81845.5,82408.54,81833.69,82352.64,0
2024-09-05,82469.79,82617.49,82130.44,82201.16,0
2024-09-06,82171.08,82254.79,80981.93,81183.93,0
2024-09-09,80973.75,81653.36,80895.05,81559.54,0
2024-09-10,81768.72,82196.55,81445.3,81921.29,0
2024-09-11,81928.12,82134.95,81423.14,81523.16,0
2024-09-12,81930.18,83116.19,81534.29,82962.71,0
2024-09-13,83091.55,83092.93,82653.22,82890.94,0
2024-09-16,82985.33,83184.34,82832.82,82988.78,0
2024-09-17,83084.63,83152.41,82866.68,83079.66,0
2024-09-18,83037.13,83326.38,82700.63,82948.23,0
2024-09-19,83359.17,83773.61,83071.66,83184.8,0
2024-09-20,83603.04,84694.46,83187.64,84544.31,0
2024-09-23,84651.15,84980.53,84607.38,84928.61,0
2024-09-24,84860.73,85163.23,84716.07,84914.04,0
2024-09-25,84836.45,85247.42,84743.04,85169.87,0
2024-09-26,85167.56,85930.43,85106.74,85836.12,0
2024-09-27,85893.84,85978.25,85474.58,85571.85,0
2024-09-30,85208.76,85359.65,84257.14,84299.78,0
2024-10-01,84257.17,84648.4,84098.94,84266.29,0
2024-10-03,83002.09,83752.81,82434.02,82497.1,0
2024-10-04,82244.25,83368.32,81532.68,81688.45,0
2024-10-07,81926.99,82137.77,80726.06,81050.0,0
2024-10-08,80826.56,81763.28,80813.07,81634.81,0
2024-10-09,81954.58,82319.21,81342.89,81467.1,0
2024-10-10,81832.66,82002.84,81538.94,81611.41,0
2024-10-11,81478.49,81671.38,81304.15,81381.36,0
2024-10-14,81576.93,82072.17,81541.2,81973.05,0
2024-10-15,82101.86,82300.44,81635.57,81820.12,0
2024-10-16,81646.6,81932.15,81358.26,81501.36,0
2024-10-17,81758.07,81781.4,80905.64,81006.61,0
2024-10-18,80749.26,81391.15,80409.25,81224.75,0
2024-10-21,81770.02,81770.02,80811.23,81151.27,0
2024-10-22,81155.08,81504.24,80149.53,80220.72,0
2024-10-23,79921.13,80646.31,79891.68,80081.98,0
2024-10-24,80098.3,80259.82,79813.02,80065.16,0
2024-10-25,80187.34,80253.19,79137.98,79402.29,0
2024-10-28,79653.67,80539.81,79418.82,80005.04,0
2024-10-29,80037.2,80450.48,79421.35,80369.03,0
2024-10-30,80237.85,80435.61,79821.99,79942.18,0
2024-10-31,80044.95,80044.95,79287.93,79389.06,0
2024-11-01,80023.75,80023.75,79655.55,79724.12,0
2024-11-04,79713.14,79713.14,78232.6,78782.24,0
2024-11-05,78542.16,79523.13,78296.7,79476.63,0
2024-11-06,79771.82,80569.73,79459.12,80378.13,0
2024-11-07,80563.42,80563.42,79419.34,79541.79,0
2024-11-08,79611.9,79807.26,79117.37,79486.32,0
2024-11-11,79298.46,80102.14,79001.34,79496.15,0
2024-11-12,79644.95,79820.98,78547.84,78675.18,0
2024-11-13,78495.53,78690.02,77533.3,77690.95,0
2024-11-14,77636.94,78055.52,77424.81,77580.31,0
2024-11-18,77863.54,77886.97,76965.06,77339.01,0
2024-11-19,77548.0,78451.65,77411.31,77578.38,0
2024-11-21,77711.11,77711.11,76802.73,77155.79,0
2024-11-22,77349.74,79218.19,77226.69,79117.11,0
2024-11-25,80193.47,80473.08,79765.99,80109.85,0
2024-11-26,80415.47,80482.36,79798.67,80004.06,0
2024-11-27,80121.03,80511.15,79844.49,80234.08,0
2024-11-28,80281.64,80447.4,78918.92,79043.74,0
2024-11-29,79032.99,79923.9,79026.18,79802.79,0
2024-12-02,79743.87,80337.82,79308.95,80248.08,0
2024-12-03,80529.2,80949.1,80244.78,80845.75,0
2024-12-04,81036.22,81245.39,80630.53,80956.33,0
2024-12-05,81182.74,82317.74,80467.37,81765.86,0
2024-12-06,81887.54,81925.91,81506.19,81709.12,0
2024-12-09,81602.58,81783.28,81411.55,81508.46,0
2024-12-10,81575.96,81726.34,81182.69,81510.05,0
2024-12-11,81568.39,81742.37,81383.42,81526.14,0
2024-12-12,81476.76,81680.97,81211.64,81289.96,0
2024-12-13,81212.45,82213.92,80082.82,82133.12,0
2024-12-16,82000.31,82116.44,81551.28,81748.57,0
2024-12-17,81511.81,81613.64,80612.2,80684.45,0
2024-12-18,80666.26,80868.02,80050.07,80182.2,0
2024-12-19,79029.03,79516.17,79020.08,79218.05,0
2024-12-20,79335.48,79587.15,77874.59,78041.59,0
2024-12-23,78488.64,78918.12,78189.19,78540.17,0
2024-12-24,78707.37,78877.36,78397.79,78472.87,0
2024-12-26,78557.28,78898.37,78173.38,78472.48,0
2024-12-27,78607.62,79043.15,78598.55,78699.07,0
2024-12-30,78637.58,79092.7,78077.13,78248.13,0
2024-12-31,77982.57,78305.34,77560.79,78139.01,0
2025-01-01,78265.07,78756.49,77898.3,78507.41,0
2025-01-02,78657.52,80032.87,78542.37,79943.71,0
2025-01-03,80072.99,80072.99,79109.73,79223.11,0
2025-01-06,79281.65,79532.67,77781.62,77964.99,0
2025-01-07,78019.8,78452.74,77925.09,78199.11,0
2025-01-08,78319.45,78319.45,77486.79,78148.49,0
2025-01-09,78206.21,78206.21,77542.92,77620.21,0
2025-01-10,77682.59,77919.7,77099.55,77378.91,0
2025-01-13,76629.9,77128.35,76249.72,76330.01,0
2025-01-14,76335.75,76835.61,76335.75,76499.63,0
2025-01-15,76900.14,76991.05,76479.7,76724.08,0
2025-01-16,77319.5,77319.5,76895.51,77042.82,0
2025-01-17,77069.19,77069.19,76263.29,76619.33,0
2025-01-20,76978.53,77318.94,76584.84,77073.44,0
2025-01-21,77261.72,77337.36,75641.87,75838.36,0
2025-01-22,76114.42,76463.13,75816.5,76404.99,0
2025-01-23,76414.52,76743.54,76202.12,76520.38,0
2025-01-24,76455.35,76985.95,76091.75,76190.46,0
2025-01-27,75700.43,75925.72,75267.59,75366.17,0
2025-01-28,75659.0,76512.96,75622.88,75901.41,0
2025-01-29,76138.24,76599.73,75975.8,76532.96,0
2025-01-30,76598.84,76962.88,76401.13,76759.81,0
2025-01-31,76888.89,77605.96,76833.87,77500.57,0
2025-02-01,77637.01,77899.05,77006.47,77505.96,0
2025-02-03,77063.94,77260.37,76756.09,77186.74,0
2025-02-04,77687.6,78658.59,77402.37,78583.81,0
2025-02-05,78704.6,78735.41,78216.25,78271.28,0
2025-02-06,78513.36,78551.66,77843.99,78058.16,0
2025-02-07,78119.6,78356.98,77475.74,77860.19,0
2025-02-10,77789.3,77849.58,77106.89,77311.8,0
2025-02-11,77384.98,77387.28,76030.59,76293.6,0
2025-02-12,76188.24,76459.72,75388.39,76171.08,0
2025-02-13,76201.1,76764.53,76013.43,76138.97,0
2025-02-14,76388.99,76483.06,75439.64,75939.21,0
2025-02-17,75641.41,76041.96,75294.76,75996.86,0
2025-02-18,76073.71,76091.69,75531.01,75967.39,0
2025-02-19,75787.27,76338.58,75581.38,75939.18,0
2025-02-20,75672.84,75794.15,75463.01,75735.96,0
2025-02-21,75612.61,75748.72,75112.41,75311.06,0
2025-02-24,74893.45,74907.04,74387.44,74454.41,0
2025-02-25,74440.3,74785.08,74400.37,74602.12,0
2025-02-27,74706.6,74834.09,74520.78,74612.43,0
2025-02-28,74201.77,74282.43,73141.27,73198.1,0
2025-03-03,73427.65,73649.72,72784.54,73085.94,0
2025-03-04,72817.34,73033.18,72633.54,72989.93,0
2025-03-05,73005.37,73933.8,72894.05,73730.23,0
2025-03-06,74308.3,74390.8,73415.68,74340.09,0
2025-03-07,74347.14,74586.43,74038.03,74332.58,0
2025-03-10,74474.98,74741.25,74022.24,74115.17,0
2025-03-11,73743.88,74195.17,73663.6,74102.32,0
2025-03-12,74270.81,74392.15,73598.16,74029.76,0
2025-03-13,74392.54,74401.11,73770.59,73828.91,0
2025-03-17,73830.03,74376.35,73796.06,74169.95,0
2025-03-18,74608.66,75385.76,74480.15,75301.26,0
2025-03-19,75473.17,75568.38,75201.48,75449.05,0
2025-03-20,75917.11,76456.25,75684.58,76348.06,0
2025-03-21,76155.0,77041.94,76095.26,76905.51,0
2025-03-24,77456.27,78107.23,77179.35,77984.38,0
2025-03-25,78296.28,78741.69,77745.63,78017.19,0
2025-03-26,78021.45,78167.87,77194.22,77288.5,0
2025-03-27,77087.39,77747.46,77082.51,77606.43,0
2025-03-28,77690.69,77766.7,77185.62,77414.92,0
2025-04-01,76882.58,77487.05,75912.18,76024.51,0
2025-04-02,76146.28,76680.35,76064.94,76617.44,0
2025-04-03,75811.86,76493.74,75807.55,76295.36,0
2025-04-04,76160.09,76258.12,75240.55,75364.69,0
2025-04-07,71449.94,73403.99,71425.01,73137.9,0
2025-04-08,74013.73,74859.39,73424.92,74227.08,0
2025-04-09,74103.83,74103.83,73673.06,73847.15,0
2025-04-11,74835.49,75467.33,74762.84,75157.26,0
2025-04-15,76852.06,76907.63,76435.07,76734.89,0
2025-04-16,76996.78,77110.23,76543.77,77044.29,0
2025-04-17,76968.02,78616.77,76665.77,78553.2,0
2025-04-21,78903.09,79635.05,78776.06,79408.5,0
2025-04-22,79728.39,79824.3,79253.44,79595.59,0
2025-04-23,80142.09,80254.55,79506.9,80116.49,0
2025-04-24,80058.43,80173.92,79724.55,79801.43,0
2025-04-25,79830.15,80130.66,78605.81,79212.53,0
2025-04-28,79343.63,80321.88,79341.35,80218.37,0
2025-04-29,80396.92,80661.31,80122.02,80288.38,0
2025-04-30,80370.8,80525.61,79879.15,80242.24,0
2025-05-02,80300.19,81177.93,80168.59,80501.99,0
2025-05-05,80661.62,81049.03,80657.71,80796.84,0
2025-05-06,80907.24,80981.58,80481.03,80641.07,0
2025-05-07,79948.8,80844.63,79937.48,80746.78,0
2025-05-08,80912.34,80927.99,79987.61,80334.81,0
2025-05-09,78968.34,80032.93,78968.34,79454.47,0
2025-05-12,80803.8,82495.97,80651.07,82429.9,0
2025-05-13,82249.6,82572.81,81043.69,81148.22,0
2025-05-14,81278.49,81691.87,80910.03,81330.56,0
2025-05-15,81354.43,82718.14,80762.16,82530.74,0
2025-05-16,82392.63,82514.81,82146.95,82330.59,0
2025-05-19,82354.92,82424.1,81964.57,82059.42,0
2025-05-20,82116.17,82250.42,81153.7,81186.44,0
2025-05-21,81327.61,82021.64,81237.06,81596.63,0
2025-05-22,81323.05,81323.24,80489.92,80951.99,0
2025-05-23,80897.0,81905.17,80897.0,81721.08,0
2025-05-26,81928.95,82492.24,81867.23,82176.45,0
2025-05-27,82038.2,82410.52,81121.7,81551.63,0
2025-05-28,81457.61,81613.36,81244.02,81312.32,0
2025-05-29,81591.03,81816.89,81106.98,81633.02,0
2025-05-30,81465.69,81698.21,81286.45,81451.01,0
2025-06-02,81214.42,81474.26,80654.26,81373.75,0
2025-06-03,81492.5,81774.23,80575.09,80737.51,0
2025-06-04,80777.65,81087.29,80705.18,80998.25,0
2025-06-05,81196.08,81911.13,80983.73,81442.04,0
2025-06-06,81434.24,82299.89,81140.11,82188.99,0
2025-06-09,82574.55,82669.0,82369.24,82445.21,0
2025-06-10,82643.73,82680.79,82240.4,82391.72,0
2025-06-11,82473.02,82783.51,82308.91,82515.14,0
2025-06-12,82571.67,82661.04,81523.16,81691.98,0
2025-06-13,80427.81,81238.68,80354.59,81118.6,0
2025-06-16,81034.45,81865.82,81012.31,81796.15,0
2025-06-17,81869.47,81890.15,81427.01,81583.3,0
2025-06-18,81314.62,81858.97,81237.01,81444.66,0
2025-06-19,81403.94,81583.94,81191.04,81361.87,0
2025-06-20,81354.85,82494.49,81323.2,82408.17,0
2025-06-23,81704.07,82169.67,81476.76,81896.79,0
2025-06-24,82534.61,83018.16,81900.12,82055.11,0
2025-06-25,82448.8,82815.91,82339.57,82755.51,0
2025-06-26,82882.92,83812.09,82816.26,83755.87,0
2025-06-27,83774.45,84089.35,83645.41,84058.9,0
2025-06-30,84027.33,84099.53,83482.13,83606.46,0
2025-07-01,83685.66,83874.29,83572.51,83697.29,0
2025-07-02,83790.72,83935.01,83150.77,83409.69,0
2025-07-03,83540.74,83850.09,83186.74,83239.47,0
2025-07-04,83306.81,83477.86,83015.83,83432.89,0
2025-07-07,83398.08,83516.82,83262.23,83442.5,0
2025-07-08,83387.03,83812.31,83320.95,83712.51,0
2025-07-09,83625.89,83781.36,83382.28,83536.08,0
2025-07-10,83658.2,83742.28,83134.97,83190.28,0
2025-07-11,82820.76,83040.74,82442.25,82500.47,0
2025-07-14,82537.87,82537.87,82010.38,82253.46,0
2025-07-15,82233.16,82743.62,82221.74,82570.91,0
2025-07-16,82534.66,82784.75,82342.94,82634.48,0
2025-07-17,82753.53,82757.09,82219.27,82259.24,0
2025-07-18,82193.62,82334.75,81608.13,81757.73,0
2025-07-21,81918.53,82274.03,81518.66,82200.34,0
2025-07-22,82527.43,82538.17,82110.63,82186.81,0
2025-07-23,82451.87,82786.43,82279.73,82726.64,0
2025-07-24,82779.95,82784.24,82047.22,82184.17,0
2025-07-25,82065.76,82069.51,81397.69,81463.09,0
2025-07-28,81299.97,81557.41,80776.44,80891.02,0
2025-07-29,80620.25,81429.88,80575.45,81337.95,0
2025-07-30,81594.52,81618.96,81187.06,81481.86,0
2025-07-31,80695.5,81803.27,80695.15,81185.58,0
2025-08-01,81074.41,81317.51,80495.57,80599.91,0
2025-08-04,80765.83,81093.19,80500.51,81018.72,0
2025-08-05,80946.43,81010.49,80554.4,80710.25,0
2025-08-06,80694.98,80834.43,80448.82,80543.99,0
2025-08-07,80262.98,80737.55,79811.29,80623.26,0
2025-08-08,80478.01,80550.4,79775.84,79857.79,0
2025-08-11,79885.36,80636.05,79772.46,80604.08,0
2025-08-12,80508.51,80997.67,80164.36,80235.59,0
2025-08-13,80492.17,80683.74,80319.0,80539.91,0
2025-08-14,80625.28,80751.18,80489.86,80597.66,0
2025-08-18,81315.79,81765.77,81202.42,81273.75,0
2025-08-19,81319.11,81755.88,81315.44,81644.39,0
2025-08-20,81671.47,81985.62,81494.5,81857.84,0
2025-08-21,82220.46,82231.17,81921.22,82000.71,0
2025-08-22,81951.48,81993.61,81291.77,81306.85,0
2025-08-25,81501.06,81799.06,81364.86,81635.91,0
2025-08-26,81377.39,81450.28,80685.98,80786.54,0
2025-08-28,80754.66,80775.71,80013.02,80080.57,0
2025-08-29,80010.83,80310.74,79741.76,79809.65,0
2025-09-01,79828.99,80406.84,79818.38,80364.49,0
2025-09-02,80520.09,80761.14,80008.5,80157.88,0
2025-09-03,80295.99,80671.28,80004.6,80567.71,0
2025-09-04,81456.67,81456.67,80608.94,80718.01,0
2025-09-05,81012.42,81036.56,80321.19,80710.76,0
2025-09-08,80904.4,81171.38,80733.07,80787.3,0
2025-09-09,81129.69,81181.37,80927.97,81101.32,0
2025-09-10,81504.36,81643.88,81235.42,81425.15,0
2025-09-11,81217.3,81642.22,81216.91,81548.73,0
2025-09-12,81758.95,81992.85,81641.38,81904.7,0
2025-09-15,81925.51,81998.51,81744.7,81785.74,0
2025-09-16,81852.11,82443.48,81779.94,82380.69,0
2025-09-17,82506.4,82741.95,82490.47,82693.71,0
2025-09-18,83108.92,83141.21,82704.92,83013.96,0
2025-09-19,82946.04,82978.63,82485.92,82626.23,0
2025-09-22,82151.07,82583.16,81997.29,82159.97,0
2025-09-23,82147.37,82370.38,81776.53,82102.1,0
2025-09-24,81917.65,82045.47,81607.84,81715.63,0
2025-09-25,81574.31,81840.73,81092.89,81159.68,0
2025-09-26,80956.01,81033.09,80332.41,80426.46,0
2025-09-29,80588.77,80851.38,80248.84,80364.94,0
2025-09-30,80541.77,80677.82,80201.15,80267.62,0
2025-10-01,80173.24,81068.43,80159.9,80983.31,0
2025-10-03,80684.14,81251.99,80649.57,81207.17,0
2025-10-06,81274.79,81846.42,81155.88,81790.12,0
2025-10-07,81883.95,82309.56,81787.48,81926.75,0
2025-10-08,81899.51,82257.74,81646.08,81773.66,0
2025-10-09,81900.0,82247.73,81667.68,82172.1,0
2025-10-10,82075.45,82654.11,82072.93,82500.82,0
2025-10-13,82049.16,82438.5,82043.14,82327.05,0
2025-10-14,82404.54,82573.37,81781.62,82029.98,0
2025-10-15,82197.25,82727.02,82084.37,82605.43,0
2025-10-16,82794.79,83615.48,82791.35,83467.66,0
2025-10-17,83331.78,84172.24,83206.08,83952.19,0
2025-10-20,84269.3,84656.56,84196.79,84363.37,0
2025-10-21,84484.67,84665.44,84286.4,84426.34,0
2025-10-23,85154.15,85290.06,84445.25,84556.4,0
2025-10-24,84667.23,84707.44,83957.15,84211.88,0
2025-10-27,84297.39,84932.08,84294.2,84778.84,0
2025-10-28,84625.71,84986.94,84219.39,84628.16,0
2025-10-29,84663.68,85105.83,84638.68,84997.13,0
2025-10-30,84750.9,84906.95,84312.65,84404.46,0
2025-10-31,84379.79,84712.79,83905.66,83938.71,0
2025-11-03,83835.1,84127.0,83609.54,83978.49,0
2025-11-04,84000.64,84068.01,83412.77,83459.15,0
2025-11-06,83516.69,83846.35,83237.65,83311.01,0
2025-11-07,83150.15,83390.11,82670.95,83216.28,0
2025-11-10,83198.2,83754.49,83197.67,83535.35,0
2025-11-11,83671.52,83936.47,83124.03,83871.32,0
2025-11-12,84238.86,84652.01,84166.75,84466.51,0
2025-11-13,84525.89,84919.43,84253.05,84478.67,0
2025-11-14,84060.14,84697.87,84029.32,84562.78,0
2025-11-17,84700.5,84988.09,84581.08,84950.95,0
2025-11-18,85042.37,85042.41,84558.36,84673.02,0
2025-11-19,84643.78,85236.77,84525.98,85186.47,0
2025-11-20,85470.92,85801.7,85201.22,85632.68,0
2025-11-21,85347.4,85609.4,85187.84,85231.92,0
2025-11-24,85320.04,85473.47,84710.11,84900.71,0
2025-11-25,85008.93,85110.24,84536.73,84587.01,0
2025-11-26,84503.44,85644.19,84478.13,85609.51,0
2025-11-27,85745.05,86055.86,85473.85,85720.38,0
2025-11-28,85791.55,85969.89,85577.82,85706.67,0
2025-12-01,86065.92,86159.02,85489.65,85641.9,0
2025-12-02,85325.51,85553.51,85053.0,85138.27,0
2025-12-03,85150.64,85269.68,84763.64,85106.81,0
2025-12-04,84987.56,85487.21,84949.98,85265.32,0
2025-12-05,85125.48,85796.72,85078.12,85712.37,0
2025-12-08,85624.84,85722.97,84875.59,85102.69,0
2025-12-09,84742.87,84947.89,84382.96,84666.28,0
2025-12-10,84607.49,85020.34,84313.62,84391.27,0
2025-12-11,84456.75,84906.93,84150.19,84818.13,0
2025-12-12,85051.03,85320.82,84956.74,85267.66,0
2025-12-15,84891.75,85278.63,84840.32,85213.36,0
2025-12-16,85025.61,85059.96,84620.61,84679.86,0
2025-12-17,84856.26,84889.45,84415.98,84559.65,0
2025-12-18,84518.33,84780.19,84238.43,84481.81,0
2025-12-19,84756.79,85067.5,84734.96,84929.36,0
2025-12-22,85145.9,85601.33,85145.86,85567.48,0
2025-12-23,85690.1,85704.93,85342.99,85524.84,0
2025-12-24,85533.11,85738.18,85342.19,85408.7,0
2025-12-26,85225.28,85378.51,84937.82,85041.45,0
2025-12-29,85004.75,85250.0,84637.86,84695.54,0
2025-12-30,84600.99,84806.99,84470.94,84675.08,0
2025-12-31,84793.58,85437.17,84705.57,85220.6,0
2026-01-01,85255.55,85451.7,85101.52,85188.6,0
2026-01-02,85259.36,85812.27,85068.88,85762.01,0
2026-01-05,85640.05,85883.5,85315.33,85439.62,0
2026-01-06,85331.14,85397.78,84900.1,85063.34,0
2026-01-07,84620.4,85075.99,84617.49,84961.14,0
2026-01-08,84778.02,84965.27,84110.1,84180.96,0
2026-01-09,84022.09,84406.22,83402.28,83576.24,0
2026-01-12,83435.31,83962.33,82861.07,83878.17,0
2026-01-13,84079.32,84258.03,83262.79,83627.69,0
2026-01-14,83358.54,83809.98,83185.2,83382.71,0
2026-01-16,83670.79,84134.97,83456.5,83570.35,0
2026-01-19,83494.49,83539.93,82898.31,83246.18,0
2026-01-20,83207.38,83254.28,82010.58,82180.47,0
2026-01-21,81794.65,82407.05,81124.45,81909.63,0
2026-01-22,82459.66,82783.18,81874.39,82307.37,0
2026-01-23,82335.94,82516.27,81471.82,81537.7,0
2026-01-27,81436.79,82084.92,81088.59,81857.48,0
2026-01-28,81892.36,82503.97,81814.75,82344.68,0
2026-01-29,82368.96,82689.96,81707.94,82566.37,0
2026-01-30,81947.31,82430.82,81941.03,82269.78,0
2026-02-01,82388.97,82726.65,79899.42,80722.94,0
2026-02-02,80555.68,81732.25,80387.25,81666.46,0
2026-02-03,85323.2,85871.73,83501.22,83739.13,0
2026-02-04,83252.06,83947.53,83119.95,83817.69,0
2026-02-05,83757.54,83784.17,83151.62,83313.93,0
2026-02-06,83249.32,83612.12,82925.35,83580.4,0
2026-02-09,84177.51,84314.68,83860.42,84065.75,0
2026-02-10,84210.0,84482.95,84063.47,84273.92,0
2026-02-11,84339.15,84487.34,84081.25,84233.64,0
2026-02-12,83968.43,84061.62,83516.67,83674.92,0
2026-02-13,82902.73,83079.7,82534.55,82626.76,0
2026-02-16,82480.4,83333.49,82276.95,83277.15,0
2026-02-17,83197.67,83598.0,82987.43,83450.96,0
2026-02-18,83553.59,83770.05,83163.62,83734.25,0
2026-02-19,83969.82,83979.36,82264.2,82498.14,0
2026-02-20,82272.49,83132.08,82206.21,82814.71,0
2026-02-23,82906.83,83486.15,82906.83,83294.66,0
2026-02-24,83052.54,83079.51,81934.73,82225.92,0
2026-02-25,82530.12,82957.91,82132.63,82276.07,0
2026-02-26,82418.78,82579.16,81970.47,82248.61,0
2026-02-27,82220.48,82246.17,81159.15,81287.19,0
2026-03-02,78543.73,80632.55,78543.73,80238.85,0
