timestamp,strategy,symbol,signal_type,spot,strike,opt_type,entry_premium,target,sl,quality_score,dte,iv,vix,reason,wall_strike,wall_oi,max_pain,vwap,oi_confirmed,distance_pct
2026-03-09T09:30:40.980235,Max Pain Magnet,NIFTY,BUY_CE,23742.3,23750,CE,238.2,357.3,154.83,56,1,0.26445,24.12,"Max Pain: MP=24050, Spot=23742 (1.3% below) -> BUY_CE, DTE=1",,,24050.0,,,1.3
2026-03-09T09:33:41.092412,Max Pain Magnet,NIFTY,BUY_CE,23756.45,23750,CE,245.3,367.95,159.45,64,1,0.26445,23.59,"Max Pain: MP=24000, Spot=23756 (1.0% below) -> BUY_CE, DTE=1",,,24000.0,,,1.03
2026-03-09T09:36:41.155839,Max Pain Magnet,NIFTY,BUY_CE,23760.5,23750,CE,249.7,374.55,162.31,64,1,0.26445,24.0,"Max Pain: MP=24000, Spot=23760 (1.0% below) -> BUY_CE, DTE=1",,,24000.0,,,1.01
2026-03-09T09:39:41.258343,Max Pain Magnet,NIFTY,BUY_CE,23771.55,23750,CE,252.05,378.08,163.83,64,1,0.26445,24.16,"Max Pain: MP=24000, Spot=23772 (1.0% below) -> BUY_CE, DTE=1",,,24000.0,,,0.96
2026-03-09T09:42:41.352807,Max Pain Magnet,NIFTY,BUY_CE,23766.15,23750,CE,245.05,367.58,159.28,64,1,0.26445,24.17,"Max Pain: MP=24000, Spot=23766 (1.0% below) -> BUY_CE, DTE=1",,,24000.0,,,0.98
2026-03-09T09:45:41.418192,Max Pain Magnet,NIFTY,BUY_CE,23744.95,23750,CE,233.6,350.4,151.84,64,1,0.26445,24.31,"Max Pain: MP=24000, Spot=23745 (1.1% below) -> BUY_CE, DTE=1",,,24000.0,,,1.07
2026-03-09T09:48:41.493123,Max Pain Magnet,NIFTY,BUY_CE,23725.2,23750,CE,234.5,351.75,152.43,64,1,0.26445,24.35,"Max Pain: MP=24000, Spot=23725 (1.2% below) -> BUY_CE, DTE=1",,,24000.0,,,1.16
2026-03-09T09:51:41.557563,Max Pain Magnet,NIFTY,BUY_CE,23762.45,23750,CE,241.15,361.73,156.75,64,1,0.26445,24.18,"Max Pain: MP=24000, Spot=23762 (1.0% below) -> BUY_CE, DTE=1",,,24000.0,,,1.0
2026-03-09T09:54:41.642901,Max Pain Magnet,NIFTY,BUY_CE,23762.45,23750,CE,245.65,368.48,159.67,64,1,0.26445,24.28,"Max Pain: MP=24000, Spot=23762 (1.0% below) -> BUY_CE, DTE=1",,,24000.0,,,1.0
2026-03-09T09:57:41.713192,Max Pain Magnet,NIFTY,BUY_CE,23782.1,23800,CE,221.5,332.25,143.97,64,1,0.2574833333333333,24.29,"Max Pain: MP=24000, Spot=23782 (0.9% below) -> BUY_CE, DTE=1",,,24000.0,,,0.92
2026-03-09T10:00:41.793403,Max Pain Magnet,NIFTY,BUY_CE,23768.1,23750,CE,244.0,366.0,158.6,64,1,0.26445,24.29,"Max Pain: MP=24000, Spot=23768 (1.0% below) -> BUY_CE, DTE=1",,,24000.0,,,0.98
2026-03-09T10:03:41.863407,Max Pain Magnet,NIFTY,BUY_CE,23768.1,23750,CE,244.0,366.0,158.6,64,1,0.26445,24.25,"Max Pain: MP=24000, Spot=23768 (1.0% below) -> BUY_CE, DTE=1",,,24000.0,,,0.98
2026-03-09T10:06:41.932446,Max Pain Magnet,NIFTY,BUY_CE,23780.65,23800,CE,209.9,314.85,136.44,64,1,0.2574833333333333,24.29,"Max Pain: MP=24000, Spot=23781 (0.9% below) -> BUY_CE, DTE=1",,,24000.0,,,0.92
2026-03-09T10:09:42.004127,Max Pain Magnet,NIFTY,BUY_CE,23768.1,23750,CE,238.15,357.23,154.8,64,1,0.26445,24.32,"Max Pain: MP=24000, Spot=23768 (1.0% below) -> BUY_CE, DTE=1",,,24000.0,,,0.98
2026-03-09T10:12:42.091439,Max Pain Magnet,NIFTY,BUY_CE,23768.1,23750,CE,258.0,387.0,167.7,64,1,0.26445,24.19,"Max Pain: MP=24000, Spot=23768 (1.0% below) -> BUY_CE, DTE=1",,,24000.0,,,0.98
2026-03-09T10:15:42.227287,Max Pain Magnet,NIFTY,BUY_CE,23780.65,23800,CE,236.6,354.9,153.79,64,1,0.2574833333333333,24.07,"Max Pain: MP=24000, Spot=23781 (0.9% below) -> BUY_CE, DTE=1",,,24000.0,,,0.92
2026-03-09T10:18:42.304641,Max Pain Magnet,NIFTY,BUY_CE,23810.25,23800,CE,218.35,327.52,141.93,71,1,0.2574833333333333,24.23,"Max Pain: MP=24000, Spot=23810 (0.8% below) -> BUY_CE, DTE=1",,,24000.0,,,0.8
2026-03-09T10:21:42.375749,Max Pain Magnet,NIFTY,BUY_CE,23807.75,23800,CE,202.05,303.08,131.33,64,1,0.2574833333333333,24.23,"Max Pain: MP=24000, Spot=23808 (0.8% below) -> BUY_CE, DTE=1",,,24000.0,,,0.81
2026-03-09T10:24:42.445014,Max Pain Magnet,NIFTY,BUY_CE,23762.8,23750,CE,231.5,347.25,150.47,64,1,0.26445,24.27,"Max Pain: MP=24000, Spot=23763 (1.0% below) -> BUY_CE, DTE=1",,,24000.0,,,1.0
2026-03-09T10:27:42.515377,Max Pain Magnet,NIFTY,BUY_CE,23782.3,23800,CE,202.65,303.98,131.72,60,1,0.4364,24.19,"Max Pain: MP=24000, Spot=23782 (0.9% below) -> BUY_CE, DTE=1",,,24000.0,,,0.92
2026-03-09T10:30:42.615139,Max Pain Magnet,NIFTY,BUY_CE,23782.0,23800,CE,206.9,310.35,134.49,64,1,0.2574833333333333,24.18,"Max Pain: MP=24000, Spot=23782 (0.9% below) -> BUY_CE, DTE=1",,,24000.0,,,0.92
2026-03-09T10:33:42.694167,Max Pain Magnet,NIFTY,BUY_CE,23778.9,23800,CE,203.05,304.58,131.98,60,1,0.4364,24.17,"Max Pain: MP=24000, Spot=23779 (0.9% below) -> BUY_CE, DTE=1",,,24000.0,,,0.93
2026-03-09T10:36:42.764508,Max Pain Magnet,NIFTY,BUY_CE,23753.7,23750,CE,223.95,335.92,145.57,60,1,0.4426666666666667,24.2,"Max Pain: MP=24000, Spot=23754 (1.0% below) -> BUY_CE, DTE=1",,,24000.0,,,1.04
2026-03-09T10:39:42.835293,Max Pain Magnet,NIFTY,BUY_CE,23751.75,23750,CE,217.6,326.4,141.44,60,1,0.4426666666666667,24.28,"Max Pain: MP=24000, Spot=23752 (1.0% below) -> BUY_CE, DTE=1",,,24000.0,,,1.05
2026-03-09T10:42:42.966245,Max Pain Magnet,NIFTY,BUY_CE,23775.7,23800,CE,201.0,301.5,130.65,64,1,0.2574833333333333,24.2,"Max Pain: MP=24000, Spot=23776 (0.9% below) -> BUY_CE, DTE=1",,,24000.0,,,0.94
2026-03-09T10:45:43.040032,Max Pain Magnet,NIFTY,BUY_CE,23775.9,23800,CE,198.9,298.35,129.28,67,1,0.4364,24.21,"Max Pain: MP=23950, Spot=23776 (0.7% below) -> BUY_CE, DTE=1",,,23950.0,,,0.73
2026-03-09T10:48:43.109878,Max Pain Magnet,NIFTY,BUY_CE,23781.7,23800,CE,199.9,299.85,129.94,71,1,0.2574833333333333,24.24,"Max Pain: MP=23950, Spot=23782 (0.7% below) -> BUY_CE, DTE=1",,,23950.0,,,0.71
2026-03-09T10:51:43.181716,Max Pain Magnet,NIFTY,BUY_CE,23758.35,23750,CE,218.85,328.27,142.25,64,1,0.26445,24.26,"Max Pain: MP=23950, Spot=23758 (0.8% below) -> BUY_CE, DTE=1",,,23950.0,,,0.81
2026-03-09T10:54:43.285717,Max Pain Magnet,NIFTY,BUY_CE,23779.4,23800,CE,196.8,295.2,127.92,71,1,0.2574833333333333,24.12,"Max Pain: MP=23950, Spot=23779 (0.7% below) -> BUY_CE, DTE=1",,,23950.0,,,0.72
2026-03-09T10:57:43.356004,Max Pain Magnet,NIFTY,BUY_CE,23851.7,23850,CE,221.35,332.02,143.88,71,1,0.2502333333333333,23.81,"Max Pain: MP=24000, Spot=23852 (0.6% below) -> BUY_CE, DTE=1",,,24000.0,,,0.62
2026-03-09T11:00:43.444695,Max Pain Magnet,NIFTY,BUY_CE,23872.3,23850,CE,229.05,343.58,148.88,71,1,0.2502333333333333,23.6,"Max Pain: MP=24000, Spot=23872 (0.5% below) -> BUY_CE, DTE=1",,,24000.0,,,0.53
2026-03-09T11:00:43.444708,Max Pain Magnet,SENSEX,BUY_CE,77106.51,77100,CE,1024.05,1433.67,665.63,55,3,0.3609909916982421,23.6,"Max Pain: MP=78000, Spot=77107 (1.2% below) -> BUY_CE, DTE=3",,,78000.0,,,1.16
2026-03-09T11:03:43.521879,Max Pain Magnet,NIFTY,BUY_CE,23865.1,23850,CE,214.0,321.0,139.1,71,1,0.2502333333333333,23.77,"Max Pain: MP=24000, Spot=23865 (0.6% below) -> BUY_CE, DTE=1",,,24000.0,,,0.57
2026-03-09T11:06:43.664186,Max Pain Magnet,NIFTY,BUY_CE,23863.55,23850,CE,213.8,320.7,138.97,67,1,0.4314,23.73,"Max Pain: MP=24000, Spot=23864 (0.6% below) -> BUY_CE, DTE=1",,,24000.0,,,0.57
2026-03-09T11:09:43.751608,Max Pain Magnet,NIFTY,BUY_CE,23865.1,23850,CE,212.6,318.9,138.19,71,1,0.2502333333333333,23.78,"Max Pain: MP=24000, Spot=23865 (0.6% below) -> BUY_CE, DTE=1",,,24000.0,,,0.57
2026-03-09T11:12:43.833517,Max Pain Magnet,NIFTY,BUY_CE,23863.55,23850,CE,199.25,298.88,129.51,67,1,0.4314,23.86,"Max Pain: MP=24000, Spot=23864 (0.6% below) -> BUY_CE, DTE=1",,,24000.0,,,0.57
2026-03-09T11:15:43.904499,Max Pain Magnet,NIFTY,BUY_CE,23863.55,23850,CE,180.9,271.35,117.59,67,1,0.4314,24.08,"Max Pain: MP=24000, Spot=23864 (0.6% below) -> BUY_CE, DTE=1",,,24000.0,,,0.57
2026-03-09T11:18:43.979423,Max Pain Magnet,NIFTY,BUY_CE,23818.2,23800,CE,210.65,315.98,136.92,71,1,0.2574833333333333,23.96,"Max Pain: MP=24000, Spot=23818 (0.8% below) -> BUY_CE, DTE=1",,,24000.0,,,0.76
2026-03-09T11:21:44.057234,Max Pain Magnet,NIFTY,BUY_CE,23830.75,23850,CE,201.4,302.1,130.91,71,1,0.2502333333333333,23.91,"Max Pain: MP=24000, Spot=23831 (0.7% below) -> BUY_CE, DTE=1",,,24000.0,,,0.71
2026-03-09T11:24:44.198359,Max Pain Magnet,NIFTY,BUY_CE,23839.85,23850,CE,214.9,322.35,139.69,67,1,0.4314,23.74,"Max Pain: MP=24000, Spot=23840 (0.7% below) -> BUY_CE, DTE=1",,,24000.0,,,0.67
2026-03-09T11:24:44.198368,Max Pain Magnet,SENSEX,BUY_CE,77021.02,77000,CE,1058.05,1481.27,687.73,55,3,0.357284711249886,23.74,"Max Pain: MP=77900, Spot=77021 (1.1% below) -> BUY_CE, DTE=3",,,77900.0,,,1.14
2026-03-09T11:27:44.282586,Max Pain Magnet,NIFTY,BUY_CE,23847.4,23850,CE,211.15,316.73,137.25,67,1,0.4314,23.74,"Max Pain: MP=24000, Spot=23847 (0.6% below) -> BUY_CE, DTE=1",,,24000.0,,,0.64
2026-03-09T11:27:44.282599,Max Pain Magnet,SENSEX,BUY_CE,77006.81,77000,CE,1041.55,1458.17,677.01,55,3,0.3560036586097996,23.74,"Max Pain: MP=77900, Spot=77007 (1.2% below) -> BUY_CE, DTE=3",,,77900.0,,,1.16
2026-03-09T11:30:44.358683,Max Pain Magnet,NIFTY,BUY_CE,23847.4,23850,CE,217.3,325.95,141.25,67,1,0.4314,23.76,"Max Pain: MP=24000, Spot=23847 (0.6% below) -> BUY_CE, DTE=1",,,24000.0,,,0.64
2026-03-09T11:30:44.358697,Max Pain Magnet,SENSEX,BUY_CE,77020.25,77000,CE,1088.3,1523.62,707.39,55,3,0.3568439560054846,23.76,"Max Pain: MP=77900, Spot=77020 (1.1% below) -> BUY_CE, DTE=3",,,77900.0,,,1.14
2026-03-09T11:33:44.437538,Max Pain Magnet,NIFTY,BUY_CE,23881.5,23900,CE,201.9,302.85,131.24,75,1,0.2468333333333333,23.55,"Max Pain: MP=24000, Spot=23882 (0.5% below) -> BUY_CE, DTE=1",,,24000.0,,,0.5
2026-03-09T11:33:44.437550,Max Pain Magnet,SENSEX,BUY_CE,77130.71,77100,CE,1049.9,1469.86,682.44,55,3,0.3551302396676882,23.55,"Max Pain: MP=77900, Spot=77131 (1.0% below) -> BUY_CE, DTE=3",,,77900.0,,,1.0
2026-03-09T11:36:44.517159,Max Pain Magnet,NIFTY,BUY_CE,23876.4,23900,CE,197.5,296.25,128.38,75,1,0.2468333333333333,23.5,"Max Pain: MP=24000, Spot=23876 (0.5% below) -> BUY_CE, DTE=1",,,24000.0,,,0.52
2026-03-09T11:36:44.517174,Max Pain Magnet,SENSEX,BUY_CE,77082.69,77100,CE,1042.95,1460.13,677.92,55,3,0.3537991221117327,23.5,"Max Pain: MP=77900, Spot=77083 (1.1% below) -> BUY_CE, DTE=3",,,77900.0,,,1.06
2026-03-09T11:39:44.599438,Max Pain Magnet,NIFTY,BUY_CE,23882.9,23900,CE,204.7,307.05,133.06,75,1,0.2468333333333333,23.48,"Max Pain: MP=24000, Spot=23883 (0.5% below) -> BUY_CE, DTE=1",,,24000.0,,,0.49
2026-03-09T11:39:44.599451,Max Pain Magnet,SENSEX,BUY_CE,77129.15,77100,CE,1065.9,1492.26,692.84,55,3,0.3560818007158217,23.48,"Max Pain: MP=77900, Spot=77129 (1.0% below) -> BUY_CE, DTE=3",,,77900.0,,,1.0
2026-03-09T11:42:44.676468,Max Pain Magnet,NIFTY,BUY_CE,23894.0,23900,CE,220.4,330.6,143.26,67,1,0.4029,23.48,"Max Pain: MP=24000, Spot=23894 (0.4% below) -> BUY_CE, DTE=1",,,24000.0,,,0.44
2026-03-09T11:42:44.676480,Max Pain Magnet,SENSEX,BUY_CE,77178.57,77200,CE,1080.25,1512.35,702.16,55,3,0.3526340765926503,23.48,"Max Pain: MP=77900, Spot=77179 (0.9% below) -> BUY_CE, DTE=3",,,77900.0,,,0.93
2026-03-09T11:44:10.256687,Max Pain Magnet,NIFTY,BUY_CE,23911.15,23900,CE,219.85,329.77,142.9,67,1,0.4029,23.37,"Max Pain: MP=24000, Spot=23911 (0.4% below) -> BUY_CE, DTE=1",,,24000.0,,,0.37
2026-03-09T11:44:10.256700,Max Pain Magnet,SENSEX,BUY_CE,77199.79,77200,CE,1012.5,1417.5,658.12,55,3,0.3573155664568685,23.37,"Max Pain: MP=77900, Spot=77200 (0.9% below) -> BUY_CE, DTE=3",,,77900.0,,,0.91
2026-03-09T11:47:12.493533,Max Pain Magnet,NIFTY,BUY_CE,23899.55,23900,CE,200.55,300.83,130.36,75,1,0.2468333333333333,23.49,"Max Pain: MP=24000, Spot=23900 (0.4% below) -> BUY_CE, DTE=1",,,24000.0,,,0.42
2026-03-09T11:47:12.493558,Max Pain Magnet,SENSEX,BUY_CE,77140.04,77100,CE,1050.45,1470.63,682.79,55,3,0.3589841054133856,23.49,"Max Pain: MP=78000, Spot=77140 (1.1% below) -> BUY_CE, DTE=3",,,78000.0,,,1.11
2026-03-09T11:50:12.572210,Max Pain Magnet,NIFTY,BUY_CE,23900.35,23900,CE,208.05,312.08,135.23,67,1,0.4029,23.55,"Max Pain: MP=24000, Spot=23900 (0.4% below) -> BUY_CE, DTE=1",,,24000.0,,,0.42
2026-03-09T11:50:12.572225,Max Pain Magnet,SENSEX,BUY_CE,77171.16,77200,CE,1004.85,1406.79,653.15,55,3,0.3565304604965091,23.55,"Max Pain: MP=78000, Spot=77171 (1.1% below) -> BUY_CE, DTE=3",,,78000.0,,,1.07
2026-03-09T11:53:12.670410,Max Pain Magnet,NIFTY,BUY_CE,23894.7,23900,CE,205.9,308.85,133.84,67,1,0.4029,23.62,"Max Pain: MP=24000, Spot=23895 (0.4% below) -> BUY_CE, DTE=1",,,24000.0,,,0.44
2026-03-09T11:53:12.670433,Max Pain Magnet,SENSEX,BUY_CE,77139.04,77100,CE,1066.75,1493.45,693.39,55,3,0.3581026241654306,23.62,"Max Pain: MP=78000, Spot=77139 (1.1% below) -> BUY_CE, DTE=3",,,78000.0,,,1.12
2026-03-09T11:56:12.755163,Max Pain Magnet,NIFTY,BUY_CE,23891.15,23900,CE,199.1,298.65,129.41,67,1,0.4029,23.65,"Max Pain: MP=24000, Spot=23891 (0.5% below) -> BUY_CE, DTE=1",,,24000.0,,,0.46
2026-03-09T11:56:12.755205,Max Pain Magnet,SENSEX,BUY_CE,77129.26,77100,CE,1035.9,1450.26,673.34,55,3,0.359363142932693,23.65,"Max Pain: MP=77900, Spot=77129 (1.0% below) -> BUY_CE, DTE=3",,,77900.0,,,1.0
2026-03-09T11:59:12.837359,Max Pain Magnet,NIFTY,BUY_CE,23892.0,23900,CE,200.5,300.75,130.33,75,1,0.2468333333333333,23.64,"Max Pain: MP=24000, Spot=23892 (0.5% below) -> BUY_CE, DTE=1",,,24000.0,,,0.45
2026-03-09T11:59:12.837375,Max Pain Magnet,SENSEX,BUY_CE,77149.83,77100,CE,1032.3,1445.22,671.0,55,3,0.3566198258808798,23.64,"Max Pain: MP=77900, Spot=77150 (1.0% below) -> BUY_CE, DTE=3",,,77900.0,,,0.97
2026-03-09T12:02:13.051350,Max Pain Magnet,NIFTY,BUY_CE,23884.35,23900,CE,193.0,289.5,125.45,75,1,0.2468333333333333,23.61,"Max Pain: MP=24000, Spot=23884 (0.5% below) -> BUY_CE, DTE=1",,,24000.0,,,0.48
2026-03-09T12:02:13.051375,Max Pain Magnet,SENSEX,BUY_CE,77089.39,77100,CE,1028.8,1440.32,668.72,55,3,0.3548804374691296,23.61,"Max Pain: MP=77900, Spot=77089 (1.1% below) -> BUY_CE, DTE=3",,,77900.0,,,1.05
2026-03-09T12:05:14.473160,Max Pain Magnet,NIFTY,BUY_CE,23884.35,23900,CE,188.15,282.23,122.3,75,1,0.2468333333333333,23.65,"Max Pain: MP=24000, Spot=23884 (0.5% below) -> BUY_CE, DTE=1",,,24000.0,,,0.48
2026-03-09T12:05:14.473181,Max Pain Magnet,SENSEX,BUY_CE,77073.9,77100,CE,1021.25,1429.75,663.81,55,3,0.3511598347890725,23.65,"Max Pain: MP=77900, Spot=77074 (1.1% below) -> BUY_CE, DTE=3",,,77900.0,,,1.07
2026-03-09T12:08:14.570864,Max Pain Magnet,NIFTY,BUY_CE,23884.35,23900,CE,181.65,272.48,118.07,75,1,0.2468333333333333,23.7,"Max Pain: MP=24000, Spot=23884 (0.5% below) -> BUY_CE, DTE=1",,,24000.0,,,0.48
2026-03-09T12:08:14.570879,Max Pain Magnet,SENSEX,BUY_CE,77033.33,77000,CE,1031.4,1443.96,670.41,55,3,0.3568626001718983,23.7,"Max Pain: MP=77900, Spot=77033 (1.1% below) -> BUY_CE, DTE=3",,,77900.0,,,1.13
2026-03-09T12:11:14.699081,Max Pain Magnet,NIFTY,BUY_CE,23885.5,23900,CE,167.85,251.77,109.1,67,1,0.4029,23.86,"Max Pain: MP=24000, Spot=23886 (0.5% below) -> BUY_CE, DTE=1",,,24000.0,,,0.48
2026-03-09T12:11:14.699104,Max Pain Magnet,SENSEX,BUY_CE,76987.76,77000,CE,1015.0,1421.0,659.75,55,3,0.3536711407182767,23.86,"Max Pain: MP=77800, Spot=76988 (1.1% below) -> BUY_CE, DTE=3",,,77800.0,,,1.06
2026-03-09T12:14:14.818377,Max Pain Magnet,NIFTY,BUY_CE,23885.5,23900,CE,176.6,264.9,114.79,67,1,0.4029,23.8,"Max Pain: MP=24000, Spot=23886 (0.5% below) -> BUY_CE, DTE=1",,,24000.0,,,0.48
2026-03-09T12:14:14.818395,Max Pain Magnet,SENSEX,BUY_CE,76998.36,77000,CE,1019.6,1427.44,662.74,55,3,0.3561918576510574,23.8,"Max Pain: MP=77800, Spot=76998 (1.0% below) -> BUY_CE, DTE=3",,,77800.0,,,1.04
2026-03-09T12:17:15.572569,Max Pain Magnet,NIFTY,BUY_CE,23855.25,23850,CE,204.45,306.67,132.89,71,1,0.2502333333333333,23.8,"Max Pain: MP=24000, Spot=23855 (0.6% below) -> BUY_CE, DTE=1",,,24000.0,,,0.61
2026-03-09T12:17:15.572594,Max Pain Magnet,SENSEX,BUY_CE,76998.36,77000,CE,1019.6,1427.44,662.74,55,3,0.3561918576510574,23.8,"Max Pain: MP=77800, Spot=76998 (1.0% below) -> BUY_CE, DTE=3",,,77800.0,,,1.04
2026-03-09T12:20:15.660069,Max Pain Magnet,NIFTY,BUY_CE,23855.25,23850,CE,204.45,306.67,132.89,71,1,0.2502333333333333,23.81,"Max Pain: MP=24000, Spot=23855 (0.6% below) -> BUY_CE, DTE=1",,,24000.0,,,0.61
2026-03-09T12:20:15.660084,Max Pain Magnet,SENSEX,BUY_CE,77004.74,77000,CE,1023.4,1432.76,665.21,55,3,0.3578252036989817,23.81,"Max Pain: MP=77800, Spot=77005 (1.0% below) -> BUY_CE, DTE=3",,,77800.0,,,1.03
2026-03-09T12:23:15.755646,Max Pain Magnet,NIFTY,BUY_CE,23852.3,23850,CE,200.0,300.0,130.0,67,1,0.4088166666666666,23.8,"Max Pain: MP=24000, Spot=23852 (0.6% below) -> BUY_CE, DTE=1",,,24000.0,,,0.62
2026-03-09T12:23:15.755660,Max Pain Magnet,SENSEX,BUY_CE,77000.27,77000,CE,998.65,1398.11,649.12,55,3,0.3576373311432718,23.8,"Max Pain: MP=77700, Spot=77000 (0.9% below) -> BUY_CE, DTE=3",,,77700.0,,,0.91
2026-03-09T12:26:17.405950,Max Pain Magnet,NIFTY,BUY_CE,23850.1,23850,CE,199.45,299.17,129.64,71,1,0.2502333333333333,23.86,"Max Pain: MP=24000, Spot=23850 (0.6% below) -> BUY_CE, DTE=1",,,24000.0,,,0.63
2026-03-09T12:26:17.405973,Max Pain Magnet,SENSEX,BUY_CE,76967.85,77000,CE,999.65,1399.51,649.77,55,3,0.3569889063596843,23.86,"Max Pain: MP=77700, Spot=76968 (1.0% below) -> BUY_CE, DTE=3",,,77700.0,,,0.95
2026-03-09T12:29:17.494804,Max Pain Magnet,NIFTY,BUY_CE,23860.1,23850,CE,205.5,308.25,133.58,71,1,0.2502333333333333,23.91,"Max Pain: MP=24000, Spot=23860 (0.6% below) -> BUY_CE, DTE=1",,,24000.0,,,0.59
2026-03-09T12:29:17.494818,Max Pain Magnet,SENSEX,BUY_CE,76994.37,77000,CE,1035.5,1449.7,673.08,55,3,0.359253975251123,23.91,"Max Pain: MP=77700, Spot=76994 (0.9% below) -> BUY_CE, DTE=3",,,77700.0,,,0.92
2026-03-09T12:32:17.641593,Max Pain Magnet,NIFTY,BUY_CE,23860.1,23850,CE,208.1,312.15,135.27,67,1,0.3979833333333333,23.92,"Max Pain: MP=24000, Spot=23860 (0.6% below) -> BUY_CE, DTE=1",,,24000.0,,,0.59
2026-03-09T12:32:17.641609,Max Pain Magnet,SENSEX,BUY_CE,77002.89,77000,CE,1027.35,1438.29,667.78,55,3,0.3585153999707383,23.92,"Max Pain: MP=77700, Spot=77003 (0.9% below) -> BUY_CE, DTE=3",,,77700.0,,,0.91
2026-03-09T12:35:17.728819,Max Pain Magnet,NIFTY,BUY_CE,23869.75,23850,CE,209.5,314.25,136.18,67,1,0.3979833333333333,23.92,"Max Pain: MP=24000, Spot=23870 (0.5% below) -> BUY_CE, DTE=1",,,24000.0,,,0.55
2026-03-09T12:35:17.728834,Max Pain Magnet,SENSEX,BUY_CE,77030.5,77000,CE,1022.0,1430.8,664.3,55,3,0.360649561260836,23.92,"Max Pain: MP=77700, Spot=77030 (0.9% below) -> BUY_CE, DTE=3",,,77700.0,,,0.87
2026-03-09T12:38:17.816106,Max Pain Magnet,NIFTY,BUY_CE,23847.25,23850,CE,196.9,295.35,127.99,67,1,0.3975333333333333,23.92,"Max Pain: MP=24000, Spot=23847 (0.6% below) -> BUY_CE, DTE=1",,,24000.0,,,0.64
2026-03-09T12:38:17.816119,Max Pain Magnet,SENSEX,BUY_CE,76941.56,76900,CE,1070.45,1498.63,695.79,55,3,0.3639609890751766,23.92,"Max Pain: MP=77600, Spot=76942 (0.9% below) -> BUY_CE, DTE=3",,,77600.0,,,0.86
2026-03-09T12:40:21.662622,Max Pain Magnet,NIFTY,BUY_CE,23855.6,23850,CE,209.25,313.88,136.01,67,1,0.3968166666666666,23.93,"Max Pain: MP=24000, Spot=23856 (0.6% below) -> BUY_CE, DTE=1",,,24000.0,,,0.61
2026-03-09T12:40:21.662639,Max Pain Magnet,SENSEX,BUY_CE,76980.79,77000,CE,1054.0,1475.6,685.1,55,3,0.3620559344527425,23.93,"Max Pain: MP=77600, Spot=76981 (0.8% below) -> BUY_CE, DTE=3",,,77600.0,,,0.8
2026-03-09T12:43:21.748463,Max Pain Magnet,NIFTY,BUY_CE,23870.0,23850,CE,220.75,331.12,143.49,67,1,0.3968166666666666,23.94,"Max Pain: MP=24000, Spot=23870 (0.5% below) -> BUY_CE, DTE=1",,,24000.0,,,0.54
2026-03-09T12:43:21.748475,Max Pain Magnet,SENSEX,BUY_CE,77034.08,77000,CE,1064.6,1490.44,691.99,62,3,0.366179620604701,23.94,"Max Pain: MP=77600, Spot=77034 (0.7% below) -> BUY_CE, DTE=3",,,77600.0,,,0.73
2026-03-09T12:46:21.829079,Max Pain Magnet,NIFTY,BUY_CE,23873.85,23850,CE,224.5,336.75,145.93,67,1,0.3975333333333333,23.96,"Max Pain: MP=24000, Spot=23874 (0.5% below) -> BUY_CE, DTE=1",,,24000.0,,,0.53
2026-03-09T12:46:21.829093,Max Pain Magnet,SENSEX,BUY_CE,77033.78,77000,CE,1100.75,1541.05,715.49,62,3,0.369660996373703,23.96,"Max Pain: MP=77600, Spot=77034 (0.7% below) -> BUY_CE, DTE=3",,,77600.0,,,0.74
2026-03-09T12:49:22.570710,Max Pain Magnet,NIFTY,BUY_CE,23863.65,23850,CE,214.8,322.2,139.62,67,1,0.3968166666666666,24.27,"Max Pain: MP=24000, Spot=23864 (0.6% below) -> BUY_CE, DTE=1",,,24000.0,,,0.57
2026-03-09T12:49:22.570724,Max Pain Magnet,SENSEX,BUY_CE,77013.42,77000,CE,1052.95,1474.13,684.42,62,3,0.3687386610639525,24.27,"Max Pain: MP=77600, Spot=77013 (0.8% below) -> BUY_CE, DTE=3",,,77600.0,,,0.76
2026-03-09T12:52:22.661660,Max Pain Magnet,NIFTY,BUY_CE,23857.9,23850,CE,215.0,322.5,139.75,67,1,0.3968166666666666,24.31,"Max Pain: MP=24000, Spot=23858 (0.6% below) -> BUY_CE, DTE=1",,,24000.0,,,0.6
2026-03-09T12:52:22.661679,Max Pain Magnet,SENSEX,BUY_CE,77020.27,77000,CE,1071.35,1499.89,696.38,62,3,0.3703327075196338,24.31,"Max Pain: MP=77600, Spot=77020 (0.8% below) -> BUY_CE, DTE=3",,,77600.0,,,0.75
2026-03-09T12:55:22.747344,Max Pain Magnet,NIFTY,BUY_CE,23861.05,23850,CE,233.0,349.5,151.45,67,1,0.3968166666666666,24.28,"Max Pain: MP=24000, Spot=23861 (0.6% below) -> BUY_CE, DTE=1",,,24000.0,,,0.58
2026-03-09T12:55:22.747369,Max Pain Magnet,SENSEX,BUY_CE,77094.4,77100,CE,1058.0,1481.2,687.7,62,3,0.3711773154246336,24.28,"Max Pain: MP=77600, Spot=77094 (0.7% below) -> BUY_CE, DTE=3",,,77600.0,,,0.66
2026-03-09T12:58:23.592341,Max Pain Magnet,NIFTY,BUY_CE,23894.6,23900,CE,212.15,318.23,137.9,67,1,0.3963833333333333,24.29,"Max Pain: MP=24000, Spot=23895 (0.4% below) -> BUY_CE, DTE=1",,,24000.0,,,0.44
2026-03-09T12:58:23.592363,Max Pain Magnet,SENSEX,BUY_CE,77171.48,77200,CE,1040.0,1456.0,676.0,62,3,0.3737234462704975,24.29,"Max Pain: MP=77600, Spot=77171 (0.6% below) -> BUY_CE, DTE=3",,,77600.0,,,0.56
2026-03-09T13:01:23.675020,Max Pain Magnet,NIFTY,BUY_CE,23904.75,23900,CE,213.8,320.7,138.97,67,1,0.4063666666666666,24.27,"Max Pain: MP=24000, Spot=23905 (0.4% below) -> BUY_CE, DTE=1",,,24000.0,,,0.4
2026-03-09T13:01:23.675032,Max Pain Magnet,SENSEX,BUY_CE,77144.7,77100,CE,1098.15,1537.41,713.8,62,3,0.3769345293760298,24.27,"Max Pain: MP=77700, Spot=77145 (0.7% below) -> BUY_CE, DTE=3",,,77700.0,,,0.72
2026-03-09T13:04:23.756088,Max Pain Magnet,NIFTY,BUY_CE,23904.75,23900,CE,215.5,323.25,140.08,67,1,0.4063666666666666,24.27,"Max Pain: MP=24000, Spot=23905 (0.4% below) -> BUY_CE, DTE=1",,,24000.0,,,0.4
2026-03-09T13:04:23.756101,Max Pain Magnet,SENSEX,BUY_CE,77144.7,77100,CE,1098.15,1537.41,713.8,62,3,0.3769345293760298,24.27,"Max Pain: MP=77700, Spot=77145 (0.7% below) -> BUY_CE, DTE=3",,,77700.0,,,0.72
2026-03-09T13:07:23.840495,Max Pain Magnet,NIFTY,BUY_CE,23904.75,23900,CE,215.5,323.25,140.08,67,1,0.4063666666666666,24.27,"Max Pain: MP=24000, Spot=23905 (0.4% below) -> BUY_CE, DTE=1",,,24000.0,,,0.4
2026-03-09T13:07:23.840508,Max Pain Magnet,SENSEX,BUY_CE,77173.59,77200,CE,1032.5,1445.5,671.12,62,3,0.3772475455902861,24.27,"Max Pain: MP=77700, Spot=77174 (0.7% below) -> BUY_CE, DTE=3",,,77700.0,,,0.68
2026-03-09T13:09:06.033166,Max Pain Magnet,NIFTY,BUY_CE,23905.25,23900,CE,212.3,318.45,138.0,67,1,0.3963833333333333,24.34,"Max Pain: MP=24000, Spot=23905 (0.4% below) -> BUY_CE, DTE=1",,,24000.0,,,0.4
2026-03-09T13:09:06.033185,Max Pain Magnet,SENSEX,BUY_CE,77155.28,77200,CE,1037.5,1452.5,674.38,62,3,0.3752032851097506,24.34,"Max Pain: MP=77700, Spot=77155 (0.7% below) -> BUY_CE, DTE=3",,,77700.0,,,0.71
2026-03-09T13:12:06.148931,Max Pain Magnet,NIFTY,BUY_CE,23904.75,23900,CE,208.0,312.0,135.2,67,1,0.4063666666666666,24.37,"Max Pain: MP=24000, Spot=23905 (0.4% below) -> BUY_CE, DTE=1",,,24000.0,,,0.4
2026-03-09T13:12:06.148950,Max Pain Magnet,SENSEX,BUY_CE,77145.61,77100,CE,1080.1,1512.14,702.06,62,3,0.3761452452643938,24.37,"Max Pain: MP=77700, Spot=77146 (0.7% below) -> BUY_CE, DTE=3",,,77700.0,,,0.72
2026-03-09T13:15:06.232984,Max Pain Magnet,NIFTY,BUY_CE,23905.25,23900,CE,195.75,293.62,127.24,67,1,0.3963833333333333,24.26,"Max Pain: MP=24000, Spot=23905 (0.4% below) -> BUY_CE, DTE=1",,,24000.0,,,0.4
2026-03-09T13:15:06.232999,Max Pain Magnet,SENSEX,BUY_CE,77055.92,77100,CE,1042.9,1460.06,677.89,55,3,0.3734938737257076,24.26,"Max Pain: MP=77700, Spot=77056 (0.8% below) -> BUY_CE, DTE=3",,,77700.0,,,0.84
2026-03-09T13:18:06.312043,Max Pain Magnet,NIFTY,BUY_CE,23876.5,23900,CE,194.7,292.05,126.55,67,1,0.3963833333333333,24.32,"Max Pain: MP=24000, Spot=23876 (0.5% below) -> BUY_CE, DTE=1",,,24000.0,,,0.52
2026-03-09T13:18:06.312055,Max Pain Magnet,SENSEX,BUY_CE,77062.59,77100,CE,1040.0,1456.0,676.0,55,3,0.3744013103741373,24.32,"Max Pain: MP=77700, Spot=77063 (0.8% below) -> BUY_CE, DTE=3",,,77700.0,,,0.83
2026-03-09T13:21:06.406902,Max Pain Magnet,NIFTY,BUY_CE,23855.6,23850,CE,223.95,335.92,145.57,67,1,0.4299833333333333,24.31,"Max Pain: MP=24000, Spot=23856 (0.6% below) -> BUY_CE, DTE=1",,,24000.0,,,0.61
2026-03-09T13:21:06.406915,Max Pain Magnet,SENSEX,BUY_CE,77019.01,77000,CE,1150.55,1610.77,747.86,55,3,0.3756274651078071,24.31,"Max Pain: MP=77700, Spot=77019 (0.9% below) -> BUY_CE, DTE=3",,,77700.0,,,0.88
2026-03-09T13:24:06.489033,Max Pain Magnet,NIFTY,BUY_CE,23899.6,23900,CE,201.55,302.33,131.01,67,1,0.4239666666666666,24.37,"Max Pain: MP=24000, Spot=23900 (0.4% below) -> BUY_CE, DTE=1",,,24000.0,,,0.42
2026-03-09T13:24:06.489047,Max Pain Magnet,SENSEX,BUY_CE,77044.04,77000,CE,1109.05,1552.67,720.88,55,3,0.3760070697234173,24.37,"Max Pain: MP=77700, Spot=77044 (0.9% below) -> BUY_CE, DTE=3",,,77700.0,,,0.85
2026-03-09T13:27:06.570597,Max Pain Magnet,NIFTY,BUY_CE,23894.85,23900,CE,202.2,303.3,131.43,67,1,0.3963833333333333,24.36,"Max Pain: MP=24000, Spot=23895 (0.4% below) -> BUY_CE, DTE=1",,,24000.0,,,0.44
2026-03-09T13:27:06.570613,Max Pain Magnet,SENSEX,BUY_CE,77046.65,77000,CE,1146.55,1605.17,745.26,62,3,0.3763622943117031,24.36,"Max Pain: MP=77600, Spot=77047 (0.7% below) -> BUY_CE, DTE=3",,,77600.0,,,0.72
2026-03-09T13:30:06.664519,Max Pain Magnet,NIFTY,BUY_CE,23900.7,23900,CE,214.0,321.0,139.1,67,1,0.4239666666666666,24.36,"Max Pain: MP=24000, Spot=23901 (0.4% below) -> BUY_CE, DTE=1",,,24000.0,,,0.42
2026-03-09T13:30:06.664538,Max Pain Magnet,SENSEX,BUY_CE,77134.99,77100,CE,1086.9,1521.66,706.49,62,3,0.3767499023722211,24.36,"Max Pain: MP=77600, Spot=77135 (0.6% below) -> BUY_CE, DTE=3",,,77600.0,,,0.6
2026-03-09T13:33:06.823810,Max Pain Magnet,NIFTY,BUY_CE,23901.85,23900,CE,224.0,336.0,145.6,67,1,0.3963833333333333,24.36,"Max Pain: MP=24000, Spot=23902 (0.4% below) -> BUY_CE, DTE=1",,,24000.0,,,0.41
2026-03-09T13:33:06.823830,Max Pain Magnet,SENSEX,BUY_CE,77134.99,77100,CE,1086.9,1521.66,706.49,62,3,0.3767499023722211,24.36,"Max Pain: MP=77600, Spot=77135 (0.6% below) -> BUY_CE, DTE=3",,,77600.0,,,0.6
2026-03-09T13:36:06.913275,Max Pain Magnet,NIFTY,BUY_CE,23901.85,23900,CE,224.0,336.0,145.6,67,1,0.3963833333333333,24.33,"Max Pain: MP=24000, Spot=23902 (0.4% below) -> BUY_CE, DTE=1",,,24000.0,,,0.41
2026-03-09T13:36:06.913288,Max Pain Magnet,SENSEX,BUY_CE,77130.65,77100,CE,1134.45,1588.23,737.39,62,3,0.3756023223738038,24.33,"Max Pain: MP=77700, Spot=77131 (0.7% below) -> BUY_CE, DTE=3",,,77700.0,,,0.74
2026-03-09T13:39:06.997855,Max Pain Magnet,NIFTY,BUY_CE,23918.4,23900,CE,230.15,345.23,149.6,67,1,0.4138,24.41,"Max Pain: MP=24000, Spot=23918 (0.3% below) -> BUY_CE, DTE=1",,,24000.0,,,0.34
2026-03-09T13:39:06.997869,Max Pain Magnet,SENSEX,BUY_CE,77146.77,77100,CE,1132.35,1585.29,736.03,62,3,0.3872442495838233,24.41,"Max Pain: MP=77600, Spot=77147 (0.6% below) -> BUY_CE, DTE=3",,,77600.0,,,0.59
2026-03-09T13:42:07.195738,Max Pain Magnet,NIFTY,BUY_CE,23897.0,23900,CE,220.35,330.52,143.23,67,1,0.4138,24.4,"Max Pain: MP=24000, Spot=23897 (0.4% below) -> BUY_CE, DTE=1",,,24000.0,,,0.43
2026-03-09T13:42:07.195752,Max Pain Magnet,SENSEX,BUY_CE,77140.96,77100,CE,1140.2,1596.28,741.13,62,3,0.3799529765729145,24.4,"Max Pain: MP=77700, Spot=77141 (0.7% below) -> BUY_CE, DTE=3",,,77700.0,,,0.72
2026-03-09T13:45:07.276903,Max Pain Magnet,NIFTY,BUY_CE,23911.35,23900,CE,224.95,337.42,146.22,67,1,0.3963833333333333,24.43,"Max Pain: MP=24000, Spot=23911 (0.4% below) -> BUY_CE, DTE=1",,,24000.0,,,0.37
2026-03-09T13:45:07.276916,Max Pain Magnet,SENSEX,BUY_CE,77168.88,77200,CE,1083.4,1516.76,704.21,62,3,0.3782385747358099,24.43,"Max Pain: MP=77700, Spot=77169 (0.7% below) -> BUY_CE, DTE=3",,,77700.0,,,0.69
2026-03-09T13:48:07.355677,Max Pain Magnet,NIFTY,BUY_CE,23906.9,23900,CE,231.9,347.85,150.74,67,1,0.3963833333333333,24.37,"Max Pain: MP=24000, Spot=23907 (0.4% below) -> BUY_CE, DTE=1",,,24000.0,,,0.39
2026-03-09T13:48:07.355690,Max Pain Magnet,SENSEX,BUY_CE,77140.65,77100,CE,1132.7,1585.78,736.26,62,3,0.3810459450589918,24.37,"Max Pain: MP=77700, Spot=77141 (0.7% below) -> BUY_CE, DTE=3",,,77700.0,,,0.73
2026-03-09T13:51:08.491447,Max Pain Magnet,NIFTY,BUY_CE,23880.05,23900,CE,209.7,314.55,136.31,67,1,0.4138,24.43,"Max Pain: MP=24000, Spot=23880 (0.5% below) -> BUY_CE, DTE=1",,,24000.0,,,0.5
2026-03-09T13:51:08.491468,Max Pain Magnet,SENSEX,BUY_CE,77111.15,77100,CE,1116.0,1562.4,725.4,62,3,0.3744601373935848,24.43,"Max Pain: MP=77700, Spot=77111 (0.8% below) -> BUY_CE, DTE=3",,,77700.0,,,0.76
2026-03-09T13:54:08.577456,Max Pain Magnet,NIFTY,BUY_CE,23888.8,23900,CE,215.9,323.85,140.34,67,1,0.4138,24.45,"Max Pain: MP=24000, Spot=23889 (0.5% below) -> BUY_CE, DTE=1",,,24000.0,,,0.47
2026-03-09T13:54:08.577472,Max Pain Magnet,SENSEX,BUY_CE,77088.74,77100,CE,1099.35,1539.09,714.58,62,3,0.3752870739384391,24.45,"Max Pain: MP=77700, Spot=77089 (0.8% below) -> BUY_CE, DTE=3",,,77700.0,,,0.79
2026-03-09T13:57:08.662835,Max Pain Magnet,NIFTY,BUY_CE,23908.5,23900,CE,229.0,343.5,148.85,67,1,0.3963833333333333,24.21,"Max Pain: MP=24000, Spot=23908 (0.4% below) -> BUY_CE, DTE=1",,,24000.0,,,0.38
2026-03-09T13:57:08.662848,Max Pain Magnet,SENSEX,BUY_CE,77150.54,77200,CE,1074.7,1504.58,698.56,62,3,0.3769353211609201,24.21,"Max Pain: MP=77600, Spot=77151 (0.6% below) -> BUY_CE, DTE=3",,,77600.0,,,0.58
2026-03-09T14:00:08.763115,Max Pain Magnet,NIFTY,BUY_CE,23907.95,23900,CE,224.65,336.98,146.02,67,1,0.3963833333333333,24.22,"Max Pain: MP=24000, Spot=23908 (0.4% below) -> BUY_CE, DTE=1",,,24000.0,,,0.39
2026-03-09T14:00:08.763129,Max Pain Magnet,SENSEX,BUY_CE,77165.25,77200,CE,1070.7,1498.98,695.96,62,3,0.3748100818630127,24.22,"Max Pain: MP=77600, Spot=77165 (0.6% below) -> BUY_CE, DTE=3",,,77600.0,,,0.56
2026-03-09T14:03:10.192708,Max Pain Magnet,NIFTY,BUY_CE,23886.2,23900,CE,208.25,312.38,135.36,67,1,0.4138,24.22,"Max Pain: MP=24000, Spot=23886 (0.5% below) -> BUY_CE, DTE=1",,,24000.0,,,0.48
2026-03-09T14:03:10.192726,Max Pain Magnet,SENSEX,BUY_CE,77076.94,77100,CE,1074.6,1504.44,698.49,62,3,0.373179318768408,24.22,"Max Pain: MP=77600, Spot=77077 (0.7% below) -> BUY_CE, DTE=3",,,77600.0,,,0.68
2026-03-09T14:06:10.269938,Max Pain Magnet,NIFTY,BUY_CE,23887.55,23900,CE,199.1,298.65,129.41,67,1,0.3963833333333333,24.31,"Max Pain: MP=24000, Spot=23888 (0.5% below) -> BUY_CE, DTE=1",,,24000.0,,,0.47
2026-03-09T14:06:10.269951,Max Pain Magnet,SENSEX,BUY_CE,77045.66,77000,CE,1137.55,1592.57,739.41,62,3,0.3765566254469196,24.31,"Max Pain: MP=77600, Spot=77046 (0.7% below) -> BUY_CE, DTE=3",,,77600.0,,,0.72
2026-03-09T14:09:10.365832,Max Pain Magnet,NIFTY,BUY_CE,23887.55,23900,CE,208.8,313.2,135.72,67,1,0.3963833333333333,24.35,"Max Pain: MP=24000, Spot=23888 (0.5% below) -> BUY_CE, DTE=1",,,24000.0,,,0.47
2026-03-09T14:09:10.365848,Max Pain Magnet,SENSEX,BUY_CE,77076.03,77100,CE,1085.3,1519.42,705.45,62,3,0.3717826315814951,24.35,"Max Pain: MP=77600, Spot=77076 (0.7% below) -> BUY_CE, DTE=3",,,77600.0,,,0.68
2026-03-09T14:12:10.578757,Max Pain Magnet,NIFTY,BUY_CE,23886.2,23900,CE,215.6,323.4,140.14,67,1,0.4138,24.24,"Max Pain: MP=24000, Spot=23886 (0.5% below) -> BUY_CE, DTE=1",,,24000.0,,,0.48
2026-03-09T14:12:10.578770,Max Pain Magnet,SENSEX,BUY_CE,77127.41,77100,CE,1105.75,1548.05,718.74,62,3,0.3718002355986841,24.24,"Max Pain: MP=77600, Spot=77127 (0.6% below) -> BUY_CE, DTE=3",,,77600.0,,,0.61
2026-03-09T14:15:10.656222,Max Pain Magnet,NIFTY,BUY_CE,23886.2,23900,CE,204.55,306.83,132.96,67,1,0.4138,24.24,"Max Pain: MP=24000, Spot=23886 (0.5% below) -> BUY_CE, DTE=1",,,24000.0,,,0.48
2026-03-09T14:15:10.656236,Max Pain Magnet,SENSEX,BUY_CE,77136.93,77100,CE,1098.2,1537.48,713.83,62,3,0.3723242477957214,24.24,"Max Pain: MP=77600, Spot=77137 (0.6% below) -> BUY_CE, DTE=3",,,77600.0,,,0.6
2026-03-09T14:18:10.741781,Max Pain Magnet,NIFTY,BUY_CE,23882.3,23900,CE,200.35,300.52,130.23,67,1,0.3963833333333333,24.26,"Max Pain: MP=24000, Spot=23882 (0.5% below) -> BUY_CE, DTE=1",,,24000.0,,,0.49
2026-03-09T14:18:10.741798,Max Pain Magnet,SENSEX,BUY_CE,77099.01,77100,CE,1052.5,1473.5,684.12,62,3,0.3687116583737422,24.26,"Max Pain: MP=77500, Spot=77099 (0.5% below) -> BUY_CE, DTE=3",,,77500.0,,,0.52
2026-03-09T14:21:10.822497,Max Pain Magnet,NIFTY,BUY_CE,23875.7,23900,CE,197.3,295.95,128.25,67,1,0.4138,24.26,"Max Pain: MP=24000, Spot=23876 (0.5% below) -> BUY_CE, DTE=1",,,24000.0,,,0.52
2026-03-09T14:21:10.822509,Max Pain Magnet,SENSEX,BUY_CE,77049.71,77000,CE,1121.6,1570.24,729.04,62,3,0.3728363698497769,24.26,"Max Pain: MP=77500, Spot=77050 (0.6% below) -> BUY_CE, DTE=3",,,77500.0,,,0.58
2026-03-09T14:24:11.601364,Max Pain Magnet,NIFTY,BUY_CE,23865.85,23850,CE,227.7,341.55,148.0,67,1,0.4036166666666667,24.25,"Max Pain: MP=24000, Spot=23866 (0.6% below) -> BUY_CE, DTE=1",,,24000.0,,,0.56
2026-03-09T14:24:11.601385,Max Pain Magnet,SENSEX,BUY_CE,77043.06,77000,CE,1111.4,1555.96,722.41,62,3,0.3721160336175218,24.25,"Max Pain: MP=77500, Spot=77043 (0.6% below) -> BUY_CE, DTE=3",,,77500.0,,,0.59
2026-03-09T14:27:11.720159,Max Pain Magnet,NIFTY,BUY_CE,23892.5,23900,CE,217.1,325.65,141.12,67,1,0.4138,24.19,"Max Pain: MP=24000, Spot=23892 (0.4% below) -> BUY_CE, DTE=1",,,24000.0,,,0.45
2026-03-09T14:27:11.720175,Max Pain Magnet,SENSEX,BUY_CE,77136.71,77100,CE,1105.1,1547.14,718.31,62,3,0.3705912045482409,24.19,"Max Pain: MP=77500, Spot=77137 (0.5% below) -> BUY_CE, DTE=3",,,77500.0,,,0.47
2026-03-09T14:30:11.836150,Max Pain Magnet,NIFTY,BUY_CE,23912.9,23900,CE,222.95,334.42,144.92,67,1,0.3963833333333333,24.14,"Max Pain: MP=24000, Spot=23913 (0.4% below) -> BUY_CE, DTE=1",,,24000.0,,,0.36
2026-03-09T14:30:11.836160,Max Pain Magnet,SENSEX,BUY_CE,77186.61,77200,CE,1063.05,1488.27,690.98,62,3,0.3670886155902979,24.14,"Max Pain: MP=77500, Spot=77187 (0.4% below) -> BUY_CE, DTE=3",,,77500.0,,,0.41
2026-03-09T14:33:11.922576,Max Pain Magnet,NIFTY,BUY_CE,23896.7,23900,CE,221.45,332.17,143.94,67,1,0.3963833333333333,24.17,"Max Pain: MP=24000, Spot=23897 (0.4% below) -> BUY_CE, DTE=1",,,24000.0,,,0.43
2026-03-09T14:33:11.922586,Max Pain Magnet,SENSEX,BUY_CE,77179.59,77200,CE,1038.75,1454.25,675.19,62,3,0.3664727052126551,24.17,"Max Pain: MP=77500, Spot=77180 (0.4% below) -> BUY_CE, DTE=3",,,77500.0,,,0.42
2026-03-09T14:36:12.006405,Max Pain Magnet,NIFTY,BUY_CE,23919.4,23900,CE,228.75,343.12,148.69,67,1,0.3963833333333333,24.12,"Max Pain: MP=24000, Spot=23919 (0.3% below) -> BUY_CE, DTE=1",,,24000.0,,,0.34
2026-03-09T14:36:12.006416,Max Pain Magnet,SENSEX,BUY_CE,77197.23,77200,CE,1046.75,1465.45,680.39,62,3,0.368588699289855,24.12,"Max Pain: MP=77500, Spot=77197 (0.4% below) -> BUY_CE, DTE=3",,,77500.0,,,0.39
2026-03-09T14:39:12.105433,Max Pain Magnet,NIFTY,BUY_CE,23913.55,23900,CE,223.15,334.73,145.05,67,1,0.3963833333333333,24.15,"Max Pain: MP=24000, Spot=23914 (0.4% below) -> BUY_CE, DTE=1",,,24000.0,,,0.36
2026-03-09T14:39:12.105443,Max Pain Magnet,SENSEX,BUY_CE,77182.21,77200,CE,1059.2,1482.88,688.48,62,3,0.3656216612372923,24.15,"Max Pain: MP=77500, Spot=77182 (0.4% below) -> BUY_CE, DTE=3",,,77500.0,,,0.41
2026-03-09T14:42:12.322938,Max Pain Magnet,NIFTY,BUY_CE,23924.1,23900,CE,232.8,349.2,151.32,67,1,0.3963833333333333,24.16,"Max Pain: MP=24000, Spot=23924 (0.3% below) -> BUY_CE, DTE=1",,,24000.0,,,0.32
2026-03-09T14:42:12.322948,Max Pain Magnet,SENSEX,BUY_CE,77249.84,77200,CE,1105.25,1547.35,718.41,62,3,0.3683518192084975,24.16,"Max Pain: MP=77500, Spot=77250 (0.3% below) -> BUY_CE, DTE=3",,,77500.0,,,0.32
2026-03-09T14:45:12.413529,Max Pain Magnet,SENSEX,BUY_CE,77291.08,77300,CE,1070.35,1498.49,695.73,62,3,0.366158155160413,24.09,"Max Pain: MP=77600, Spot=77291 (0.4% below) -> BUY_CE, DTE=3",,,77600.0,,,0.4
2026-03-09T14:54:12.675593,Max Pain Magnet,SENSEX,BUY_CE,77482.88,77500,CE,1067.2,1494.08,693.68,62,3,0.3625369033765397,23.78,"Max Pain: MP=77800, Spot=77483 (0.4% below) -> BUY_CE, DTE=3",,,77800.0,,,0.41
2026-03-09T14:57:12.779899,Max Pain Magnet,SENSEX,BUY_CE,77530.02,77500,CE,1070.65,1498.91,695.92,62,3,0.3583194406696621,23.55,"Max Pain: MP=77800, Spot=77530 (0.3% below) -> BUY_CE, DTE=3",,,77800.0,,,0.35
2026-03-09T15:00:12.870423,Max Pain Magnet,SENSEX,BUY_CE,77505.84,77500,CE,1069.15,1496.81,694.95,62,3,0.3591788466923915,23.57,"Max Pain: MP=77800, Spot=77506 (0.4% below) -> BUY_CE, DTE=3",,,77800.0,,,0.38
2026-03-09T15:03:14.363754,Max Pain Magnet,SENSEX,BUY_CE,77441.93,77400,CE,1069.15,1496.81,694.95,62,3,0.3605749297262308,23.59,"Max Pain: MP=77900, Spot=77442 (0.6% below) -> BUY_CE, DTE=3",,,77900.0,,,0.59
2026-03-09T15:06:15.096536,Max Pain Magnet,SENSEX,BUY_CE,77627.56,77600,CE,1086.8,1521.52,706.42,62,3,0.3518741466698998,23.11,"Max Pain: MP=77900, Spot=77628 (0.4% below) -> BUY_CE, DTE=3",,,77900.0,,,0.35
2026-03-09T15:12:15.394827,Max Pain Magnet,NIFTY,BUY_CE,24008.5,24000,CE,216.9,325.35,140.99,67,1,0.4093833333333334,23.36,"Max Pain: MP=24100, Spot=24008 (0.4% below) -> BUY_CE, DTE=1",,,24100.0,,,0.38
2026-03-09T15:12:15.394837,Max Pain Magnet,SENSEX,BUY_CE,77599.65,77600,CE,1061.15,1485.61,689.75,66,3,0.348492088549095,23.36,"Max Pain: MP=78000, Spot=77600 (0.5% below) -> BUY_CE, DTE=3",,,78000.0,,,0.52
2026-03-09T15:15:15.469915,Max Pain Magnet,NIFTY,BUY_CE,24007.8,24000,CE,233.3,349.95,151.65,67,1,0.38425,23.29,"Max Pain: MP=24100, Spot=24008 (0.4% below) -> BUY_CE, DTE=1",,,24100.0,,,0.38
2026-03-09T15:15:15.469925,Max Pain Magnet,SENSEX,BUY_CE,77678.35,77700,CE,1030.0,1442.0,669.5,66,3,0.3492181152511537,23.29,"Max Pain: MP=78000, Spot=77678 (0.4% below) -> BUY_CE, DTE=3",,,78000.0,,,0.41
2026-03-09T15:18:16.298138,Max Pain Magnet,SENSEX,BUY_CE,77678.12,77700,CE,1054.35,1476.09,685.33,66,3,0.3495372740741338,23.33,"Max Pain: MP=78000, Spot=77678 (0.4% below) -> BUY_CE, DTE=3",,,78000.0,,,0.41
2026-03-09T15:21:16.367165,Max Pain Magnet,SENSEX,BUY_CE,77656.05,77700,CE,1040.0,1456.0,676.0,62,3,0.3529748451218011,23.34,"Max Pain: MP=78000, Spot=77656 (0.4% below) -> BUY_CE, DTE=3",,,78000.0,,,0.44
2026-03-09T15:24:16.445997,Max Pain Magnet,NIFTY,BUY_CE,24012.1,24000,CE,202.0,303.0,131.3,67,1,0.4093833333333334,23.45,"Max Pain: MP=24100, Spot=24012 (0.4% below) -> BUY_CE, DTE=1",,,24100.0,,,0.37
2026-03-09T15:24:16.446011,Max Pain Magnet,SENSEX,BUY_CE,77656.05,77700,CE,1040.0,1456.0,676.0,62,3,0.3529748451218011,23.45,"Max Pain: MP=78000, Spot=77656 (0.4% below) -> BUY_CE, DTE=3",,,78000.0,,,0.44
2026-03-09T15:27:16.518426,Max Pain Magnet,NIFTY,BUY_CE,24010.0,24000,CE,191.7,287.55,124.6,67,1,0.4093833333333334,23.51,"Max Pain: MP=24100, Spot=24010 (0.4% below) -> BUY_CE, DTE=1",,,24100.0,,,0.37
2026-03-09T15:27:16.518440,Max Pain Magnet,SENSEX,BUY_CE,77531.11,77500,CE,1057.3,1480.22,687.25,62,3,0.35343041786956264,23.51,"Max Pain: MP=78000, Spot=77531 (0.6% below) -> BUY_CE, DTE=3",,,78000.0,,,0.6
