date,time,symbol,type,strike,entry_premium,exit_premium,spot_entry,vwap,pcr,tolerance,has_oi,exit_reason,gross_pnl,costs,net_pnl,version
2025-09-15,10:05,NIFTY,BUY_PE,25050,126.12,138.46,25098.39,25098.39,0.78,0.3,True,EOD,750.41,75.89,674.51,Intraday
2025-09-15,10:10,NIFTY,BUY_PE,25100,149.81,163.0,25097.08,25097.08,0.97,0.3,True,EOD,796.29,81.28,715.01,Intraday
2025-09-16,10:00,NIFTY,BUY_CE,25150,132.24,194.45,25128.27,25128.27,3.341,0.3,True,EOD,3979.87,77.28,3902.58,Intraday
2025-09-16,11:10,NIFTY,BUY_CE,25150,139.21,196.38,25142.18,25142.18,1.118,0.3,True,EOD,3651.03,78.87,3572.16,Intraday
2025-09-17,10:20,NIFTY,BUY_CE,25350,99.02,106.7,25313.57,25313.57,1.696,0.3,True,EOD,459.38,69.73,389.65,Intraday
2025-09-17,10:40,NIFTY,BUY_PE,25300,100.69,93.45,25314.56,25314.56,0.88,0.3,True,EOD,-508.37,70.11,-578.47,Intraday
2025-09-18,10:10,NIFTY,BUY_PE,25400,68.73,67.58,25418.22,25418.22,0.197,0.3,True,EOD,-101.22,62.84,-164.05,Intraday
2025-09-18,11:00,NIFTY,BUY_CE,25450,67.16,67.91,25419.07,25419.07,5.265,0.3,True,EOD,22.62,62.48,-39.86,Intraday
2025-09-19,09:55,NIFTY,BUY_PE,25300,52.14,54.03,25357.54,25357.54,0.278,0.3,True,EOD,102.53,59.06,43.47,Intraday
2025-09-19,10:20,NIFTY,BUY_PE,25350,78.13,75.92,25348.03,25348.03,0.629,0.3,True,EOD,-173.49,64.97,-238.46,Intraday
2025-09-22,11:15,NIFTY,BUY_PE,25300,151.82,197.82,25295.36,25295.36,0.558,0.3,True,EOD,2922.1,81.74,2840.36,Intraday
2025-09-22,11:20,NIFTY,BUY_PE,25300,152.08,197.88,25294.82,25294.82,0.145,0.3,True,EOD,2908.42,81.8,2826.62,Intraday
2025-09-23,11:10,NIFTY,BUY_PE,25100,105.19,91.9,25154.07,25154.07,0.195,0.3,True,EOD,-902.76,71.13,-973.89,Intraday
2025-09-23,11:20,NIFTY,BUY_PE,25100,106.5,91.78,25150.96,25150.96,0.457,0.3,True,EOD,-995.7,71.43,-1067.12,Intraday
2025-09-24,10:15,NIFTY,BUY_CE,25100,108.72,96.19,25086.2,25086.2,4.634,0.3,True,EOD,-854.47,71.93,-926.41,Intraday
2025-09-24,10:40,NIFTY,BUY_PE,25100,112.8,126.29,25087.75,25087.75,0.301,0.3,True,EOD,830.29,72.86,757.43,Intraday
2025-09-25,10:35,NIFTY,BUY_PE,25000,54.17,108.34,25049.92,25049.92,0.675,0.3,True,TARGET,3489.52,59.52,3429.99,Intraday
2025-09-25,11:40,NIFTY,BUY_PE,25000,58.66,117.32,25038.71,25038.71,0.242,0.3,True,TARGET,3778.71,60.55,3718.16,Intraday
2025-09-26,11:10,NIFTY,BUY_PE,24750,54.56,109.12,24797.05,24797.05,0.651,0.3,True,TARGET,3514.56,59.61,3454.95,Intraday
2025-09-26,11:15,NIFTY,BUY_PE,24750,54.96,109.92,24796.04,24796.04,0.303,0.3,True,TARGET,3540.28,59.7,3480.57,Intraday
2025-09-29,10:15,NIFTY,BUY_CE,24800,128.84,106.91,24726.71,24726.71,2.708,0.3,True,EOD,-1471.81,76.51,-1548.32,Intraday
2025-09-29,10:50,NIFTY,BUY_PE,24750,152.71,181.91,24736.86,24736.86,0.156,0.3,True,EOD,1832.61,81.94,1750.66,Intraday
2025-09-30,10:05,NIFTY,BUY_PE,24650,115.04,134.2,24676.12,24676.12,0.989,0.3,True,EOD,1196.92,73.37,1123.55,Intraday
2025-09-30,10:25,NIFTY,BUY_PE,24600,96.36,110.7,24669.44,24669.44,0.471,0.3,True,EOD,891.37,69.12,822.25,Intraday
2025-10-01,10:00,NIFTY,BUY_PE,24650,102.08,40.83,24655.73,24655.73,0.789,0.301,True,SL,-4009.12,70.42,-4079.55,Intraday
2025-10-01,10:20,NIFTY,BUY_CE,24650,116.08,219.76,24654.76,24654.76,1.257,0.301,True,EOD,6673.55,73.61,6599.94,Intraday
2025-10-03,10:40,NIFTY,BUY_PE,24800,77.67,31.07,24795.57,24795.57,0.45,0.323,True,SL,-3050.5,64.87,-3115.37,Intraday
2025-10-03,11:05,NIFTY,BUY_CE,24800,77.59,127.5,24795.43,24795.43,1.563,0.323,True,EOD,3204.08,64.85,3139.22,Intraday
2025-10-06,10:10,NIFTY,BUY_CE,24950,156.31,226.82,24932.48,24932.48,3.126,0.328,True,EOD,4508.36,82.76,4425.6,Intraday
2025-10-06,10:30,NIFTY,BUY_CE,25000,135.78,197.06,24939.15,24939.15,6.36,0.328,True,EOD,3918.43,78.09,3840.34,Intraday
2025-10-07,10:00,NIFTY,BUY_CE,25200,56.84,48.58,25133.57,25133.57,513.0,0.343,True,EOD,-558.01,60.13,-618.14,Intraday
2025-10-07,11:15,NIFTY,BUY_PE,25150,73.55,91.47,25150.92,25150.92,0.142,0.344,True,EOD,1132.57,63.93,1068.63,Intraday
2025-10-08,10:05,NIFTY,BUY_CE,25150,73.11,29.25,25156.33,25156.33,1.206,0.337,True,SL,-2871.42,63.83,-2935.25,Intraday
2025-10-08,10:20,NIFTY,BUY_PE,25100,38.63,77.27,25153.41,25153.41,0.525,0.338,True,TARGET,2488.63,55.99,2432.64,Intraday
2025-10-09,10:15,NIFTY,BUY_PE,25050,34.55,13.82,25070.59,25070.59,0.708,0.355,True,SL,-1357.03,55.06,-1412.09,Intraday
2025-10-09,10:20,NIFTY,BUY_CE,25050,59.3,118.6,25070.07,25070.07,1.704,0.354,True,TARGET,3819.74,60.69,3759.04,Intraday
2025-10-10,10:05,NIFTY,BUY_CE,25250,45.76,63.79,25241.13,25241.13,1.221,0.36,True,EOD,1150.58,57.61,1092.97,Intraday
2025-10-10,10:15,NIFTY,BUY_CE,25300,27.26,54.51,25246.08,25246.08,1.173,0.359,True,TARGET,1755.71,53.4,1702.31,Intraday
2025-10-13,10:25,NIFTY,BUY_CE,25200,104.23,124.75,25198.35,25198.35,1.353,0.365,True,EOD,1289.31,70.91,1218.39,Intraday
2025-10-13,11:15,NIFTY,BUY_PE,25200,87.77,69.68,25198.7,25198.7,0.413,0.365,True,EOD,-1206.41,67.17,-1273.58,Intraday
2025-10-14,10:00,NIFTY,BUY_PE,25200,53.68,107.35,25254.19,25254.19,0.001,0.356,True,TARGET,3457.5,59.41,3398.09,Intraday
2025-10-14,10:15,NIFTY,BUY_PE,25200,58.16,116.31,25242.46,25242.46,0.321,0.356,True,TARGET,3746.08,60.43,3685.65,Intraday
2025-10-15,10:10,NIFTY,BUY_CE,25250,59.48,118.95,25228.46,25228.46,2.015,0.365,True,TARGET,3831.23,60.73,3770.5,Intraday
2025-10-15,10:20,NIFTY,BUY_CE,25250,61.3,122.6,25232.29,25232.29,6.429,0.365,True,TARGET,3948.49,61.15,3887.34,Intraday
2025-10-16,09:55,NIFTY,BUY_CE,25450,39.04,78.08,25422.44,25422.44,1.403,0.374,True,TARGET,2514.7,56.08,2458.61,Intraday
2025-10-16,10:15,NIFTY,BUY_CE,25450,40.16,80.32,25425.04,25425.04,1.305,0.374,True,TARGET,2587.06,56.34,2530.72,Intraday
2025-10-17,10:05,NIFTY,BUY_CE,25650,30.62,61.24,25590.65,25590.65,3.062,0.376,True,TARGET,1972.53,54.17,1918.36,Intraday
2025-10-17,10:35,NIFTY,BUY_CE,25700,21.29,42.57,25609.39,25609.39,3.419,0.375,True,TARGET,1371.08,52.04,1319.04,Intraday
2025-10-20,09:55,NIFTY,BUY_PE,25800,76.49,78.25,25855.18,25855.18,0.229,0.378,True,EOD,83.98,64.6,19.37,Intraday
2025-10-20,10:00,NIFTY,BUY_PE,25850,99.37,100.16,25852.39,25852.39,0.549,0.378,True,EOD,12.43,69.81,-57.38,Intraday
2025-10-23,10:45,NIFTY,BUY_PE,26050,47.42,94.84,26058.34,26058.34,0.281,0.393,True,TARGET,3054.61,57.99,2996.62,Intraday
2025-10-23,11:05,NIFTY,BUY_PE,26050,47.45,94.91,26058.26,26058.26,0.196,0.393,True,TARGET,3056.78,58.0,2998.79,Intraday
2025-10-24,10:10,NIFTY,BUY_PE,25900,57.12,114.24,25884.24,25884.24,0.574,0.393,True,TARGET,3679.52,60.2,3619.32,Intraday
2025-10-24,10:15,NIFTY,BUY_PE,25850,35.45,70.89,25881.02,25881.02,0.469,0.394,True,TARGET,2283.3,55.26,2228.03,Intraday
2025-10-27,10:00,NIFTY,BUY_CE,25950,84.38,117.05,25902.09,25902.09,2.496,0.402,True,EOD,2084.6,66.4,2018.2,Intraday
2025-10-27,10:05,NIFTY,BUY_CE,25950,87.76,117.86,25909.45,25909.45,2.773,0.401,True,EOD,1916.18,67.17,1849.01,Intraday
2025-10-28,10:00,NIFTY,BUY_PE,25950,53.46,106.92,25984.35,25984.35,0.001,0.397,True,TARGET,3443.61,59.36,3384.24,Intraday
2025-10-28,10:05,NIFTY,BUY_PE,25900,37.84,75.67,25978.16,25978.16,0.001,0.397,True,TARGET,2437.17,55.81,2381.36,Intraday
2025-10-29,10:20,NIFTY,BUY_CE,26000,61.28,100.22,25990.5,25990.5,1.183,0.408,True,EOD,2499.83,61.14,2438.69,Intraday
2025-10-29,10:25,NIFTY,BUY_CE,26050,40.82,69.25,25993.76,25993.76,2.5,0.407,True,EOD,1826.32,56.49,1769.83,Intraday
2025-10-30,10:20,NIFTY,BUY_CE,25950,44.68,17.87,25948.02,25948.02,3.193,0.402,True,SL,-1754.7,57.36,-1812.07,Intraday
2025-10-30,11:10,NIFTY,BUY_CE,25950,42.11,16.84,25942.89,25942.89,4.791,0.402,True,SL,-1653.64,56.78,-1710.42,Intraday
2025-10-31,10:00,NIFTY,BUY_PE,25900,41.31,82.62,25902.14,25902.14,0.179,0.405,True,TARGET,2660.91,56.6,2604.31,Intraday
2025-10-31,10:15,NIFTY,BUY_PE,25850,23.57,47.14,25896.55,25896.55,0.121,0.405,True,TARGET,1518.36,52.56,1465.8,Intraday
2025-11-03,10:00,NIFTY,BUY_CE,25700,108.62,145.41,25706.57,25706.57,2.163,0.417,True,EOD,2341.77,71.91,2269.86,Intraday
2025-11-03,10:35,NIFTY,BUY_CE,25750,86.36,115.52,25712.2,25712.2,8.685,0.416,True,EOD,1855.97,66.85,1789.13,Intraday
2025-11-04,10:15,NIFTY,BUY_PE,25700,64.31,122.06,25720.03,25720.03,0.995,0.423,True,EOD,3717.41,61.83,3655.58,Intraday
2025-11-04,10:35,NIFTY,BUY_PE,25700,65.62,122.84,25717.03,25717.03,0.883,0.423,True,EOD,3682.79,62.13,3620.66,Intraday
2025-11-06,10:00,NIFTY,BUY_PE,25600,34.11,68.22,25630.96,25630.96,0.559,0.419,True,TARGET,2197.19,54.96,2142.23,Intraday
2025-11-06,10:05,NIFTY,BUY_PE,25550,19.74,39.48,25625.32,25625.32,0.216,0.42,True,TARGET,1271.4,51.69,1219.7,Intraday
2025-11-07,10:55,NIFTY,BUY_PE,25350,42.11,16.84,25359.89,25359.89,0.99,0.421,True,SL,-1653.64,56.78,-1710.42,Intraday
2025-11-07,11:00,NIFTY,BUY_CE,25350,56.58,113.16,25360.02,25360.02,1.005,0.42,True,TARGET,3644.61,60.07,3584.54,Intraday
2025-11-10,09:55,NIFTY,BUY_CE,25550,108.99,118.79,25556.17,25556.17,1.662,0.415,True,EOD,592.53,72.0,520.53,Intraday
2025-11-10,10:15,NIFTY,BUY_CE,25600,85.92,92.57,25559.98,25559.98,1.652,0.414,True,EOD,397.32,66.75,330.57,Intraday
2025-11-11,10:05,NIFTY,BUY_CE,25550,80.86,161.72,25533.02,25533.02,2.088,0.398,True,TARGET,5208.61,65.6,5143.01,Intraday
2025-11-11,10:10,NIFTY,BUY_PE,25500,61.94,24.78,25531.22,25531.22,0.887,0.399,True,SL,-2432.72,61.29,-2494.01,Intraday
2025-11-12,11:20,NIFTY,BUY_CE,25900,46.53,59.85,25839.41,25839.41,2.351,0.411,True,EOD,844.64,57.79,786.85,Intraday
2025-11-12,11:30,NIFTY,BUY_CE,25900,47.44,60.02,25841.74,25841.74,3.298,0.41,True,EOD,796.84,57.99,738.85,Intraday
2025-11-13,10:20,NIFTY,BUY_CE,25900,35.65,71.3,25866.66,25866.66,6.321,0.386,True,TARGET,2296.55,55.31,2241.24,Intraday
2025-11-13,11:00,NIFTY,BUY_CE,25950,22.63,45.26,25879.22,25879.22,6.333,0.385,True,TARGET,1457.73,52.35,1405.38,Intraday
2025-11-14,10:00,NIFTY,BUY_PE,25750,18.04,7.22,25820.13,25820.13,0.301,0.383,True,SL,-708.57,51.3,-759.88,Intraday
2025-11-14,10:40,NIFTY,BUY_PE,25750,20.96,8.38,25809.46,25809.46,0.864,0.383,True,SL,-823.17,51.97,-875.13,Intraday
2025-11-17,10:00,NIFTY,BUY_PE,25950,74.77,48.6,25956.49,25956.49,0.708,0.377,True,EOD,-1724.73,64.21,-1788.94,Intraday
2025-11-17,10:25,NIFTY,BUY_PE,25950,75.18,48.51,25955.59,25955.59,0.49,0.377,True,EOD,-1757.7,64.3,-1822.0,Intraday
2025-11-18,10:00,NIFTY,BUY_PE,25900,48.53,67.92,25946.83,25946.83,0.519,0.369,True,EOD,1238.14,58.24,1179.9,Intraday
2025-11-18,10:30,NIFTY,BUY_PE,25900,52.62,68.94,25936.14,25936.14,0.39,0.369,True,EOD,1036.92,59.17,977.75,Intraday
2025-11-19,10:10,NIFTY,BUY_CE,25950,43.62,87.24,25901.55,25901.55,4.96,0.357,True,TARGET,2809.91,57.12,2752.79,Intraday
2025-11-19,10:30,NIFTY,BUY_CE,26000,29.65,59.3,25911.46,25911.46,5.789,0.357,True,TARGET,1910.0,53.95,1856.05,Intraday
2025-11-20,10:45,NIFTY,BUY_CE,26150,24.42,48.85,26099.3,26099.3,8.133,0.366,True,TARGET,1573.33,52.76,1520.57,Intraday
2025-11-20,11:20,NIFTY,BUY_CE,26150,26.28,52.56,26104.64,26104.64,1.115,0.366,True,TARGET,1692.73,53.18,1639.55,Intraday
2025-11-21,09:55,NIFTY,BUY_PE,26100,27.87,55.73,26135.32,26135.32,0.266,0.366,True,TARGET,1795.08,53.54,1741.54,Intraday
2025-11-21,10:00,NIFTY,BUY_PE,26100,29.23,11.69,26131.62,26131.62,0.257,0.366,True,SL,-1147.83,53.85,-1201.68,Intraday
2025-11-24,10:15,NIFTY,BUY_CE,26100,102.35,40.94,26100.64,26100.64,1.021,0.35,True,SL,-4019.71,70.49,-4090.19,Intraday
2025-11-24,10:50,NIFTY,BUY_CE,26100,105.71,42.28,26106.86,26106.86,1.035,0.35,True,SL,-4151.52,71.25,-4222.77,Intraday
2025-11-25,10:10,NIFTY,BUY_CE,26000,71.64,28.65,25973.51,25973.51,6.875,0.361,True,SL,-2813.38,63.5,-2876.88,Intraday
2025-11-25,10:30,NIFTY,BUY_CE,26000,74.7,29.88,25979.86,25979.86,1.167,0.361,True,SL,-2933.74,64.19,-2997.93,Intraday
2025-11-26,10:45,NIFTY,BUY_CE,26100,35.93,71.87,26022.27,26022.27,2.504,0.355,True,TARGET,2314.67,55.37,2259.3,Intraday
2025-11-26,10:50,NIFTY,BUY_CE,26100,37.28,74.57,26026.22,26026.22,2.13,0.355,True,TARGET,2401.58,55.68,2345.9,Intraday
2025-11-27,09:55,NIFTY,BUY_CE,26300,38.02,15.21,26258.96,26258.96,1.055,0.378,True,SL,-1493.04,55.85,-1548.88,Intraday
2025-11-27,10:50,NIFTY,BUY_CE,26300,42.1,16.84,26268.94,26268.94,1.573,0.378,True,SL,-1653.56,56.78,-1710.34,Intraday
2025-11-28,12:05,NIFTY,BUY_PE,26250,53.9,72.46,26240.7,26240.7,0.479,0.37,True,EOD,1181.59,59.46,1122.13,Intraday
2025-11-28,12:15,NIFTY,BUY_PE,26250,54.01,72.48,26240.5,26240.5,0.139,0.37,True,EOD,1176.1,59.49,1116.62,Intraday
2025-12-01,10:15,NIFTY,BUY_PE,26300,94.82,149.58,26288.53,26288.53,0.482,0.364,True,EOD,3511.59,68.77,3442.81,Intraday
2025-12-01,10:35,NIFTY,BUY_PE,26250,73.38,118.53,26285.99,26285.99,0.191,0.364,True,EOD,2897.79,63.89,2833.9,Intraday
2025-12-02,11:10,NIFTY,BUY_PE,26100,80.15,98.75,26095.75,26095.75,0.97,0.358,True,EOD,1174.54,65.43,1109.11,Intraday
2025-12-02,11:20,NIFTY,BUY_PE,26100,80.53,98.81,26094.94,26094.94,0.764,0.358,True,EOD,1153.06,65.52,1087.54,Intraday
2025-12-03,10:00,NIFTY,BUY_PE,25900,34.59,28.99,25967.59,25967.59,0.792,0.36,True,EOD,-376.69,55.07,-431.76,Intraday
2025-12-03,10:15,NIFTY,BUY_PE,25900,37.48,28.57,25958.82,25958.82,0.698,0.36,True,EOD,-592.46,55.73,-648.19,Intraday
2025-12-04,10:25,NIFTY,BUY_CE,26100,15.99,31.98,26009.44,26009.44,8.0,0.354,True,TARGET,1030.05,50.84,979.21,Intraday
2025-12-04,11:40,NIFTY,BUY_PE,26050,54.49,62.09,26030.96,26030.96,0.118,0.355,True,EOD,470.9,59.6,411.3,Intraday
2025-12-05,09:55,NIFTY,BUY_PE,26000,28.51,11.41,26038.08,26038.08,0.787,0.35,True,SL,-1119.81,53.69,-1173.5,Intraday
2025-12-05,10:00,NIFTY,BUY_CE,26100,25.67,51.34,26044.14,26044.14,1.727,0.349,True,TARGET,1653.67,53.04,1600.63,Intraday
2025-12-08,10:00,NIFTY,BUY_PE,26050,55.97,111.95,26127.09,26127.09,0.356,0.363,True,TARGET,3605.56,59.93,3545.62,Intraday
2025-12-08,10:10,NIFTY,BUY_PE,26100,77.7,155.39,26121.5,26121.5,0.652,0.362,True,TARGET,5004.83,64.88,4939.95,Intraday
2025-12-09,10:00,NIFTY,BUY_PE,25750,65.84,26.34,25789.57,25789.57,0.557,0.386,True,SL,-2585.68,62.18,-2647.86,Intraday
2025-12-09,10:15,NIFTY,BUY_CE,25850,70.06,90.95,25792.62,25792.62,6.252,0.384,True,EOD,1326.63,63.14,1263.5,Intraday
2025-12-10,10:25,NIFTY,BUY_CE,25900,72.69,29.07,25892.15,25892.15,2.895,0.38,True,SL,-2854.63,63.74,-2918.36,Intraday
2025-12-10,10:45,NIFTY,BUY_PE,25900,69.19,138.38,25896.48,25896.48,0.482,0.38,True,TARGET,4456.94,62.94,4394.0,Intraday
2025-12-11,10:05,NIFTY,BUY_CE,25750,53.53,107.07,25749.86,25749.86,1.337,0.386,True,TARGET,3448.45,59.38,3389.07,Intraday
2025-12-11,10:10,NIFTY,BUY_CE,25800,33.22,66.45,25753.89,25753.89,3.124,0.386,True,TARGET,2140.17,54.76,2085.41,Intraday
2025-12-12,09:55,NIFTY,BUY_PE,26000,47.07,31.43,26008.92,26008.92,0.705,0.397,True,EOD,-1031.46,57.91,-1089.37,Intraday
2025-12-12,10:05,NIFTY,BUY_PE,26000,48.8,31.04,26005.18,26005.18,0.002,0.397,True,EOD,-1170.49,58.3,-1228.79,Intraday
2025-12-15,10:10,NIFTY,BUY_CE,25950,113.44,150.99,25941.29,25941.29,5.851,0.382,True,EOD,2389.13,73.01,2316.12,Intraday
2025-12-15,10:25,NIFTY,BUY_CE,26000,91.1,122.24,25944.5,25944.5,2.725,0.382,True,EOD,1982.34,67.93,1914.41,Intraday
2025-12-16,10:15,NIFTY,BUY_PE,25900,75.4,106.16,25921.73,25921.73,0.643,0.378,True,EOD,1963.85,64.35,1899.49,Intraday
2025-12-16,10:55,NIFTY,BUY_PE,25900,77.05,106.6,25917.98,25917.98,0.659,0.379,True,EOD,1884.6,64.73,1819.87,Intraday
2025-12-17,10:00,NIFTY,BUY_PE,25850,53.74,80.26,25888.26,25888.26,0.293,0.348,True,EOD,1697.77,59.43,1638.35,Intraday
2025-12-17,10:20,NIFTY,BUY_PE,25850,58.13,81.61,25877.54,25877.54,0.756,0.348,True,EOD,1498.74,60.43,1438.31,Intraday
2025-12-18,10:10,NIFTY,BUY_CE,25800,40.45,80.89,25772.42,25772.42,1.626,0.348,True,TARGET,2605.42,56.4,2549.02,Intraday
2025-12-18,10:15,NIFTY,BUY_CE,25800,42.24,84.49,25776.54,25776.54,4.28,0.347,True,TARGET,2721.09,56.81,2664.28,Intraday
2025-12-19,10:10,NIFTY,BUY_PE,25950,52.05,42.26,25942.17,25942.17,0.314,0.355,True,EOD,-654.93,59.04,-713.98,Intraday
2025-12-19,10:40,NIFTY,BUY_CE,25950,50.52,58.47,25945.54,25945.54,8.114,0.354,True,EOD,495.68,58.69,436.99,Intraday
2025-12-22,11:00,NIFTY,BUY_CE,26150,96.98,118.14,26118.9,26118.9,1.226,0.34,True,EOD,1333.86,69.26,1264.6,Intraday
2025-12-22,11:45,NIFTY,BUY_CE,26150,97.9,118.27,26120.82,26120.82,2.536,0.34,True,EOD,1281.59,69.47,1212.12,Intraday
2025-12-23,09:55,NIFTY,BUY_CE,26150,102.26,108.61,26154.02,26154.02,1.354,0.336,True,EOD,371.91,70.46,301.44,Intraday
2025-12-23,10:15,NIFTY,BUY_CE,26150,105.22,108.7,26159.52,26159.52,2.233,0.336,True,EOD,184.8,71.14,113.66,Intraday
2025-12-24,10:10,NIFTY,BUY_CE,26250,47.96,19.18,26206.45,26206.45,1.188,0.327,True,SL,-1883.49,58.11,-1941.61,Intraday
2025-12-24,10:45,NIFTY,BUY_PE,26200,54.07,85.03,26210.63,26210.63,0.185,0.328,True,EOD,1985.71,59.5,1926.21,Intraday
2025-12-26,10:55,NIFTY,BUY_PE,26100,41.96,83.92,26101.08,26101.08,0.904,0.323,True,TARGET,2702.7,56.75,2645.95,Intraday
2025-12-26,11:05,NIFTY,BUY_PE,26100,42.49,84.97,26099.98,26099.98,0.379,0.323,True,TARGET,2736.72,56.87,2679.85,Intraday
2025-12-29,09:55,NIFTY,BUY_PE,26050,75.1,125.61,26064.46,26064.46,0.915,0.312,True,EOD,3244.07,64.28,3179.78,Intraday
2025-12-29,10:20,NIFTY,BUY_PE,26050,78.66,127.14,26056.51,26056.51,0.434,0.312,True,EOD,3111.31,65.09,3046.22,Intraday
2025-12-30,10:10,NIFTY,BUY_CE,25950,71.1,95.05,25919.35,25919.35,1.319,0.3,True,EOD,1524.47,63.38,1461.1,Intraday
2025-12-30,10:35,NIFTY,BUY_CE,25950,74.73,95.78,25926.99,25926.99,2.05,0.3,True,EOD,1334.71,64.2,1270.51,Intraday
2025-12-31,10:30,NIFTY,BUY_CE,26050,44.94,89.88,25999.2,25999.2,323.0,0.3,True,TARGET,2894.94,57.42,2837.51,Intraday
2025-12-31,10:40,NIFTY,BUY_CE,26050,46.18,92.37,26002.29,26002.29,9.667,0.3,True,TARGET,2974.91,57.71,2917.21,Intraday
2026-01-01,09:55,NIFTY,BUY_PE,26150,33.8,47.68,26174.94,26174.94,0.718,0.3,True,EOD,886.55,54.89,831.66,Intraday
2026-01-01,10:15,NIFTY,BUY_PE,26150,35.72,48.18,26170.23,26170.23,0.309,0.3,True,EOD,793.61,55.33,738.29,Intraday
2026-01-02,10:35,NIFTY,BUY_CE,26250,35.86,71.71,26220.55,26220.55,1.099,0.3,True,TARGET,2309.63,55.36,2254.28,Intraday
2026-01-02,11:10,NIFTY,BUY_CE,26250,38.81,77.62,26227.43,26227.43,1.083,0.3,True,TARGET,2499.93,56.03,2443.9,Intraday
2026-01-05,10:05,NIFTY,BUY_CE,26350,84.49,56.34,26305.84,26305.84,4.573,0.3,True,EOD,-1857.43,66.42,-1923.85,Intraday
2026-01-05,11:00,NIFTY,BUY_CE,26350,91.91,54.56,26321.53,26321.53,1.319,0.3,True,EOD,-2456.49,68.11,-2524.6,Intraday
2026-01-06,09:55,NIFTY,BUY_CE,26250,61.28,48.14,26204.77,26204.77,3.963,0.3,True,EOD,-875.31,61.14,-936.45,Intraday
2026-01-06,10:35,NIFTY,BUY_PE,26200,62.55,79.93,26214.19,26214.19,0.334,0.3,True,EOD,1102.02,61.43,1040.59,Intraday
2026-01-07,09:55,NIFTY,BUY_CE,26150,56.05,62.62,26128.95,26128.95,1.462,0.3,True,EOD,403.89,59.95,343.93,Intraday
2026-01-07,10:15,NIFTY,BUY_CE,26150,59.21,62.8,26135.54,26135.54,1.695,0.3,True,EOD,209.48,60.67,148.8,Intraday
2026-01-08,10:00,NIFTY,BUY_PE,26050,25.51,51.01,26088.0,26088.0,0.948,0.3,True,TARGET,1642.99,53.0,1589.99,Intraday
2026-01-08,10:15,NIFTY,BUY_PE,26050,27.61,55.22,26082.12,26082.12,0.593,0.3,True,TARGET,1778.35,53.48,1724.86,Intraday
2026-01-09,10:30,NIFTY,BUY_PE,25850,33.8,67.6,25873.55,25873.55,0.861,0.3,True,TARGET,2177.1,54.89,2122.21,Intraday
2026-01-09,10:50,NIFTY,BUY_PE,25850,35.0,69.99,25870.62,25870.62,0.548,0.3,True,TARGET,2254.31,55.16,2199.15,Intraday
2026-01-12,10:45,NIFTY,BUY_PE,25550,69.7,27.88,25580.68,25580.68,0.992,0.325,True,SL,-2737.24,63.06,-2800.3,Intraday
2026-01-12,10:50,NIFTY,BUY_PE,25550,70.0,28.0,25579.95,25579.95,0.512,0.326,True,SL,-2749.09,63.12,-2812.22,Intraday
2026-01-13,09:55,NIFTY,BUY_PE,25700,45.03,90.07,25775.87,25775.87,0.65,0.352,True,TARGET,2900.84,57.45,2843.4,Intraday
2026-01-13,10:25,NIFTY,BUY_CE,25800,73.81,29.53,25768.59,25768.59,2.572,0.351,True,SL,-2898.86,63.99,-2962.85,Intraday
2026-01-14,10:15,NIFTY,BUY_PE,25700,55.7,22.28,25710.66,25710.66,0.389,0.378,True,SL,-2187.64,59.87,-2247.51,Intraday
2026-01-14,10:30,NIFTY,BUY_PE,25700,57.53,23.01,25706.64,25706.64,0.149,0.378,True,SL,-2259.45,60.29,-2319.74,Intraday
2026-01-16,10:00,NIFTY,BUY_CE,25750,35.59,71.18,25722.4,25722.4,2.876,0.387,True,TARGET,2292.63,55.3,2237.33,Intraday
2026-01-16,10:40,NIFTY,BUY_CE,25850,16.88,33.77,25765.34,25765.34,2.177,0.386,True,TARGET,1087.61,51.04,1036.57,Intraday
2026-01-19,10:00,NIFTY,BUY_PE,25500,54.45,59.53,25570.05,25570.05,0.142,0.402,True,EOD,308.09,59.59,248.51,Intraday
2026-01-19,10:25,NIFTY,BUY_PE,25500,58.33,59.69,25559.19,25559.19,0.656,0.402,True,EOD,64.97,60.47,4.5,Intraday
2026-01-20,09:55,NIFTY,BUY_PE,25450,53.04,106.08,25493.63,25493.63,0.942,0.399,True,TARGET,3416.43,59.27,3357.16,Intraday
2026-01-20,11:15,NIFTY,BUY_PE,25450,56.73,113.46,25484.24,25484.24,0.391,0.399,True,TARGET,3654.13,60.11,3594.03,Intraday
2026-01-21,09:55,NIFTY,BUY_PE,25150,38.78,77.56,25208.36,25208.36,0.44,0.448,True,TARGET,2497.89,56.02,2441.87,Intraday
2026-01-21,10:20,NIFTY,BUY_PE,25100,27.93,55.85,25193.45,25193.45,0.143,0.449,True,TARGET,1798.92,53.55,1745.37,Intraday
2026-01-22,10:00,NIFTY,BUY_PE,25400,55.89,111.78,25379.81,25379.81,0.239,0.467,True,TARGET,3600.31,59.92,3540.4,Intraday
2026-01-22,10:10,NIFTY,BUY_PE,25400,56.08,112.16,25379.47,25379.47,0.54,0.467,True,TARGET,3612.37,59.96,3552.41,Intraday
2026-01-23,10:00,NIFTY,BUY_PE,25300,48.61,97.21,25299.43,25299.43,0.553,0.495,True,TARGET,3131.01,58.26,3072.75,Intraday
2026-01-23,10:15,NIFTY,BUY_PE,25250,29.26,58.51,25295.88,25295.88,0.266,0.495,True,TARGET,1884.61,53.86,1830.75,Intraday
2026-01-27,10:15,NIFTY,BUY_CE,25200,45.95,18.38,25071.5,25071.5,1.206,0.511,True,SL,-1804.67,57.65,-1862.32,Intraday
2026-01-27,10:25,NIFTY,BUY_CE,25100,87.75,163.83,25077.73,25077.73,1.179,0.512,True,EOD,4896.06,67.16,4828.9,Intraday
2026-01-28,10:00,NIFTY,BUY_PE,25300,70.25,53.57,25311.6,25311.6,0.579,0.53,True,EOD,-1108.37,63.18,-1171.55,Intraday
2026-01-28,10:05,NIFTY,BUY_PE,25250,51.55,36.12,25306.43,25306.43,0.197,0.531,True,EOD,-1019.89,58.93,-1078.81,Intraday
2026-01-29,11:20,NIFTY,BUY_CE,25300,31.01,62.02,25230.32,25230.32,518.0,0.535,True,TARGET,1997.5,54.25,1943.25,Intraday
2026-01-29,11:25,NIFTY,BUY_CE,25300,31.43,62.85,25231.58,25231.58,4.144,0.535,True,TARGET,2024.25,54.35,1969.9,Intraday
2026-01-30,09:55,NIFTY,BUY_CE,25300,45.01,64.05,25272.0,25272.0,4.141,0.561,True,EOD,1215.96,57.44,1158.52,Intraday
2026-01-30,10:00,NIFTY,BUY_CE,25300,45.91,64.29,25274.05,25274.05,3.976,0.56,True,EOD,1173.44,57.64,1115.8,Intraday
2026-02-01,10:20,NIFTY,BUY_CE,25350,42.73,85.45,25315.92,25315.92,4.865,0.542,True,TARGET,2752.24,56.92,2695.32,Intraday
2026-02-01,11:05,NIFTY,BUY_CE,25400,32.35,64.7,25338.37,25338.37,1.567,0.541,True,TARGET,2083.76,54.56,2029.2,Intraday
2026-02-02,10:50,NIFTY,BUY_PE,24800,99.48,39.79,24853.38,24853.38,0.961,0.633,True,SL,-3906.88,69.83,-3976.71,Intraday
2026-02-02,10:55,NIFTY,BUY_PE,24750,81.22,32.49,24850.16,24850.16,0.395,0.635,True,SL,-3189.89,65.68,-3255.57,Intraday
2026-02-03,10:15,NIFTY,BUY_PE,25750,85.01,133.51,25846.64,25846.64,0.369,0.623,True,EOD,3109.47,66.54,3042.93,Intraday
2026-02-03,11:30,NIFTY,BUY_CE,25850,131.32,72.75,25832.4,25832.4,2.699,0.62,True,EOD,-3846.83,77.07,-3923.91,Intraday
2026-02-04,11:00,NIFTY,BUY_CE,25750,136.32,135.94,25738.25,25738.25,6.0,0.679,True,EOD,-77.56,78.21,-155.77,Intraday
2026-02-04,11:15,NIFTY,BUY_PE,25700,115.44,115.4,25737.42,25737.42,0.446,0.68,True,EOD,-47.44,73.46,-120.9,Intraday
2026-02-05,10:10,NIFTY,BUY_PE,25650,83.21,98.06,25674.57,25674.57,0.886,0.69,True,EOD,930.06,66.13,863.93,Intraday
2026-02-05,10:20,NIFTY,BUY_CE,25700,87.4,71.65,25675.2,25675.2,1.956,0.69,True,EOD,-1054.79,67.08,-1121.88,Intraday
2026-02-06,10:00,NIFTY,BUY_PE,25550,84.78,33.91,25565.31,25565.31,0.316,0.689,True,SL,-3329.52,66.49,-3396.0,Intraday
2026-02-06,10:10,NIFTY,BUY_PE,25500,65.62,26.25,25559.68,25559.68,0.333,0.69,True,SL,-2577.18,62.13,-2639.31,Intraday
2026-02-09,10:35,NIFTY,BUY_CE,25850,183.29,204.5,25820.39,25820.39,2.76,0.688,True,EOD,1302.76,88.9,1213.86,Intraday
2026-02-09,11:35,NIFTY,BUY_CE,25850,187.74,204.79,25829.33,25829.33,1.484,0.688,True,EOD,1031.37,89.91,941.46,Intraday
2026-02-10,09:55,NIFTY,BUY_CE,25950,160.94,156.43,25925.93,25925.93,1.405,0.648,True,EOD,-354.84,83.81,-438.65,Intraday
2026-02-10,10:15,NIFTY,BUY_CE,25950,164.5,156.34,25933.1,25933.1,1.245,0.648,True,EOD,-592.53,84.62,-677.15,Intraday
2026-02-11,10:00,NIFTY,BUY_PE,25900,104.9,109.43,25956.1,25956.1,0.481,0.613,True,EOD,252.42,71.06,181.36,Intraday
2026-02-11,10:10,NIFTY,BUY_PE,25900,106.92,109.47,25951.35,25951.35,0.452,0.613,True,EOD,124.02,71.52,52.5,Intraday
2026-02-12,10:05,NIFTY,BUY_CE,25850,99.77,69.55,25854.59,25854.59,3.857,0.592,True,EOD,-1997.63,69.9,-2067.52,Intraday
2026-02-12,10:10,NIFTY,BUY_CE,25900,76.87,50.67,25856.16,25856.16,4.214,0.592,True,EOD,-1727.66,64.69,-1792.35,Intraday
2026-02-13,11:15,NIFTY,BUY_PE,25550,88.43,135.19,25558.86,25558.86,0.891,0.576,True,EOD,2996.19,67.32,2928.88,Intraday
2026-02-13,11:25,NIFTY,BUY_PE,25550,88.95,135.37,25557.77,25557.77,0.802,0.576,True,EOD,2973.76,67.44,2906.32,Intraday
2026-02-16,09:55,NIFTY,BUY_CE,25500,190.91,295.77,25470.46,25470.46,1.308,0.559,True,EOD,6720.88,90.63,6630.25,Intraday
2026-02-16,10:00,NIFTY,BUY_CE,25550,169.52,264.62,25474.71,25474.71,1.105,0.559,True,EOD,6096.39,85.77,6010.63,Intraday
2026-02-17,10:15,NIFTY,BUY_CE,25700,139.79,178.53,25629.8,25629.8,7.403,0.574,True,EOD,2455.99,79.0,2376.99,Intraday
2026-02-17,10:25,NIFTY,BUY_CE,25700,143.62,179.19,25638.22,25638.22,6.935,0.574,True,EOD,2249.43,79.87,2169.56,Intraday
2026-02-18,09:55,NIFTY,BUY_PE,25650,100.65,64.8,25717.8,25717.8,0.571,0.561,True,EOD,-2362.88,70.1,-2432.97,Intraday
2026-02-18,10:15,NIFTY,BUY_PE,25650,105.78,63.47,25705.45,25705.45,0.229,0.56,True,EOD,-2783.41,71.26,-2854.68,Intraday
2026-02-19,10:10,NIFTY,BUY_PE,25750,68.02,136.04,25807.28,25807.28,0.637,0.562,True,TARGET,4381.64,62.68,4318.96,Intraday
2026-02-19,10:25,NIFTY,BUY_PE,25750,71.38,142.76,25798.95,25798.95,0.208,0.562,True,TARGET,4598.07,63.44,4534.63,Intraday
2026-02-20,10:15,NIFTY,BUY_CE,25550,64.15,128.3,25467.33,25467.33,1.142,0.515,True,TARGET,4132.28,61.79,4070.48,Intraday
2026-02-20,11:30,NIFTY,BUY_CE,25600,60.44,81.81,25506.78,25506.78,1.176,0.514,True,EOD,1361.69,60.95,1300.74,Intraday
2026-02-23,10:25,NIFTY,BUY_PE,25700,178.13,186.48,25722.02,25722.02,0.399,0.491,True,EOD,472.14,87.72,384.42,Intraday
2026-02-23,10:40,NIFTY,BUY_PE,25650,157.84,163.28,25716.69,25716.69,0.179,0.492,True,EOD,290.51,83.11,207.4,Intraday
2026-02-24,10:10,NIFTY,BUY_PE,25500,146.96,180.73,25535.11,25535.11,0.813,0.42,True,EOD,2131.59,80.63,2050.96,Intraday
2026-02-24,10:15,NIFTY,BUY_PE,25500,148.28,180.93,25532.19,25532.19,0.681,0.42,True,EOD,2058.52,80.93,1977.59,Intraday
2026-02-25,10:00,NIFTY,BUY_CE,25600,134.1,88.28,25573.45,25573.45,1.194,0.426,True,EOD,-3021.71,77.71,-3099.42,Intraday
2026-02-25,10:35,NIFTY,BUY_CE,25650,118.32,47.33,25588.84,25588.84,1.667,0.426,True,SL,-4646.83,74.12,-4720.94,Intraday
2026-02-26,10:00,NIFTY,BUY_CE,25550,90.78,36.31,25525.99,25525.99,2.23,0.434,True,SL,-3565.19,67.85,-3633.04,Intraday
2026-02-26,10:20,NIFTY,BUY_CE,25550,93.5,37.4,25531.7,25531.7,2.018,0.434,True,SL,-3671.9,68.47,-3740.37,Intraday
2026-02-27,10:20,NIFTY,BUY_PE,25300,53.81,107.63,25369.07,25369.07,0.562,0.432,True,TARGET,3466.47,59.44,3407.02,Intraday
2026-02-27,11:15,NIFTY,BUY_PE,25350,81.22,162.44,25354.56,25354.56,0.516,0.432,True,TARGET,5231.84,65.68,5166.16,Intraday
2025-09-15,10:10,BANKNIFTY,BUY_CE,54900,351.59,339.43,54876.54,54876.54,2.231,0.301,True,EOD,-427.14,84.12,-511.26,Intraday
2025-09-15,10:25,BANKNIFTY,BUY_CE,54900,352.5,339.41,54878.32,54878.32,1.838,0.301,True,EOD,-455.12,84.21,-539.34,Intraday
2025-09-16,10:00,BANKNIFTY,BUY_CE,55100,246.48,338.25,54960.1,54960.1,7.482,0.3,True,EOD,2700.52,73.08,2627.44,Intraday
2025-09-16,10:40,BANKNIFTY,BUY_CE,55100,263.5,341.99,54997.61,54997.61,1.564,0.3,True,EOD,2300.01,74.87,2225.15,Intraday
2025-09-17,10:00,BANKNIFTY,BUY_CE,55300,243.24,345.16,55277.04,55277.04,4.022,0.3,True,EOD,3004.7,72.74,2931.96,Intraday
2025-09-17,10:15,BANKNIFTY,BUY_PE,55200,198.91,110.76,55278.0,55278.0,0.585,0.3,True,EOD,-2672.33,68.09,-2740.42,Intraday
2025-09-18,10:00,BANKNIFTY,BUY_CE,55800,141.71,56.68,55719.7,55719.7,5.16,0.3,True,SL,-2568.57,62.08,-2630.65,Intraday
2025-09-18,10:10,BANKNIFTY,BUY_CE,55800,145.99,58.4,55729.4,55729.4,3.591,0.3,True,SL,-2646.27,62.53,-2708.8,Intraday
2025-09-19,10:00,BANKNIFTY,BUY_PE,55500,139.91,169.68,55562.98,55562.98,0.503,0.302,True,EOD,865.01,61.89,803.12,Intraday
2025-09-19,10:20,BANKNIFTY,BUY_PE,55600,193.82,224.65,55551.91,55551.91,0.526,0.301,True,EOD,887.32,67.55,819.77,Intraday
2025-09-22,10:25,BANKNIFTY,BUY_CE,55600,331.08,211.44,55526.15,55526.15,1.833,0.301,True,EOD,-3638.2,81.96,-3720.16,Intraday
2025-09-22,10:40,BANKNIFTY,BUY_CE,55600,336.36,210.2,55536.92,55536.92,1.013,0.301,True,EOD,-3833.94,82.52,-3916.46,Intraday
2025-09-23,09:55,BANKNIFTY,BUY_PE,55200,265.99,106.4,55240.09,55240.09,0.866,0.312,True,SL,-4821.41,75.13,-4896.54,Intraday
2025-09-23,10:00,BANKNIFTY,BUY_CE,55300,285.94,438.76,55242.38,55242.38,1.739,0.312,True,EOD,4519.24,77.22,4442.02,Intraday
2025-09-24,10:00,BANKNIFTY,BUY_CE,55300,270.96,164.41,55330.62,55330.62,2.019,0.324,True,EOD,-3235.72,75.65,-3311.37,Intraday
2025-09-24,10:40,BANKNIFTY,BUY_PE,55200,181.47,258.21,55319.4,55319.4,0.261,0.324,True,EOD,2262.59,66.25,2196.34,Intraday
2025-09-25,10:05,BANKNIFTY,BUY_CE,55200,156.38,62.55,55156.24,55156.24,1.041,0.333,True,SL,-2834.58,63.62,-2898.2,Intraday
2025-09-25,10:40,BANKNIFTY,BUY_PE,55100,143.44,232.27,55152.15,55152.15,0.193,0.333,True,EOD,2631.28,62.26,2569.02,Intraday
2025-09-26,09:55,BANKNIFTY,BUY_PE,54700,156.98,313.96,54719.8,54719.8,0.917,0.336,True,TARGET,4667.08,63.68,4603.39,Intraday
2025-09-26,10:00,BANKNIFTY,BUY_PE,54700,158.71,317.42,54716.15,54716.15,0.985,0.336,True,TARGET,4718.47,63.86,4654.61,Intraday
2025-09-29,10:15,BANKNIFTY,BUY_CE,54700,280.86,285.5,54530.88,54530.88,1.44,0.345,True,EOD,88.08,76.69,11.39,Intraday
2025-09-29,10:25,BANKNIFTY,BUY_CE,54600,332.89,331.94,54543.28,54543.28,1.086,0.345,True,EOD,-88.41,82.15,-170.57,Intraday
2025-09-30,10:00,BANKNIFTY,BUY_PE,54600,245.46,245.07,54678.87,54678.87,0.676,0.357,True,EOD,-55.8,72.97,-128.78,Intraday
2025-09-30,10:05,BANKNIFTY,BUY_PE,54600,248.94,245.05,54671.0,54671.0,0.592,0.358,True,EOD,-160.91,73.34,-234.25,Intraday
2025-10-01,10:05,BANKNIFTY,BUY_CE,54900,199.07,398.14,54787.1,54787.1,1.386,0.355,True,TARGET,5918.33,68.1,5850.23,Intraday
2025-10-01,10:30,BANKNIFTY,BUY_CE,55000,171.06,342.11,54819.25,54819.25,1.761,0.354,True,TARGET,5085.47,65.16,5020.31,Intraday
2025-10-03,10:40,BANKNIFTY,BUY_PE,55400,172.37,68.95,55392.39,55392.39,0.323,0.382,True,SL,-3124.4,65.3,-3189.7,Intraday
2025-10-03,10:50,BANKNIFTY,BUY_CE,55400,174.8,277.72,55392.73,55392.73,1.433,0.381,True,EOD,3046.72,65.55,2981.17,Intraday
2025-10-06,10:30,BANKNIFTY,BUY_CE,56000,314.18,409.1,55885.3,55885.3,1.721,0.388,True,EOD,2782.31,80.19,2702.12,Intraday
2025-10-06,10:55,BANKNIFTY,BUY_CE,56000,321.46,410.45,55900.7,55900.7,2.73,0.388,True,EOD,2603.96,80.95,2523.01,Intraday
2025-10-07,10:10,BANKNIFTY,BUY_CE,56300,180.49,174.57,56228.22,56228.22,1.858,0.4,True,EOD,-209.47,66.15,-275.62,Intraday
2025-10-07,10:35,BANKNIFTY,BUY_CE,56400,145.99,132.61,56248.51,56248.51,1.364,0.4,True,EOD,-426.37,62.53,-488.9,Intraday
2025-10-08,09:55,BANKNIFTY,BUY_PE,56200,158.12,316.24,56190.32,56190.32,0.42,0.406,True,TARGET,4700.92,63.8,4637.12,Intraday
2025-10-08,10:10,BANKNIFTY,BUY_PE,56100,119.31,238.62,56176.6,56176.6,0.451,0.406,True,TARGET,3547.02,59.73,3487.3,Intraday
2025-10-09,10:00,BANKNIFTY,BUY_PE,55900,81.88,32.75,55970.35,55970.35,0.861,0.413,True,SL,-1484.15,55.8,-1539.94,Intraday
2025-10-09,10:20,BANKNIFTY,BUY_CE,56000,103.32,206.64,55959.86,55959.86,2.89,0.413,True,TARGET,3071.72,58.05,3013.68,Intraday
2025-10-10,10:15,BANKNIFTY,BUY_CE,56600,58.72,117.44,56439.1,56439.1,1.95,0.414,True,TARGET,1745.8,53.37,1692.44,Intraday
2025-10-10,10:30,BANKNIFTY,BUY_CE,56600,65.56,131.12,56460.44,56460.44,1.43,0.414,True,TARGET,1949.13,54.08,1895.04,Intraday
2025-10-13,10:25,BANKNIFTY,BUY_CE,56600,212.97,280.56,56484.25,56484.25,2.351,0.432,True,EOD,1983.14,69.56,1913.58,Intraday
2025-10-13,10:40,BANKNIFTY,BUY_CE,56600,221.46,282.2,56502.71,56502.71,1.317,0.432,True,EOD,1776.76,70.45,1706.31,Intraday
2025-10-14,10:00,BANKNIFTY,BUY_PE,56500,155.98,205.78,56602.67,56602.67,0.156,0.432,True,EOD,1461.35,63.58,1397.77,Intraday
2025-10-14,10:15,BANKNIFTY,BUY_PE,56500,161.74,206.97,56588.48,56588.48,0.404,0.432,True,EOD,1323.43,64.18,1259.25,Intraday
2025-10-15,10:10,BANKNIFTY,BUY_CE,56700,138.46,276.92,56597.53,56597.53,1.706,0.43,True,TARGET,4116.46,61.74,4054.72,Intraday
2025-10-15,10:20,BANKNIFTY,BUY_CE,56700,143.22,235.09,56608.53,56608.53,505.0,0.43,True,EOD,2722.26,62.24,2660.03,Intraday
2025-10-16,09:55,BANKNIFTY,BUY_PE,57100,112.67,45.07,57117.81,57117.81,0.873,0.425,True,SL,-2042.25,59.03,-2101.28,Intraday
2025-10-16,10:00,BANKNIFTY,BUY_PE,57100,114.78,45.91,57113.29,57113.29,0.463,0.425,True,SL,-2080.46,59.25,-2139.71,Intraday
2025-10-17,10:05,BANKNIFTY,BUY_CE,57500,96.35,192.7,57408.94,57408.94,1.321,0.431,True,TARGET,2864.49,57.32,2807.17,Intraday
2025-10-17,10:10,BANKNIFTY,BUY_CE,57500,100.59,201.18,57419.25,57419.25,2.854,0.431,True,TARGET,2990.51,57.76,2932.75,Intraday
2025-10-20,10:40,BANKNIFTY,BUY_CE,58200,214.41,215.48,58048.57,58048.57,4.259,0.426,True,EOD,-6.85,69.71,-76.56,Intraday
2025-10-20,11:25,BANKNIFTY,BUY_CE,58200,227.19,215.27,58077.26,58077.26,1.374,0.427,True,EOD,-397.27,71.05,-468.32,Intraday
2025-10-23,11:00,BANKNIFTY,BUY_CE,58500,93.95,37.58,58406.39,58406.39,1.871,0.419,True,SL,-1702.94,57.06,-1760.0,Intraday
2025-10-23,11:15,BANKNIFTY,BUY_CE,58500,96.75,38.7,58413.3,58413.3,5.672,0.418,True,SL,-1753.72,57.36,-1811.08,Intraday
2025-10-24,10:10,BANKNIFTY,BUY_PE,58000,83.17,166.33,58074.3,58074.3,0.541,0.41,True,TARGET,2472.56,55.93,2416.63,Intraday
2025-10-24,10:15,BANKNIFTY,BUY_PE,57900,54.07,108.13,58060.32,58060.32,0.45,0.411,True,TARGET,1607.38,52.88,1554.5,Intraday
2025-10-27,10:15,BANKNIFTY,BUY_CE,58100,190.46,299.52,57943.35,57943.35,1.649,0.428,True,EOD,3227.51,67.2,3160.31,Intraday
2025-10-27,11:55,BANKNIFTY,BUY_CE,58200,182.67,255.2,58023.81,58023.81,1.358,0.428,True,EOD,2136.34,66.38,2069.96,Intraday
2025-10-28,10:00,BANKNIFTY,BUY_PE,58000,108.39,216.77,58146.47,58146.47,0.001,0.438,True,TARGET,3222.29,58.58,3163.71,Intraday
2025-10-28,10:50,BANKNIFTY,BUY_PE,57800,73.88,147.77,58057.84,58057.84,0.198,0.439,True,TARGET,2196.53,54.96,2141.57,Intraday
2025-10-29,10:15,BANKNIFTY,BUY_PE,58100,98.78,39.51,58198.01,58198.01,0.475,0.441,True,SL,-1790.53,57.57,-1848.1,Intraday
2025-10-29,10:20,BANKNIFTY,BUY_PE,58100,100.6,40.24,58193.21,58193.21,0.519,0.44,True,SL,-1823.42,57.76,-1881.18,Intraday
2025-10-30,10:15,BANKNIFTY,BUY_PE,58200,99.47,165.04,58204.64,58204.64,0.878,0.434,True,EOD,1943.31,57.64,1885.66,Intraday
2025-10-30,10:20,BANKNIFTY,BUY_CE,58300,71.84,28.74,58210.17,58210.17,2.104,0.433,True,SL,-1302.15,54.74,-1356.89,Intraday
2025-10-31,10:00,BANKNIFTY,BUY_PE,58000,52.37,104.73,58116.93,58116.93,0.423,0.428,True,TARGET,1556.82,52.7,1504.12,Intraday
2025-10-31,10:05,BANKNIFTY,BUY_PE,58000,54.74,109.48,58109.43,58109.43,0.393,0.429,True,TARGET,1627.47,52.95,1574.52,Intraday
2025-11-03,10:00,BANKNIFTY,BUY_CE,57900,240.64,355.39,57900.67,57900.67,2.009,0.428,True,EOD,3388.98,72.47,3316.51,Intraday
2025-11-03,10:15,BANKNIFTY,BUY_CE,58000,198.7,292.92,57916.25,57916.25,1.508,0.428,True,EOD,2782.38,68.06,2714.31,Intraday
2025-11-04,10:20,BANKNIFTY,BUY_CE,58000,176.58,70.63,57955.18,57955.18,1.182,0.434,True,SL,-3200.75,65.74,-3266.49,Intraday
2025-11-04,10:55,BANKNIFTY,BUY_CE,58000,177.02,70.81,57956.06,57956.06,1.162,0.433,True,SL,-3208.62,65.79,-3274.4,Intraday
2025-11-06,10:05,BANKNIFTY,BUY_PE,57700,82.22,164.44,57755.31,57755.31,0.252,0.429,True,TARGET,2444.39,55.83,2388.56,Intraday
2025-11-06,11:15,BANKNIFTY,BUY_PE,57600,60.68,121.36,57713.5,57713.5,0.383,0.43,True,TARGET,1803.97,53.57,1750.4,Intraday
2025-11-07,10:30,BANKNIFTY,BUY_CE,57400,71.17,142.33,57302.2,57302.2,4.558,0.431,True,TARGET,2115.75,54.67,2061.08,Intraday
2025-11-07,10:35,BANKNIFTY,BUY_CE,57400,73.04,146.08,57307.14,57307.14,545.0,0.431,True,TARGET,2171.44,54.87,2116.57,Intraday
2025-11-10,09:55,BANKNIFTY,BUY_PE,57900,170.54,204.99,57975.9,57975.9,0.771,0.446,True,EOD,999.73,65.11,934.62,Intraday
2025-11-10,10:00,BANKNIFTY,BUY_PE,57900,171.89,205.18,57972.67,57972.67,0.267,0.446,True,EOD,964.72,65.25,899.47,Intraday
2025-11-11,10:10,BANKNIFTY,BUY_PE,57700,108.33,43.33,57845.24,57845.24,0.395,0.427,True,SL,-1963.66,58.58,-2022.24,Intraday
2025-11-11,10:35,BANKNIFTY,BUY_PE,57600,86.26,34.5,57812.89,57812.89,0.359,0.428,True,SL,-1563.53,56.26,-1619.79,Intraday
2025-11-12,10:20,BANKNIFTY,BUY_PE,58300,122.97,179.6,58342.15,58342.15,0.364,0.435,True,EOD,1671.74,60.11,1611.63,Intraday
2025-11-12,10:30,BANKNIFTY,BUY_PE,58300,125.66,180.41,58336.0,58336.0,0.539,0.435,True,EOD,1615.09,60.39,1554.7,Intraday
2025-11-13,10:00,BANKNIFTY,BUY_CE,58400,61.2,122.4,58284.22,58284.22,6.696,0.438,True,TARGET,1819.4,53.63,1765.78,Intraday
2025-11-13,10:05,BANKNIFTY,BUY_CE,58500,36.5,73.01,58298.34,58298.34,6.772,0.438,True,TARGET,1085.27,51.03,1034.24,Intraday
2025-11-14,10:00,BANKNIFTY,BUY_PE,58200,52.29,20.92,58315.51,58315.51,0.315,0.431,True,SL,-947.9,52.69,-1000.59,Intraday
2025-11-14,10:30,BANKNIFTY,BUY_PE,58200,57.44,22.98,58299.6,58299.6,0.901,0.431,True,SL,-1041.19,53.23,-1094.42,Intraday
2025-11-17,10:05,BANKNIFTY,BUY_CE,58900,186.61,250.41,58837.71,58837.71,1.692,0.414,True,EOD,1874.65,66.79,1807.86,Intraday
2025-11-17,10:15,BANKNIFTY,BUY_CE,58900,190.89,251.31,58846.48,58846.48,2.205,0.413,True,EOD,1772.62,67.24,1705.38,Intraday
2025-11-18,10:00,BANKNIFTY,BUY_PE,58900,135.45,181.72,58943.8,58943.8,0.525,0.403,True,EOD,1359.63,61.42,1298.21,Intraday
2025-11-18,10:05,BANKNIFTY,BUY_PE,58900,136.49,181.96,58941.38,58941.38,0.48,0.403,True,EOD,1335.51,61.53,1273.98,Intraday
2025-11-19,10:00,BANKNIFTY,BUY_CE,58800,141.09,282.19,58783.49,58783.49,2.089,0.389,True,TARGET,4194.74,62.01,4132.72,Intraday
2025-11-19,10:10,BANKNIFTY,BUY_CE,58900,99.68,199.36,58791.7,58791.7,5.146,0.389,True,TARGET,2963.46,57.67,2905.79,Intraday
2025-11-20,10:05,BANKNIFTY,BUY_PE,59200,93.47,37.39,59201.77,59201.77,0.778,0.398,True,SL,-1694.22,57.01,-1751.23,Intraday
2025-11-20,10:30,BANKNIFTY,BUY_PE,59200,96.52,38.61,59195.48,59195.48,0.925,0.398,True,SL,-1749.45,57.33,-1806.79,Intraday
2025-11-21,09:55,BANKNIFTY,BUY_PE,59100,87.67,175.34,59113.41,59113.41,0.249,0.398,True,TARGET,2606.45,56.41,2550.05,Intraday
2025-11-21,10:00,BANKNIFTY,BUY_PE,59000,51.92,103.84,59104.81,59104.81,0.225,0.398,True,TARGET,1543.53,52.65,1490.88,Intraday
2025-11-24,10:05,BANKNIFTY,BUY_CE,59100,178.48,71.39,58982.71,58982.71,2.149,0.386,True,SL,-3235.1,65.94,-3301.04,Intraday
2025-11-24,10:10,BANKNIFTY,BUY_CE,59100,183.53,73.41,58993.92,58993.92,4.542,0.386,True,SL,-3326.58,66.47,-3393.05,Intraday
2025-11-25,10:05,BANKNIFTY,BUY_CE,59000,134.8,105.56,58880.11,58880.11,3.712,0.395,True,EOD,-898.8,61.35,-960.16,Intraday
2025-11-25,10:30,BANKNIFTY,BUY_CE,59000,148.1,103.25,58910.65,58910.65,1.275,0.395,True,EOD,-1368.17,62.75,-1430.92,Intraday
2025-11-26,10:35,BANKNIFTY,BUY_CE,59500,56.12,112.24,59243.21,59243.21,1.193,0.394,True,TARGET,1668.37,53.09,1615.28,Intraday
2025-11-26,10:50,BANKNIFTY,BUY_CE,59400,96.42,192.84,59270.23,59270.23,1.539,0.394,True,TARGET,2866.55,57.32,2809.22,Intraday
2025-11-27,09:55,BANKNIFTY,BUY_CE,59700,117.65,47.06,59688.06,59688.06,1.155,0.413,True,SL,-2132.5,59.55,-2192.05,Intraday
2025-11-27,10:10,BANKNIFTY,BUY_CE,59800,79.41,31.76,59700.91,59700.91,694.0,0.413,True,SL,-1439.37,55.54,-1494.91,Intraday
2025-11-28,10:25,BANKNIFTY,BUY_PE,59700,109.78,43.91,59696.84,59696.84,0.75,0.383,True,SL,-1989.87,58.73,-2048.6,Intraday
2025-11-28,10:45,BANKNIFTY,BUY_CE,59800,77.57,86.18,59708.15,59708.15,6.13,0.382,True,EOD,243.54,55.34,188.2,Intraday
2025-12-01,10:50,BANKNIFTY,BUY_PE,60000,186.42,372.83,60024.76,60024.76,0.836,0.384,True,TARGET,5542.18,66.77,5475.4,Intraday
2025-12-01,10:55,BANKNIFTY,BUY_PE,60000,186.71,373.42,60024.11,60024.11,0.874,0.384,True,TARGET,5550.95,66.8,5484.15,Intraday
2025-12-02,10:20,BANKNIFTY,BUY_CE,59500,194.63,77.85,59487.79,59487.79,2.032,0.387,True,SL,-3527.82,67.64,-3595.45,Intraday
2025-12-02,10:30,BANKNIFTY,BUY_CE,59600,149.39,59.76,59492.32,59492.32,4.753,0.387,True,SL,-2707.87,62.89,-2770.75,Intraday
2025-12-03,10:00,BANKNIFTY,BUY_PE,59000,77.72,31.09,59156.04,59156.04,0.797,0.394,True,SL,-1408.77,55.36,-1464.13,Intraday
2025-12-03,10:15,BANKNIFTY,BUY_PE,59000,84.09,33.63,59136.57,59136.57,0.353,0.394,True,SL,-1524.15,56.03,-1580.18,Intraday
2025-12-04,10:20,BANKNIFTY,BUY_CE,59500,44.78,89.56,59336.73,59336.73,5.843,0.391,True,TARGET,1331.25,51.9,1279.35,Intraday
2025-12-04,10:25,BANKNIFTY,BUY_CE,59500,47.93,95.87,59347.75,59347.75,6.657,0.391,True,TARGET,1425.08,52.23,1372.85,Intraday
2025-12-05,10:00,BANKNIFTY,BUY_CE,59600,25.84,51.68,59359.51,59359.51,2.28,0.387,True,TARGET,768.29,49.91,718.38,Intraday
2025-12-05,10:05,BANKNIFTY,BUY_CE,59500,60.06,120.13,59390.11,59390.11,1.408,0.388,True,TARGET,1785.71,53.51,1732.2,Intraday
2025-12-08,10:00,BANKNIFTY,BUY_PE,59500,157.63,315.27,59582.38,59582.38,0.438,0.406,True,TARGET,4686.48,63.75,4622.73,Intraday
2025-12-08,10:05,BANKNIFTY,BUY_PE,59500,160.47,320.94,59575.45,59575.45,0.936,0.406,True,TARGET,4770.76,64.05,4706.71,Intraday
2025-12-09,10:00,BANKNIFTY,BUY_PE,59000,208.77,83.51,58965.55,58965.55,0.923,0.433,True,SL,-3784.22,69.12,-3853.34,Intraday
2025-12-09,10:05,BANKNIFTY,BUY_CE,59000,209.06,330.19,58971.98,58971.98,2.451,0.432,True,EOD,3585.26,69.15,3516.11,Intraday
2025-12-10,10:25,BANKNIFTY,BUY_CE,59400,149.81,59.92,59335.98,59335.98,1.726,0.424,True,SL,-2715.44,62.93,-2778.37,Intraday
2025-12-10,10:45,BANKNIFTY,BUY_PE,59300,141.6,283.2,59339.61,59339.61,0.567,0.424,True,TARGET,4209.79,62.07,4147.72,Intraday
2025-12-11,10:05,BANKNIFTY,BUY_CE,59000,103.17,206.35,58949.3,58949.3,1.125,0.443,True,TARGET,3067.37,58.03,3009.34,Intraday
2025-12-11,10:10,BANKNIFTY,BUY_CE,59100,67.72,135.44,58958.15,58958.15,3.179,0.442,True,TARGET,2013.38,54.31,1959.07,Intraday
2025-12-12,09:55,BANKNIFTY,BUY_CE,59500,108.33,43.33,59455.52,59455.52,1.461,0.452,True,SL,-1963.66,58.58,-2022.23,Intraday
2025-12-12,10:05,BANKNIFTY,BUY_PE,59400,93.8,187.6,59456.43,59456.43,0.74,0.453,True,TARGET,2788.62,57.05,2731.57,Intraday
2025-12-15,10:45,BANKNIFTY,BUY_CE,59300,210.44,324.59,59197.67,59197.67,1.402,0.434,True,EOD,3376.43,69.3,3307.13,Intraday
2025-12-15,10:55,BANKNIFTY,BUY_CE,59300,212.43,325.29,59201.97,59201.97,1.213,0.434,True,EOD,3337.35,69.51,3267.84,Intraday
2025-12-16,10:00,BANKNIFTY,BUY_PE,59100,157.27,225.2,59173.24,59173.24,0.541,0.439,True,EOD,2003.47,63.71,1939.76,Intraday
2025-12-16,10:05,BANKNIFTY,BUY_PE,59100,159.72,225.91,59167.4,59167.4,0.61,0.438,True,EOD,1950.84,63.97,1886.87,Intraday
2025-12-17,09:55,BANKNIFTY,BUY_PE,59000,153.42,177.9,59014.05,59014.05,0.807,0.415,True,EOD,704.62,63.31,641.31,Intraday
2025-12-17,10:25,BANKNIFTY,BUY_PE,58900,119.68,131.67,58991.92,58991.92,0.759,0.416,True,EOD,337.15,59.77,277.39,Intraday
2025-12-18,10:05,BANKNIFTY,BUY_CE,58900,92.15,184.3,58830.1,58830.1,2.034,0.414,True,TARGET,2739.62,56.88,2682.74,Intraday
2025-12-18,10:10,BANKNIFTY,BUY_CE,59000,60.53,121.06,58843.49,58843.49,6.469,0.414,True,TARGET,1799.6,53.56,1746.05,Intraday
2025-12-19,10:05,BANKNIFTY,BUY_PE,59000,85.1,85.89,59048.71,59048.71,0.559,0.425,True,EOD,8.42,56.14,-47.71,Intraday
2025-12-19,10:25,BANKNIFTY,BUY_CE,59100,92.59,37.03,59047.51,59047.51,1.094,0.425,True,SL,-1678.23,56.92,-1735.15,Intraday
2025-12-22,10:35,BANKNIFTY,BUY_PE,59200,163.13,167.68,59295.41,59295.41,0.162,0.403,True,EOD,106.59,64.33,42.26,Intraday
2025-12-22,10:40,BANKNIFTY,BUY_PE,59300,208.08,212.48,59293.4,59293.4,0.463,0.403,True,EOD,94.14,69.05,25.09,Intraday
2025-12-23,10:15,BANKNIFTY,BUY_CE,59300,219.29,201.46,59309.87,59309.87,2.949,0.392,True,EOD,-572.73,70.23,-642.95,Intraday
2025-12-23,10:50,BANKNIFTY,BUY_CE,59300,219.59,201.45,59310.43,59310.43,1.137,0.391,True,EOD,-582.17,70.26,-652.43,Intraday
2025-12-24,10:05,BANKNIFTY,BUY_PE,59400,128.41,256.82,59403.32,59403.32,0.92,0.373,True,TARGET,3817.69,60.68,3757.01,Intraday
2025-12-24,10:15,BANKNIFTY,BUY_CE,59400,153.95,61.58,59405.33,59405.33,2.235,0.373,True,SL,-2790.52,63.36,-2853.89,Intraday
2025-12-26,10:00,BANKNIFTY,BUY_CE,59100,119.51,47.81,59128.56,59128.56,1.169,0.367,True,SL,-2166.31,59.75,-2226.06,Intraday
2025-12-26,10:55,BANKNIFTY,BUY_PE,59100,80.64,139.06,59128.07,59128.07,0.488,0.367,True,EOD,1732.88,55.67,1677.21,Intraday
2025-12-29,09:55,BANKNIFTY,BUY_PE,58900,120.1,149.89,59037.48,59037.48,0.205,0.34,True,EOD,869.23,59.81,809.42,Intraday
2025-12-29,10:40,BANKNIFTY,BUY_PE,58900,132.26,151.57,59004.53,59004.53,0.416,0.34,True,EOD,553.69,61.09,492.6,Intraday
2025-12-30,10:00,BANKNIFTY,BUY_CE,58900,151.12,302.25,58828.76,58828.76,3.972,0.319,True,TARGET,4492.89,63.07,4429.82,Intraday
2025-12-30,10:10,BANKNIFTY,BUY_CE,58900,156.92,313.83,58841.08,58841.08,2.587,0.318,True,TARGET,4665.12,63.68,4601.44,Intraday
2025-12-31,10:30,BANKNIFTY,BUY_CE,59400,112.86,225.72,59320.26,59320.26,7.276,0.319,True,TARGET,3355.34,59.05,3296.29,Intraday
2025-12-31,10:40,BANKNIFTY,BUY_CE,59400,116.36,232.71,59328.21,59328.21,3.345,0.319,True,TARGET,3459.25,59.42,3399.84,Intraday
2026-01-01,09:55,BANKNIFTY,BUY_PE,59600,70.55,49.4,59654.26,59654.26,0.285,0.317,True,EOD,-645.08,54.61,-699.69,Intraday
2026-01-01,10:15,BANKNIFTY,BUY_PE,59600,70.05,49.51,59655.51,59655.51,0.273,0.318,True,EOD,-627.16,54.56,-681.71,Intraday
2026-01-02,11:20,BANKNIFTY,BUY_CE,60000,92.16,184.32,59972.8,59972.8,1.271,0.3,True,TARGET,2739.87,56.88,2682.99,Intraday
2026-01-02,11:30,BANKNIFTY,BUY_CE,60100,54.58,109.16,59978.82,59978.82,1.821,0.3,True,TARGET,1622.73,52.93,1569.8,Intraday
2026-01-05,10:05,BANKNIFTY,BUY_CE,60300,197.9,79.16,60250.2,60250.2,2.354,0.3,True,SL,-3587.22,67.98,-3655.2,Intraday
2026-01-05,11:15,BANKNIFTY,BUY_PE,60300,193.09,386.18,60273.82,60273.82,0.827,0.3,True,TARGET,5740.54,67.47,5673.07,Intraday
2026-01-06,10:25,BANKNIFTY,BUY_CE,60300,126.42,99.56,60162.0,60162.0,1.151,0.302,True,EOD,-826.08,60.47,-886.55,Intraday
2026-01-06,11:05,BANKNIFTY,BUY_CE,60300,134.3,98.27,60181.03,60181.03,1.186,0.302,True,EOD,-1101.75,61.3,-1163.06,Intraday
2026-01-07,09:55,BANKNIFTY,BUY_PE,59900,110.21,97.37,59946.49,59946.49,0.805,0.31,True,EOD,-404.04,58.77,-462.81,Intraday
2026-01-07,10:40,BANKNIFTY,BUY_CE,60000,120.55,48.22,59934.24,59934.24,2.043,0.309,True,SL,-2185.16,59.86,-2245.02,Intraday
2026-01-08,10:25,BANKNIFTY,BUY_CE,60000,88.28,35.31,59964.52,59964.52,1.41,0.308,True,SL,-1600.24,56.47,-1656.71,Intraday
2026-01-08,10:55,BANKNIFTY,BUY_PE,59900,67.57,135.14,59962.97,59962.97,0.338,0.308,True,TARGET,2008.84,54.29,1954.54,Intraday
2026-01-09,10:25,BANKNIFTY,BUY_CE,59600,82.42,32.97,59553.1,59553.1,1.251,0.313,True,SL,-1494.02,55.85,-1549.88,Intraday
2026-01-09,10:50,BANKNIFTY,BUY_PE,59500,72.63,145.26,59548.58,59548.58,0.586,0.314,True,TARGET,2159.25,54.83,2104.42,Intraday
2026-01-12,10:30,BANKNIFTY,BUY_CE,59100,217.08,434.16,59096.14,59096.14,1.996,0.336,True,TARGET,6453.74,69.99,6383.75,Intraday
2026-01-12,10:45,BANKNIFTY,BUY_CE,59100,216.64,433.27,59095.31,59095.31,1.745,0.336,True,TARGET,6440.57,69.95,6370.62,Intraday
2026-01-13,09:55,BANKNIFTY,BUY_PE,59500,114.37,136.17,59599.9,59599.9,0.53,0.362,True,EOD,631.47,59.21,572.26,Intraday
2026-01-13,10:20,BANKNIFTY,BUY_CE,59600,183.59,73.44,59590.13,59590.13,1.252,0.361,True,SL,-3327.83,66.48,-3394.3,Intraday
2026-01-14,09:55,BANKNIFTY,BUY_PE,59500,110.85,44.34,59542.95,59542.95,0.436,0.378,True,SL,-2009.18,58.84,-2068.02,Intraday
2026-01-14,10:15,BANKNIFTY,BUY_PE,59400,77.61,31.05,59530.06,59530.06,0.235,0.378,True,SL,-1406.83,55.35,-1462.18,Intraday
2026-01-16,10:10,BANKNIFTY,BUY_CE,60000,35.35,70.7,59811.71,59811.71,3.074,0.381,True,TARGET,1050.96,50.91,1000.05,Intraday
2026-01-16,10:15,BANKNIFTY,BUY_CE,60100,19.16,38.33,59826.79,59826.79,2.943,0.381,True,TARGET,569.76,49.21,520.55,Intraday
2026-01-19,10:05,BANKNIFTY,BUY_PE,59700,130.13,125.07,59816.34,59816.34,0.476,0.413,True,EOD,-175.01,60.86,-235.87,Intraday
2026-01-19,11:20,BANKNIFTY,BUY_PE,59700,145.21,124.09,59777.55,59777.55,0.854,0.413,True,EOD,-657.99,62.45,-720.43,Intraday
2026-01-20,10:10,BANKNIFTY,BUY_PE,59700,124.05,248.1,59776.36,59776.36,0.41,0.424,True,TARGET,3687.95,60.23,3627.72,Intraday
2026-01-20,10:15,BANKNIFTY,BUY_PE,59700,126.05,252.1,59771.38,59771.38,0.848,0.424,True,TARGET,3747.51,60.44,3687.07,Intraday
2026-01-21,09:55,BANKNIFTY,BUY_PE,59100,74.85,149.7,59254.8,59254.8,0.452,0.438,True,TARGET,2225.29,55.06,2170.23,Intraday
2026-01-21,10:40,BANKNIFTY,BUY_PE,58800,31.87,63.74,59135.52,59135.52,0.2,0.441,True,TARGET,947.54,50.55,896.99,Intraday
2026-01-22,09:55,BANKNIFTY,BUY_PE,59400,111.9,223.79,59400.28,59400.28,0.978,0.472,True,TARGET,3326.65,58.95,3267.7,Intraday
2026-01-22,10:00,BANKNIFTY,BUY_PE,59300,71.82,143.63,59395.1,59395.1,0.413,0.472,True,TARGET,2135.09,54.74,2080.35,Intraday
2026-01-23,10:05,BANKNIFTY,BUY_PE,59100,91.75,183.5,59162.82,59162.82,0.964,0.509,True,TARGET,2727.66,56.83,2670.83,Intraday
2026-01-23,10:30,BANKNIFTY,BUY_CE,59200,106.86,42.74,59151.09,59151.09,5.745,0.509,True,SL,-1936.89,58.42,-1995.31,Intraday
2026-01-27,10:40,BANKNIFTY,BUY_PE,58500,223.08,89.23,58505.62,58505.62,0.436,0.551,True,SL,-4043.55,70.62,-4114.18,Intraday
2026-01-27,11:15,BANKNIFTY,BUY_CE,58600,211.57,423.14,58506.77,58506.77,1.687,0.549,True,TARGET,6289.93,69.41,6220.51,Intraday
2026-01-28,09:55,BANKNIFTY,BUY_PE,59500,196.45,181.54,59541.94,59541.94,0.384,0.585,True,EOD,-481.41,67.83,-549.24,Intraday
2026-01-28,10:00,BANKNIFTY,BUY_PE,59500,196.89,181.51,59540.97,59540.97,0.465,0.585,True,EOD,-495.37,67.87,-563.24,Intraday
2026-01-29,09:55,BANKNIFTY,BUY_CE,59500,144.03,288.07,59457.97,59457.97,1.889,0.585,True,TARGET,4282.16,62.32,4219.84,Intraday
2026-01-29,10:00,BANKNIFTY,BUY_CE,59500,144.3,288.6,59458.54,59458.54,2.051,0.585,True,TARGET,4290.04,62.35,4227.69,Intraday
2026-01-30,09:55,BANKNIFTY,BUY_CE,59800,126.89,50.76,59716.55,59716.55,5.012,0.606,True,SL,-2300.04,60.52,-2360.57,Intraday
2026-01-30,10:10,BANKNIFTY,BUY_CE,59900,96.36,38.55,59737.98,59737.98,1.422,0.606,True,SL,-1746.68,57.32,-1804.0,Intraday
2026-02-01,10:20,BANKNIFTY,BUY_CE,59700,114.82,45.93,59579.03,59579.03,2.357,0.599,True,SL,-2081.21,59.26,-2140.47,Intraday
2026-02-01,10:30,BANKNIFTY,BUY_CE,59800,84.79,169.58,59594.13,59594.13,9.895,0.598,True,TARGET,2520.81,56.1,2464.71,Intraday
2026-02-02,10:50,BANKNIFTY,BUY_PE,58100,267.56,107.02,58281.65,58281.65,0.269,0.708,True,SL,-4849.75,75.29,-4925.05,Intraday
2026-02-02,10:55,BANKNIFTY,BUY_PE,58000,232.66,93.06,58271.29,58271.29,0.001,0.709,True,SL,-4217.22,71.63,-4288.85,Intraday
2026-02-03,11:05,BANKNIFTY,BUY_PE,60100,229.02,351.76,60304.61,60304.61,0.755,0.694,True,EOD,3629.76,71.25,3558.51,Intraday
2026-02-03,11:45,BANKNIFTY,BUY_PE,60200,276.46,409.95,60290.83,60290.83,0.796,0.694,True,EOD,3942.93,76.23,3866.7,Intraday
2026-02-04,11:05,BANKNIFTY,BUY_CE,60200,340.99,310.1,60207.86,60207.86,1.854,0.783,True,EOD,-985.45,83.0,-1068.46,Intraday
2026-02-04,11:10,BANKNIFTY,BUY_PE,60200,311.82,340.57,60207.6,60207.6,0.907,0.783,True,EOD,803.66,79.94,723.72,Intraday
2026-02-05,10:20,BANKNIFTY,BUY_CE,60200,220.36,88.14,60168.22,60168.22,3.006,0.784,True,SL,-3994.29,70.34,-4064.62,Intraday
2026-02-05,10:35,BANKNIFTY,BUY_PE,60100,195.6,243.77,60162.92,60162.92,0.664,0.787,True,EOD,1405.59,67.74,1337.85,Intraday
2026-02-06,10:00,BANKNIFTY,BUY_PE,60000,213.51,169.36,60020.17,60020.17,0.439,0.772,True,EOD,-1359.02,69.62,-1428.63,Intraday
2026-02-06,10:10,BANKNIFTY,BUY_PE,59900,174.41,130.27,60006.9,60006.9,0.455,0.772,True,EOD,-1351.57,65.51,-1417.08,Intraday
2026-02-09,10:30,BANKNIFTY,BUY_PE,60600,412.48,402.21,60644.74,60644.74,0.839,0.762,True,EOD,-381.41,90.51,-471.92,Intraday
2026-02-09,11:05,BANKNIFTY,BUY_PE,60600,409.75,402.25,60650.63,60650.63,0.401,0.762,True,EOD,-297.92,90.22,-388.14,Intraday
2026-02-10,09:55,BANKNIFTY,BUY_PE,60700,394.96,449.38,60678.79,60678.79,0.896,0.743,True,EOD,1556.34,88.67,1467.67,Intraday
2026-02-10,10:30,BANKNIFTY,BUY_CE,60800,362.88,305.85,60689.04,60689.04,1.739,0.741,True,EOD,-1771.11,85.3,-1856.41,Intraday
2026-02-11,10:15,BANKNIFTY,BUY_CE,60600,310.24,407.24,60544.42,60544.42,2.351,0.691,True,EOD,2845.45,79.77,2765.67,Intraday
2026-02-11,10:25,BANKNIFTY,BUY_CE,60600,313.01,407.78,60550.12,60550.12,4.802,0.69,True,EOD,2778.14,80.07,2698.07,Intraday
2026-02-12,10:10,BANKNIFTY,BUY_CE,60800,226.0,192.09,60776.56,60776.56,2.523,0.663,True,EOD,-1055.1,70.93,-1126.03,Intraday
2026-02-12,11:00,BANKNIFTY,BUY_CE,60800,234.58,191.17,60793.75,60793.75,1.5,0.663,True,EOD,-1340.63,71.83,-1412.46,Intraday
2026-02-13,10:15,BANKNIFTY,BUY_PE,60400,177.91,355.81,60495.3,60495.3,0.444,0.622,True,TARGET,5289.15,65.88,5223.27,Intraday
2026-02-13,10:30,BANKNIFTY,BUY_PE,60400,181.83,318.07,60486.11,60486.11,0.538,0.621,True,EOD,4041.99,66.29,3975.7,Intraday
2026-02-16,10:20,BANKNIFTY,BUY_CE,60400,402.15,752.39,60235.58,60235.58,1.944,0.576,True,EOD,10403.39,89.43,10313.97,Intraday
2026-02-16,11:00,BANKNIFTY,BUY_CE,60500,375.53,692.72,60274.89,60274.89,2.179,0.576,True,EOD,9419.34,86.63,9332.7,Intraday
2026-02-17,10:10,BANKNIFTY,BUY_CE,60900,339.16,530.16,60714.21,60714.21,4.254,0.612,True,EOD,5651.83,82.81,5569.02,Intraday
2026-02-17,10:25,BANKNIFTY,BUY_CE,61100,280.2,426.23,60769.51,60769.51,744.0,0.61,True,EOD,4317.4,76.62,4240.78,Intraday
2026-02-18,10:00,BANKNIFTY,BUY_CE,61200,339.31,501.22,61207.12,61207.12,1.012,0.606,True,EOD,4781.68,82.83,4698.86,Intraday
2026-02-18,11:10,BANKNIFTY,BUY_CE,61200,344.56,502.75,61217.22,61217.22,1.145,0.606,True,EOD,4669.39,83.38,4586.01,Intraday
2026-02-19,10:00,BANKNIFTY,BUY_PE,61400,179.56,359.11,61495.21,61495.21,0.831,0.61,True,TARGET,5338.24,66.05,5272.18,Intraday
2026-02-19,10:15,BANKNIFTY,BUY_PE,61400,187.9,375.8,61475.87,61475.87,0.002,0.61,True,TARGET,5586.26,66.93,5519.33,Intraday
2026-02-20,12:15,BANKNIFTY,BUY_CE,61300,126.51,160.19,61039.62,61039.62,1.338,0.553,True,EOD,984.57,60.48,924.09,Intraday
2026-02-20,12:20,BANKNIFTY,BUY_CE,61300,128.82,160.61,61046.48,61046.48,3.31,0.553,True,EOD,927.79,60.73,867.06,Intraday
2026-02-23,10:35,BANKNIFTY,BUY_PE,61200,378.37,388.15,61296.92,61296.92,0.667,0.55,True,EOD,224.48,86.93,137.55,Intraday
2026-02-23,10:40,BANKNIFTY,BUY_PE,61200,380.53,388.18,61292.09,61292.09,0.236,0.551,True,EOD,160.5,87.16,73.34,Intraday
2026-02-24,10:45,BANKNIFTY,BUY_PE,61200,349.16,427.7,61240.8,61240.8,0.922,0.464,True,EOD,2286.12,83.86,2202.26,Intraday
2026-02-24,10:50,BANKNIFTY,BUY_PE,61200,349.94,427.81,61239.14,61239.14,0.932,0.464,True,EOD,2266.21,83.94,2182.26,Intraday
2026-02-25,10:15,BANKNIFTY,BUY_CE,61300,292.01,116.8,61234.24,61234.24,2.019,0.471,True,SL,-5292.98,77.86,-5370.84,Intraday
2026-02-25,10:30,BANKNIFTY,BUY_CE,61300,292.53,117.01,61235.33,61235.33,1.771,0.471,True,SL,-5302.46,77.92,-5380.37,Intraday
2026-02-26,10:15,BANKNIFTY,BUY_PE,61100,187.27,212.32,61152.43,61152.43,0.776,0.475,True,EOD,715.64,66.86,648.78,Intraday
2026-02-26,10:20,BANKNIFTY,BUY_PE,61100,188.79,212.45,61149.06,61149.06,0.9,0.476,True,EOD,673.71,67.02,606.69,Intraday
2026-02-27,10:20,BANKNIFTY,BUY_PE,60700,107.53,215.06,60859.04,60859.04,0.539,0.477,True,TARGET,3196.88,58.49,3138.39,Intraday
2026-02-27,11:15,BANKNIFTY,BUY_PE,60800,161.73,323.46,60826.84,60826.84,0.81,0.476,True,TARGET,4808.31,64.18,4744.12,Intraday
2025-09-15,10:05,SENSEX,BUY_PE,81800,440.57,475.68,81892.75,81892.75,0.871,0.3,True,EOD,647.15,78.04,569.11,Intraday
2025-09-15,10:40,SENSEX,BUY_PE,81800,444.42,475.87,81884.22,81884.22,0.374,0.3,True,EOD,573.76,78.31,495.45,Intraday
2025-09-16,10:00,SENSEX,BUY_CE,82100,412.96,620.0,81990.55,81990.55,6.143,0.3,True,EOD,4078.91,76.11,4002.8,Intraday
2025-09-16,10:25,SENSEX,BUY_CE,82100,426.78,624.26,82019.08,82019.08,2.418,0.3,True,EOD,3886.69,77.07,3809.62,Intraday
2025-09-17,10:40,SENSEX,BUY_PE,82600,342.71,297.85,82617.87,82617.87,0.541,0.3,True,EOD,-935.58,71.19,-1006.77,Intraday
2025-09-17,10:55,SENSEX,BUY_CE,82700,341.23,385.47,82619.72,82619.72,1.446,0.3,True,EOD,841.21,71.09,770.13,Intraday
2025-09-18,10:10,SENSEX,BUY_PE,83000,236.87,246.35,83032.87,83032.87,0.331,0.3,True,EOD,160.55,63.78,96.77,Intraday
2025-09-18,10:50,SENSEX,BUY_CE,83000,282.56,113.02,83029.16,83029.16,1.541,0.3,True,SL,-3414.46,66.98,-3481.44,Intraday
2025-09-19,09:55,SENSEX,BUY_PE,82600,185.81,203.16,82747.64,82747.64,0.284,0.3,True,EOD,323.63,60.21,263.43,Intraday
2025-09-19,10:20,SENSEX,BUY_PE,82700,242.37,249.58,82719.34,82719.34,0.747,0.3,True,EOD,114.7,64.17,50.53,Intraday
2025-09-22,11:05,SENSEX,BUY_PE,82500,507.64,640.57,82459.07,82459.07,0.229,0.3,True,EOD,2589.63,82.74,2506.9,Intraday
2025-09-22,11:15,SENSEX,BUY_PE,82400,459.98,584.16,82457.92,82457.92,0.258,0.3,True,EOD,2420.85,79.4,2341.45,Intraday
2025-09-23,10:20,SENSEX,BUY_PE,81900,349.94,311.32,82060.54,82060.54,0.777,0.3,True,EOD,-812.27,71.7,-883.96,Intraday
2025-09-23,10:55,SENSEX,BUY_PE,81900,362.51,310.23,82031.31,82031.31,0.223,0.3,True,EOD,-1085.89,72.58,-1158.47,Intraday
2025-09-24,10:10,SENSEX,BUY_CE,81800,385.96,345.58,81817.21,81817.21,1.799,0.3,True,EOD,-851.55,74.22,-925.77,Intraday
2025-09-24,10:15,SENSEX,BUY_CE,81900,338.02,299.24,81820.67,81820.67,1.852,0.3,True,EOD,-813.65,70.86,-884.51,Intraday
2025-09-25,10:35,SENSEX,BUY_PE,81600,213.2,426.39,81675.48,81675.48,0.328,0.3,True,TARGET,4225.55,62.12,4163.42,Intraday
2025-09-25,11:00,SENSEX,BUY_PE,81500,178.67,357.34,81657.46,81657.46,0.274,0.3,True,TARGET,3541.26,59.71,3481.55,Intraday
2025-09-26,09:55,SENSEX,BUY_CE,80900,238.19,95.28,80854.77,80854.77,2.337,0.3,True,SL,-2878.3,63.87,-2942.17,Intraday
2025-09-26,11:05,SENSEX,BUY_PE,80800,227.39,454.79,80838.85,80838.85,0.605,0.3,True,TARGET,4506.93,63.12,4443.81,Intraday
2025-09-29,10:15,SENSEX,BUY_CE,80800,457.86,410.55,80644.16,80644.16,2.755,0.3,True,EOD,-998.38,79.25,-1077.63,Intraday
2025-09-29,10:25,SENSEX,BUY_CE,80800,465.11,410.03,80659.42,80659.42,1.083,0.3,True,EOD,-1154.05,79.76,-1233.81,Intraday
2025-09-30,10:05,SENSEX,BUY_PE,80400,370.33,435.46,80496.1,80496.1,0.625,0.309,True,EOD,1254.26,73.12,1181.13,Intraday
2025-09-30,10:25,SENSEX,BUY_PE,80300,339.51,388.24,80465.91,80465.91,0.462,0.309,True,EOD,930.98,70.97,860.02,Intraday
2025-10-01,10:00,SENSEX,BUY_PE,80400,349.5,139.8,80384.53,80384.53,0.797,0.312,True,SL,-4223.38,71.67,-4295.04,Intraday
2025-10-01,10:05,SENSEX,BUY_CE,80400,362.76,692.95,80384.73,80384.73,1.174,0.312,True,EOD,6540.44,72.59,6467.85,Intraday
2025-10-03,10:40,SENSEX,BUY_PE,80800,213.18,85.27,80870.06,80870.06,0.474,0.331,True,SL,-2576.11,62.12,-2638.23,Intraday
2025-10-03,11:05,SENSEX,BUY_CE,80900,246.12,406.58,80871.03,80871.03,1.524,0.331,True,EOD,3170.1,64.43,3105.67,Intraday
2025-10-06,10:30,SENSEX,BUY_CE,81500,467.22,671.94,81354.18,81354.18,2.577,0.34,True,EOD,4025.9,79.91,3946.0,Intraday
2025-10-06,10:50,SENSEX,BUY_CE,81500,476.24,674.41,81373.01,81373.01,1.329,0.34,True,EOD,3894.38,80.54,3813.84,Intraday
2025-10-07,09:55,SENSEX,BUY_CE,82100,218.62,216.09,81957.69,81957.69,491.0,0.356,True,EOD,-76.62,62.5,-139.12,Intraday
2025-10-07,10:00,SENSEX,BUY_CE,82200,184.76,175.28,81976.01,81976.01,494.0,0.356,True,EOD,-211.35,60.13,-271.48,Intraday
2025-10-08,10:20,SENSEX,BUY_PE,82000,151.2,302.4,82113.81,82113.81,0.514,0.351,True,TARGET,2996.81,57.78,2939.02,Intraday
2025-10-08,10:25,SENSEX,BUY_PE,82000,153.34,306.68,82108.41,82108.41,0.611,0.35,True,TARGET,3039.22,57.93,2981.28,Intraday
2025-10-09,10:10,SENSEX,BUY_PE,81700,83.95,33.58,81845.29,81845.29,0.193,0.368,True,SL,-1014.48,53.08,-1067.55,Intraday
2025-10-09,10:15,SENSEX,BUY_PE,81700,86.72,34.69,81837.13,81837.13,0.577,0.367,True,SL,-1047.92,53.27,-1101.19,Intraday
2025-10-10,10:05,SENSEX,BUY_CE,82400,148.12,195.85,82373.16,82373.16,1.183,0.371,True,EOD,934.03,57.57,876.47,Intraday
2025-10-10,11:05,SENSEX,BUY_CE,82500,127.58,146.3,82428.62,82428.62,1.455,0.37,True,EOD,357.88,56.13,301.75,Intraday
2025-10-13,10:25,SENSEX,BUY_CE,82200,336.46,413.43,82198.8,82198.8,1.197,0.375,True,EOD,1494.35,70.75,1423.6,Intraday
2025-10-13,11:10,SENSEX,BUY_PE,82200,275.73,211.83,82206.08,82206.08,0.42,0.375,True,EOD,-1307.26,66.5,-1373.76,Intraday
2025-10-14,09:55,SENSEX,BUY_PE,82200,158.41,316.81,82410.96,82410.96,0.001,0.367,True,TARGET,3139.63,58.29,3081.34,Intraday
2025-10-14,10:00,SENSEX,BUY_PE,82200,169.73,339.47,82379.4,82379.4,0.001,0.367,True,TARGET,3364.11,59.08,3305.02,Intraday
2025-10-15,10:10,SENSEX,BUY_CE,82300,212.68,425.36,82276.23,82276.23,1.801,0.375,True,TARGET,4215.29,62.09,4153.21,Intraday
2025-10-15,10:20,SENSEX,BUY_CE,82400,171.56,343.12,82288.6,82288.6,2.803,0.375,True,TARGET,3400.28,59.21,3341.07,Intraday
2025-10-16,09:55,SENSEX,BUY_CE,83000,144.6,289.2,82955.44,82955.44,1.434,0.381,True,TARGET,2865.94,57.32,2808.62,Intraday
2025-10-16,10:15,SENSEX,BUY_CE,83000,148.78,297.55,82964.22,82964.22,1.289,0.381,True,TARGET,2948.73,57.61,2891.11,Intraday
2025-10-17,10:05,SENSEX,BUY_CE,83800,67.87,135.74,83509.54,83509.54,3.544,0.381,True,TARGET,1345.19,51.95,1293.24,Intraday
2025-10-17,10:35,SENSEX,BUY_CE,83800,88.31,176.62,83580.17,83580.17,2.11,0.38,True,TARGET,1750.28,53.38,1696.89,Intraday
2025-10-20,09:55,SENSEX,BUY_PE,84300,261.15,286.71,84440.33,84440.33,0.447,0.39,True,EOD,478.31,65.48,412.83,Intraday
2025-10-20,10:00,SENSEX,BUY_PE,84400,307.86,333.1,84433.08,84433.08,0.517,0.389,True,EOD,466.38,68.75,397.63,Intraday
2025-10-23,10:45,SENSEX,BUY_PE,85100,158.84,317.67,85110.53,85110.53,0.274,0.416,True,TARGET,3148.14,58.32,3089.82,Intraday
2025-10-23,10:55,SENSEX,BUY_CE,85100,183.86,73.55,85109.28,85109.28,1.009,0.416,True,SL,-2221.8,60.07,-2281.87,Intraday
2025-10-24,10:15,SENSEX,BUY_PE,84400,111.01,222.02,84502.46,84502.46,0.523,0.417,True,TARGET,2200.25,54.97,2145.28,Intraday
2025-10-24,11:05,SENSEX,BUY_PE,84300,92.23,184.45,84453.85,84453.85,0.311,0.417,True,TARGET,1827.9,53.66,1774.25,Intraday
2025-10-27,10:00,SENSEX,BUY_CE,84700,268.92,385.2,84555.32,84555.32,1.317,0.422,True,EOD,2286.37,66.02,2220.35,Intraday
2025-10-27,10:05,SENSEX,BUY_CE,84800,237.88,332.89,84583.95,84583.95,1.668,0.421,True,EOD,1865.95,63.85,1802.1,Intraday
2025-10-28,10:00,SENSEX,BUY_PE,84600,139.14,278.27,84807.47,84807.47,0.001,0.42,True,TARGET,2757.67,56.94,2700.73,Intraday
2025-10-28,10:05,SENSEX,BUY_PE,84500,114.57,229.14,84784.32,84784.32,0.001,0.42,True,TARGET,2270.73,55.22,2215.51,Intraday
2025-10-29,10:10,SENSEX,BUY_CE,84800,192.07,330.31,84753.23,84753.23,3.16,0.429,True,EOD,2733.53,60.64,2672.88,Intraday
2025-10-29,10:20,SENSEX,BUY_CE,84800,193.93,331.16,84757.03,84757.03,1.596,0.429,True,EOD,2713.16,60.78,2652.39,Intraday
2025-10-30,09:55,SENSEX,BUY_PE,84500,69.7,139.41,84663.15,84663.15,0.647,0.424,True,TARGET,1381.52,52.08,1329.44,Intraday
2025-10-30,10:05,SENSEX,BUY_CE,84700,126.14,50.45,84653.17,84653.17,1.446,0.424,True,SL,-1524.22,56.03,-1580.25,Intraday
2025-10-31,10:00,SENSEX,BUY_PE,84500,120.87,241.73,84530.14,84530.14,0.294,0.425,True,TARGET,2395.55,55.66,2339.89,Intraday
2025-10-31,10:05,SENSEX,BUY_PE,84400,84.31,168.62,84521.37,84521.37,0.262,0.425,True,TARGET,1671.05,53.1,1617.95,Intraday
2025-11-03,10:00,SENSEX,BUY_CE,83900,297.22,388.23,83822.26,83822.26,2.076,0.438,True,EOD,1779.12,68.01,1711.11,Intraday
2025-11-03,10:35,SENSEX,BUY_CE,84000,258.19,333.89,83838.52,83838.52,529.0,0.437,True,EOD,1478.56,65.27,1413.28,Intraday
2025-11-04,10:35,SENSEX,BUY_PE,83800,209.78,385.39,83852.62,83852.62,0.976,0.443,True,EOD,3476.48,61.88,3414.6,Intraday
2025-11-04,10:55,SENSEX,BUY_CE,83800,304.47,121.79,83847.82,83847.82,1.043,0.443,True,SL,-3679.2,68.51,-3747.71,Intraday
2025-11-06,10:05,SENSEX,BUY_PE,83500,86.72,173.44,83656.13,83656.13,0.44,0.439,True,TARGET,1718.78,53.27,1665.51,Intraday
2025-11-06,10:10,SENSEX,BUY_PE,83400,62.12,124.24,83638.99,83638.99,0.434,0.44,True,TARGET,1231.26,51.55,1179.71,Intraday
2025-11-07,11:10,SENSEX,BUY_CE,83000,84.89,169.78,82814.97,82814.97,1.638,0.441,True,TARGET,1682.51,53.14,1629.37,Intraday
2025-11-07,11:30,SENSEX,BUY_CE,83100,62.77,125.54,82840.22,82840.22,540.0,0.44,True,TARGET,1244.07,51.59,1192.48,Intraday
2025-11-10,09:55,SENSEX,BUY_CE,83500,296.1,346.83,83410.87,83410.87,1.643,0.433,True,EOD,976.14,67.93,908.21,Intraday
2025-11-10,10:15,SENSEX,BUY_CE,83600,256.9,296.54,83425.7,83425.7,1.65,0.433,True,EOD,759.61,65.18,694.42,Intraday
2025-11-11,10:05,SENSEX,BUY_CE,83400,286.16,551.65,83393.21,83393.21,2.029,0.416,True,EOD,5259.62,67.23,5192.39,Intraday
2025-11-11,10:10,SENSEX,BUY_PE,83300,205.65,82.26,83388.04,83388.04,0.851,0.417,True,SL,-2485.03,61.6,-2546.63,Intraday
2025-11-12,11:05,SENSEX,BUY_CE,84500,169.51,202.35,84353.91,84353.91,2.061,0.426,True,EOD,634.62,59.07,575.55,Intraday
2025-11-12,11:20,SENSEX,BUY_CE,84500,173.26,202.81,84362.81,84362.81,1.313,0.426,True,EOD,568.41,59.33,509.08,Intraday
2025-11-13,11:00,SENSEX,BUY_CE,84700,75.63,151.25,84483.61,84483.61,6.675,0.389,True,TARGET,1498.9,52.49,1446.41,Intraday
2025-11-13,11:05,SENSEX,BUY_CE,84800,51.61,103.23,84492.52,84492.52,332.0,0.389,True,TARGET,1023.0,50.81,972.19,Intraday
2025-11-14,10:00,SENSEX,BUY_PE,84100,73.2,29.28,84269.14,84269.14,0.299,0.384,True,SL,-884.56,52.32,-936.88,Intraday
2025-11-14,10:50,SENSEX,BUY_CE,84300,124.5,49.8,84236.52,84236.52,1.012,0.383,True,SL,-1504.42,55.91,-1560.33,Intraday
2025-11-17,10:00,SENSEX,BUY_PE,84800,274.88,194.64,84756.31,84756.31,0.805,0.378,True,EOD,-1632.94,66.44,-1699.38,Intraday
2025-11-17,10:25,SENSEX,BUY_PE,84700,229.31,157.25,84754.41,84754.41,0.326,0.378,True,EOD,-1464.45,63.25,-1527.7,Intraday
2025-11-18,10:00,SENSEX,BUY_PE,84600,155.7,205.15,84760.56,84760.56,0.539,0.368,True,EOD,967.19,58.1,909.09,Intraday
2025-11-18,10:30,SENSEX,BUY_PE,84600,167.45,207.44,84729.41,84729.41,0.483,0.369,True,EOD,777.24,58.92,718.32,Intraday
2025-11-19,10:10,SENSEX,BUY_CE,84800,159.09,318.19,84681.48,84681.48,5.027,0.356,True,TARGET,3153.24,58.34,3094.91,Intraday
2025-11-19,10:30,SENSEX,BUY_CE,84900,134.52,269.05,84720.61,84720.61,4.942,0.355,True,TARGET,2666.24,56.62,2609.62,Intraday
2025-11-20,10:40,SENSEX,BUY_CE,85400,117.27,234.53,85330.91,85330.91,2.277,0.363,True,TARGET,2324.24,55.41,2268.83,Intraday
2025-11-20,10:45,SENSEX,BUY_CE,85500,80.85,161.7,85337.14,85337.14,2.607,0.363,True,TARGET,1602.47,52.86,1549.61,Intraday
2025-11-21,09:55,SENSEX,BUY_PE,85400,101.3,202.59,85477.07,85477.07,0.272,0.364,True,TARGET,2007.7,54.29,1953.41,Intraday
2025-11-21,10:00,SENSEX,BUY_PE,85300,70.74,141.49,85463.45,85463.45,0.248,0.364,True,TARGET,1402.13,52.15,1349.98,Intraday
2025-11-24,10:50,SENSEX,BUY_CE,85400,293.95,117.58,85347.24,85347.24,1.013,0.348,True,SL,-3552.1,67.78,-3619.88,Intraday
2025-11-24,11:45,SENSEX,BUY_PE,85300,237.14,474.29,85351.35,85351.35,0.891,0.348,True,TARGET,4700.19,63.8,4636.39,Intraday
2025-11-25,10:10,SENSEX,BUY_CE,85100,194.8,77.92,84944.45,84944.45,2.508,0.359,True,SL,-2353.99,60.84,-2414.83,Intraday
2025-11-25,10:20,SENSEX,BUY_CE,85000,245.81,98.32,84954.59,84954.59,1.074,0.359,True,SL,-2970.33,64.41,-3034.73,Intraday
2025-11-26,10:25,SENSEX,BUY_CE,85100,164.97,329.93,84989.59,84989.59,1.915,0.356,True,TARGET,3269.66,58.75,3210.91,Intraday
2025-11-26,10:30,SENSEX,BUY_CE,85200,129.02,258.04,85000.04,85000.04,1.97,0.355,True,TARGET,2557.22,56.23,2500.99,Intraday
2025-11-27,09:55,SENSEX,BUY_CE,85900,142.99,57.2,85829.33,85829.33,1.132,0.376,True,SL,-1727.94,57.21,-1785.15,Intraday
2025-11-27,10:10,SENSEX,BUY_CE,85900,153.24,61.3,85851.64,85851.64,4.784,0.376,True,SL,-1851.76,57.93,-1909.69,Intraday
2025-11-28,10:35,SENSEX,BUY_CE,85900,120.93,80.27,85798.1,85798.1,1.18,0.37,True,EOD,-825.29,55.67,-880.95,Intraday
2025-11-28,10:55,SENSEX,BUY_CE,85900,126.04,79.05,85810.22,85810.22,1.54,0.37,True,EOD,-952.17,56.02,-1008.19,Intraday
2025-12-01,10:15,SENSEX,BUY_PE,86000,269.74,442.53,86011.76,86011.76,0.575,0.363,True,EOD,3412.94,66.08,3346.86,Intraday
2025-12-01,10:35,SENSEX,BUY_PE,85900,229.39,381.01,86003.49,86003.49,0.345,0.363,True,EOD,2995.79,63.26,2932.53,Intraday
2025-12-02,10:40,SENSEX,BUY_PE,85300,210.23,267.92,85367.57,85367.57,0.835,0.36,True,EOD,1125.09,61.92,1063.17,Intraday
2025-12-02,11:00,SENSEX,BUY_CE,85400,268.21,201.67,85364.57,85364.57,1.172,0.359,True,EOD,-1358.9,65.97,-1424.87,Intraday
2025-12-03,10:00,SENSEX,BUY_PE,84800,119.83,70.77,84976.1,84976.1,0.82,0.362,True,EOD,-992.61,55.59,-1048.2,Intraday
2025-12-03,10:20,SENSEX,BUY_PE,84900,172.56,94.53,84942.5,84942.5,0.882,0.362,True,EOD,-1576.64,59.28,-1635.91,Intraday
2025-12-04,10:05,SENSEX,BUY_CE,85300,95.23,190.46,85165.78,85165.78,2.778,0.354,True,TARGET,1887.42,53.87,1833.56,Intraday
2025-12-04,10:10,SENSEX,BUY_CE,85300,98.93,197.86,85175.54,85175.54,2.576,0.354,True,TARGET,1960.82,54.13,1906.69,Intraday
2025-12-05,09:55,SENSEX,BUY_PE,85200,111.43,44.57,85260.45,85260.45,0.819,0.348,True,SL,-1346.49,55.0,-1401.49,Intraday
2025-12-05,10:00,SENSEX,BUY_CE,85400,101.26,202.51,85283.58,85283.58,1.846,0.348,True,TARGET,2006.9,54.29,1952.61,Intraday
2025-12-08,10:00,SENSEX,BUY_PE,85400,210.51,421.01,85545.54,85545.54,0.359,0.361,True,TARGET,4172.23,61.94,4110.29,Intraday
2025-12-08,10:05,SENSEX,BUY_PE,85400,214.79,429.59,85534.66,85534.66,0.739,0.361,True,TARGET,4257.19,62.24,4194.96,Intraday
2025-12-09,10:00,SENSEX,BUY_PE,84500,227.47,90.99,84570.75,84570.75,0.517,0.38,True,SL,-2748.7,63.12,-2811.82,Intraday
2025-12-09,10:15,SENSEX,BUY_CE,84700,245.54,295.22,84578.63,84578.63,6.213,0.379,True,EOD,961.33,64.39,896.94,Intraday
2025-12-10,10:25,SENSEX,BUY_CE,84900,216.97,86.79,84850.81,84850.81,1.985,0.372,True,SL,-2621.88,62.39,-2684.27,Intraday
2025-12-10,10:45,SENSEX,BUY_PE,84900,229.92,459.84,84862.63,84862.63,0.184,0.372,True,TARGET,4557.05,63.29,4493.75,Intraday
2025-12-11,09:55,SENSEX,BUY_PE,84200,92.84,37.14,84347.47,84347.47,0.478,0.379,True,SL,-1121.92,53.7,-1175.62,Intraday
2025-12-11,10:05,SENSEX,BUY_CE,84400,142.18,284.37,84344.94,84344.94,2.223,0.379,True,TARGET,2818.07,57.15,2760.92,Intraday
2025-12-12,09:55,SENSEX,BUY_PE,85200,164.92,126.9,85187.57,85187.57,0.733,0.389,True,EOD,-777.95,58.74,-836.69,Intraday
2025-12-12,10:05,SENSEX,BUY_PE,85100,125.1,88.1,85174.71,85174.71,0.002,0.39,True,EOD,-752.85,55.96,-808.81,Intraday
2025-12-15,10:25,SENSEX,BUY_CE,85100,304.8,409.66,84969.61,84969.61,1.401,0.373,True,EOD,2054.2,68.54,1985.66,Intraday
2025-12-15,10:35,SENSEX,BUY_CE,85000,356.26,469.51,84974.69,84974.69,2.15,0.373,True,EOD,2215.37,72.14,2143.23,Intraday
2025-12-16,10:15,SENSEX,BUY_PE,84800,242.99,334.04,84851.61,84851.61,0.983,0.368,True,EOD,1786.44,64.21,1722.23,Intraday
2025-12-16,10:55,SENSEX,BUY_PE,84800,249.7,335.65,84836.65,84836.65,0.436,0.369,True,EOD,1683.81,64.68,1619.13,Intraday
2025-12-17,11:30,SENSEX,BUY_PE,84500,149.83,181.27,84667.84,84667.84,0.523,0.339,True,EOD,608.96,57.69,551.27,Intraday
2025-12-17,11:45,SENSEX,BUY_PE,84600,192.81,227.45,84661.56,84661.56,0.873,0.339,True,EOD,667.64,60.7,606.94,Intraday
2025-12-18,10:00,SENSEX,BUY_PE,84300,113.96,45.58,84387.57,84387.57,0.413,0.335,True,SL,-1377.04,55.18,-1432.22,Intraday
2025-12-18,10:05,SENSEX,BUY_CE,84400,161.08,322.15,84386.85,84386.85,1.076,0.335,True,TARGET,3192.53,58.48,3134.06,Intraday
2025-12-19,10:10,SENSEX,BUY_PE,84900,139.55,144.18,84922.98,84922.98,0.311,0.339,True,EOD,75.61,56.97,18.64,Intraday
2025-12-19,10:40,SENSEX,BUY_CE,85000,134.11,124.35,84934.6,84934.6,10.792,0.339,True,EOD,-210.71,56.59,-267.3,Intraday
2025-12-22,10:45,SENSEX,BUY_CE,85400,336.12,425.25,85372.98,85372.98,1.148,0.323,True,EOD,1736.99,70.73,1666.26,Intraday
2025-12-22,11:00,SENSEX,BUY_CE,85400,338.88,425.7,85378.28,85378.28,1.265,0.323,True,EOD,1690.58,70.92,1619.66,Intraday
2025-12-23,09:55,SENSEX,BUY_CE,85500,298.65,311.42,85474.69,85474.69,2.156,0.321,True,EOD,218.89,68.11,150.79,Intraday
2025-12-23,11:00,SENSEX,BUY_CE,85500,310.95,311.59,85498.37,85498.37,1.131,0.321,True,EOD,-24.46,68.97,-93.43,Intraday
2025-12-24,09:55,SENSEX,BUY_CE,85600,216.54,86.61,85597.59,85597.59,1.883,0.314,True,SL,-2616.61,62.36,-2678.97,Intraday
2025-12-24,10:00,SENSEX,BUY_CE,85600,218.68,87.47,85601.67,85601.67,2.031,0.314,True,SL,-2642.48,62.51,-2704.99,Intraday
2025-12-26,09:55,SENSEX,BUY_PE,85200,102.42,204.84,85273.49,85273.49,0.327,0.31,True,TARGET,2029.93,54.37,1975.56,Intraday
2025-12-26,10:55,SENSEX,BUY_PE,85200,111.48,222.97,85251.54,85251.54,0.972,0.31,True,TARGET,2209.61,55.0,2154.6,Intraday
2025-12-29,09:55,SENSEX,BUY_PE,85000,213.08,372.6,85094.88,85094.88,0.864,0.3,True,EOD,3155.25,62.12,3093.14,Intraday
2025-12-29,10:30,SENSEX,BUY_PE,84900,186.05,319.31,85062.82,85062.82,0.449,0.3,True,EOD,2634.9,60.22,2574.68,Intraday
2025-12-30,10:10,SENSEX,BUY_CE,84700,223.33,316.24,84605.37,84605.37,1.288,0.3,True,EOD,1825.75,62.83,1762.91,Intraday
2025-12-30,10:35,SENSEX,BUY_CE,84700,236.44,319.48,84632.77,84632.77,2.753,0.3,True,EOD,1627.43,63.75,1563.68,Intraday
2025-12-31,10:00,SENSEX,BUY_PE,84800,180.53,72.21,84810.7,84810.7,0.776,0.3,True,SL,-2181.54,59.84,-2241.38,Intraday
2025-12-31,10:30,SENSEX,BUY_CE,84900,173.24,346.48,84812.8,84812.8,3.083,0.3,True,TARGET,3433.57,59.33,3374.24,Intraday
2026-01-01,09:55,SENSEX,BUY_PE,85300,108.41,216.82,85365.28,85365.28,0.214,0.3,True,TARGET,2148.68,54.79,2093.89,Intraday
2026-01-01,10:10,SENSEX,BUY_PE,85300,110.44,188.92,85360.39,85360.39,0.212,0.3,True,EOD,1551.79,54.93,1496.86,Intraday
2026-01-02,11:25,SENSEX,BUY_CE,85600,89.7,179.4,85454.96,85454.96,1.857,0.3,True,TARGET,1777.82,53.48,1724.35,Intraday
2026-01-02,11:30,SENSEX,BUY_CE,85600,91.45,182.9,85459.76,85459.76,4.917,0.3,True,TARGET,1812.51,53.6,1758.91,Intraday
2026-01-05,10:05,SENSEX,BUY_CE,85800,254.99,102.0,85652.98,85652.98,4.868,0.3,True,SL,-3081.27,65.05,-3146.32,Intraday
2026-01-05,11:00,SENSEX,BUY_CE,85800,278.93,111.57,85704.0,85704.0,1.552,0.3,True,SL,-3370.6,66.73,-3437.32,Intraday
2026-01-06,09:55,SENSEX,BUY_CE,85300,214.73,85.89,85187.87,85187.87,2.204,0.3,True,SL,-2594.76,62.23,-2656.99,Intraday
2026-01-06,10:35,SENSEX,BUY_PE,85200,217.55,303.57,85214.68,85214.68,0.346,0.3,True,EOD,1689.17,62.43,1626.74,Intraday
2026-01-07,10:15,SENSEX,BUY_CE,85000,169.16,198.24,84903.24,84903.24,1.045,0.3,True,EOD,559.45,59.04,500.4,Intraday
2026-01-07,10:50,SENSEX,BUY_CE,85000,172.93,198.64,84911.56,84911.56,1.39,0.3,True,EOD,491.92,59.3,432.62,Intraday
2026-01-08,10:15,SENSEX,BUY_PE,84700,90.06,180.12,84803.63,84803.63,0.549,0.3,True,TARGET,1784.96,53.5,1731.46,Intraday
2026-01-08,10:50,SENSEX,BUY_PE,84600,67.49,134.98,84770.92,84770.92,0.847,0.3,True,TARGET,1337.63,51.92,1285.71,Intraday
2026-01-09,10:25,SENSEX,BUY_CE,84200,146.32,58.53,84182.72,84182.72,1.516,0.303,True,SL,-1768.17,57.44,-1825.61,Intraday
2026-01-09,10:50,SENSEX,BUY_PE,84000,73.41,146.83,84168.35,84168.35,0.779,0.303,True,TARGET,1455.05,52.34,1402.71,Intraday
2026-01-12,10:15,SENSEX,BUY_PE,83200,249.58,99.83,83221.82,83221.82,0.531,0.335,True,SL,-3015.96,64.67,-3080.63,Intraday
2026-01-12,11:15,SENSEX,BUY_PE,83000,178.91,71.56,83193.94,83193.94,0.106,0.336,True,SL,-2161.93,59.72,-2221.66,Intraday
2026-01-13,09:55,SENSEX,BUY_PE,83600,144.29,288.58,83828.75,83828.75,0.65,0.361,True,TARGET,2859.83,57.3,2802.53,Intraday
2026-01-13,10:25,SENSEX,BUY_CE,83900,234.41,93.76,83805.0,83805.0,2.73,0.36,True,SL,-2832.57,63.61,-2896.18,Intraday
2026-01-14,10:15,SENSEX,BUY_PE,83400,129.92,51.97,83543.66,83543.66,0.294,0.389,True,SL,-1569.97,56.29,-1626.27,Intraday
2026-01-14,10:40,SENSEX,BUY_PE,83400,138.33,55.33,83521.24,83521.24,0.508,0.389,True,SL,-1671.58,56.88,-1728.46,Intraday
2026-01-16,10:10,SENSEX,BUY_CE,83900,63.68,127.37,83671.22,83671.22,6.408,0.397,True,TARGET,1262.19,51.66,1210.54,Intraday
2026-01-16,10:15,SENSEX,BUY_CE,84000,48.12,96.24,83709.23,83709.23,7.831,0.396,True,TARGET,953.7,50.57,903.13,Intraday
2026-01-19,10:00,SENSEX,BUY_PE,83000,184.98,204.62,83194.09,83194.09,0.115,0.411,True,EOD,369.4,60.15,309.25,Intraday
2026-01-19,10:25,SENSEX,BUY_PE,82900,164.13,168.41,83152.92,83152.92,0.622,0.411,True,EOD,65.5,58.69,6.81,Intraday
2026-01-20,10:15,SENSEX,BUY_CE,83000,259.13,103.65,82973.36,82973.36,1.531,0.412,True,SL,-3131.38,65.34,-3196.72,Intraday
2026-01-20,10:35,SENSEX,BUY_CE,83000,260.22,104.09,82975.47,82975.47,1.532,0.412,True,SL,-3144.46,65.42,-3209.88,Intraday
2026-01-21,10:20,SENSEX,BUY_PE,81800,109.16,218.32,82011.99,82011.99,0.467,0.458,True,TARGET,2163.6,54.84,2108.76,Intraday
2026-01-21,10:40,SENSEX,BUY_PE,81500,49.17,98.34,81955.78,81955.78,0.001,0.46,True,TARGET,974.55,50.64,923.91,Intraday
2026-01-22,10:00,SENSEX,BUY_PE,82600,137.1,274.2,82607.28,82607.28,0.494,0.478,True,TARGET,2717.29,56.8,2660.5,Intraday
2026-01-22,10:15,SENSEX,BUY_PE,82500,98.38,196.77,82597.45,82597.45,0.392,0.478,True,TARGET,1949.99,54.09,1895.9,Intraday
2026-01-23,10:00,SENSEX,BUY_PE,82200,100.34,200.69,82315.32,82315.32,0.494,0.504,True,TARGET,1988.81,54.22,1934.59,Intraday
2026-01-23,10:15,SENSEX,BUY_PE,82200,106.66,213.31,82298.6,82298.6,0.618,0.504,True,TARGET,2113.94,54.67,2059.28,Intraday
2026-01-27,10:15,SENSEX,BUY_CE,81900,155.26,62.1,81542.17,81542.17,1.203,0.519,True,SL,-1876.11,58.07,-1934.18,Intraday
2026-01-27,10:25,SENSEX,BUY_CE,81700,240.31,96.12,81562.25,81562.25,1.232,0.52,True,SL,-2903.86,64.02,-2967.88,Intraday
2026-01-28,10:05,SENSEX,BUY_PE,82100,157.33,314.66,82274.56,82274.56,0.186,0.536,True,TARGET,3118.24,58.21,3060.03,Intraday
2026-01-28,10:35,SENSEX,BUY_CE,82300,234.4,93.76,82246.79,82246.79,4.489,0.535,True,SL,-2832.46,63.61,-2896.06,Intraday
2026-01-29,10:35,SENSEX,BUY_PE,81800,110.65,44.26,81936.46,81936.46,0.856,0.547,True,SL,-1337.05,54.95,-1391.99,Intraday
2026-01-29,10:50,SENSEX,BUY_CE,81900,196.97,393.94,81925.81,81925.81,1.771,0.546,True,TARGET,3903.94,60.99,3842.95,Intraday
2026-01-30,09:55,SENSEX,BUY_CE,82200,145.91,205.46,82128.47,82128.47,1.976,0.567,True,EOD,1169.91,57.41,1112.5,Intraday
2026-01-30,10:00,SENSEX,BUY_CE,82200,149.13,206.3,82135.58,82135.58,1.992,0.567,True,EOD,1122.17,57.64,1064.53,Intraday
2026-02-01,10:20,SENSEX,BUY_CE,82500,104.12,208.23,82322.56,82322.56,5.152,0.549,True,TARGET,2063.58,54.49,2009.09,Intraday
2026-02-01,11:05,SENSEX,BUY_CE,82700,65.23,130.46,82392.54,82392.54,1.584,0.548,True,TARGET,1292.84,51.77,1241.07,Intraday
2026-02-02,09:55,SENSEX,BUY_CE,81000,421.77,168.71,80961.03,80961.03,1.196,0.64,True,SL,-5096.67,76.72,-5173.39,Intraday
2026-02-02,10:20,SENSEX,BUY_PE,80800,325.0,130.0,80929.45,80929.45,0.417,0.641,True,SL,-3927.34,69.95,-3997.29,Intraday
2026-02-03,10:15,SENSEX,BUY_PE,83800,246.78,412.05,84187.5,84187.5,0.553,0.628,True,EOD,3265.93,64.47,3201.46,Intraday
2026-02-03,11:30,SENSEX,BUY_CE,84200,420.73,205.58,84137.21,84137.21,2.601,0.626,True,EOD,-4340.7,76.65,-4417.35,Intraday
2026-02-04,11:00,SENSEX,BUY_CE,83700,451.14,465.6,83685.07,83685.07,5.413,0.688,True,EOD,234.11,78.78,155.33,Intraday
2026-02-04,11:15,SENSEX,BUY_PE,83600,389.25,375.34,83683.08,83683.08,0.594,0.689,True,EOD,-324.11,74.45,-398.56,Intraday
2026-02-05,09:55,SENSEX,BUY_PE,83400,246.88,339.01,83527.6,83527.6,0.48,0.699,True,EOD,1807.51,64.48,1743.03,Intraday
2026-02-05,10:20,SENSEX,BUY_CE,83600,277.31,110.93,83510.29,83510.29,1.651,0.698,True,SL,-3351.07,66.61,-3417.68,Intraday
2026-02-06,10:00,SENSEX,BUY_PE,83000,242.33,96.93,83122.77,83122.77,0.338,0.7,True,SL,-2928.36,64.16,-2992.52,Intraday
2026-02-06,10:10,SENSEX,BUY_PE,83000,248.61,99.45,83108.19,83108.19,0.36,0.701,True,SL,-3004.26,64.6,-3068.86,Intraday
2026-02-09,11:50,SENSEX,BUY_PE,84000,583.58,564.18,84003.07,84003.07,0.251,0.694,True,EOD,-456.91,88.05,-544.96,Intraday
2026-02-09,12:25,SENSEX,BUY_CE,84000,647.89,667.51,84005.81,84005.81,1.819,0.694,True,EOD,313.45,92.55,220.89,Intraday
2026-02-10,09:55,SENSEX,BUY_CE,84300,540.86,522.46,84261.81,84261.81,1.37,0.658,True,EOD,-431.87,85.06,-516.93,Intraday
2026-02-10,10:15,SENSEX,BUY_CE,84400,503.86,474.82,84285.56,84285.56,1.238,0.657,True,EOD,-639.63,82.47,-722.1,Intraday
2026-02-11,10:15,SENSEX,BUY_CE,84300,443.18,400.37,84282.39,84282.39,1.755,0.622,True,EOD,-906.84,78.22,-985.06,Intraday
2026-02-11,10:35,SENSEX,BUY_CE,84400,398.41,354.84,84289.98,84289.98,1.416,0.621,True,EOD,-916.51,75.09,-991.6,Intraday
2026-02-12,10:00,SENSEX,BUY_CE,83900,310.37,124.15,83892.54,83892.54,7.869,0.603,True,SL,-1875.28,68.93,-1944.21,Intraday
2026-02-12,10:05,SENSEX,BUY_CE,83900,311.28,124.51,83894.34,83894.34,2.244,0.603,True,SL,-1880.77,68.99,-1949.76,Intraday
2026-02-13,09:55,SENSEX,BUY_PE,82800,246.54,385.9,82914.18,82914.18,0.654,0.59,True,EOD,1374.66,64.46,1310.2,Intraday
2026-02-13,11:00,SENSEX,BUY_PE,82900,299.64,451.0,82899.78,82899.78,0.48,0.589,True,EOD,1491.04,68.17,1422.87,Intraday
2026-02-16,09:55,SENSEX,BUY_CE,82700,615.16,955.64,82606.98,82606.98,1.244,0.571,True,EOD,3357.64,90.26,3267.37,Intraday
2026-02-16,10:00,SENSEX,BUY_CE,82800,574.72,893.45,82621.88,82621.88,1.071,0.57,True,EOD,3143.2,87.43,3055.77,Intraday
2026-02-17,10:15,SENSEX,BUY_CE,83400,461.55,572.55,83189.91,83189.91,6.864,0.582,True,EOD,2158.04,79.51,2078.53,Intraday
2026-02-17,10:25,SENSEX,BUY_CE,83500,430.12,523.97,83217.62,83217.62,6.212,0.581,True,EOD,1819.89,77.31,1742.58,Intraday
2026-02-18,09:55,SENSEX,BUY_PE,83200,329.61,214.75,83411.45,83411.45,0.336,0.567,True,EOD,-2329.79,70.27,-2400.07,Intraday
2026-02-18,10:15,SENSEX,BUY_PE,83300,391.54,243.75,83370.54,83370.54,0.675,0.567,True,EOD,-2993.92,74.61,-3068.52,Intraday
2026-02-19,10:00,SENSEX,BUY_PE,83600,256.97,513.95,83699.48,83699.48,0.646,0.569,True,TARGET,5093.2,65.19,5028.01,Intraday
2026-02-19,10:25,SENSEX,BUY_PE,83500,232.82,465.64,83655.38,83655.38,0.463,0.57,True,TARGET,4614.45,63.5,4550.96,Intraday
2026-02-20,10:15,SENSEX,BUY_CE,82700,233.87,467.75,82491.4,82491.4,1.177,0.528,True,TARGET,4635.37,63.57,4571.8,Intraday
2026-02-20,11:45,SENSEX,BUY_CE,82900,208.92,272.49,82625.68,82625.68,1.557,0.527,True,EOD,1242.41,61.82,1180.59,Intraday
2026-02-23,10:25,SENSEX,BUY_PE,83200,572.76,575.03,83295.76,83295.76,0.435,0.506,True,EOD,-23.5,87.29,-110.79,Intraday
2026-02-23,10:40,SENSEX,BUY_PE,83100,533.12,529.58,83282.69,83282.69,0.2,0.507,True,EOD,-134.73,84.52,-219.25,Intraday
2026-02-24,10:10,SENSEX,BUY_PE,82500,456.99,609.36,82673.64,82673.64,0.705,0.433,True,EOD,2983.46,79.19,2904.27,Intraday
2026-02-24,10:15,SENSEX,BUY_PE,82500,461.6,610.38,82663.07,82663.07,0.632,0.433,True,EOD,2911.34,79.51,2831.83,Intraday
2026-02-25,10:00,SENSEX,BUY_CE,82800,447.37,178.95,82718.35,82718.35,1.366,0.445,True,SL,-5406.02,78.52,-5484.53,Intraday
2026-02-25,10:30,SENSEX,BUY_CE,82900,422.11,168.84,82764.07,82764.07,5.614,0.445,True,SL,-5100.77,76.75,-5177.52,Intraday
2026-02-26,10:00,SENSEX,BUY_CE,82500,291.72,116.69,82400.4,82400.4,2.685,0.456,True,SL,-3525.13,67.62,-3592.75,Intraday
2026-02-26,10:05,SENSEX,BUY_CE,82500,294.98,117.99,82407.45,82407.45,2.589,0.455,True,SL,-3564.54,67.85,-3632.39,Intraday
2026-02-27,10:20,SENSEX,BUY_PE,81700,194.63,389.25,81897.62,81897.62,0.541,0.456,True,TARGET,3857.48,60.82,3796.66,Intraday
2026-02-27,10:50,SENSEX,BUY_PE,81700,204.43,408.87,81872.44,81872.44,0.957,0.456,True,TARGET,4051.89,61.51,3990.38,Intraday
