entry_date,exit_date,trade_type,entry_spot,exit_spot,strike,entry_premium,exit_premium,quantity,pnl,strategy
2021-04-05 03:45:00,2021-04-06 03:45:00,BUY_CE,32678.849609375,32501.349609375,32700,268.28,113.18,30,-4752.99,Max Pain Magnet
2021-04-12 03:45:00,2021-04-13 03:45:00,BUY_CE,30792.0,31771.599609375,30800,303.61,947.82,30,19226.21,Max Pain Magnet
2021-04-13 03:45:00,2021-04-15 03:45:00,BUY_CE,31771.599609375,32112.849609375,31800,232.73,355.55,30,3584.64,Max Pain Magnet
2021-04-19 03:45:00,2021-04-22 03:45:00,BUY_PE,31208.400390625,31782.599609375,31200,338.47,23.83,30,-9539.1,Max Pain Magnet
2021-04-27 03:45:00,2021-04-28 03:45:00,BUY_CE,32735.349609375,33722.80078125,32700,277.91,986.67,30,21162.84,Max Pain Magnet
2021-04-28 03:45:00,2021-04-29 03:45:00,BUY_CE,33722.80078125,33714.5,33700,209.34,205.42,30,-217.54,Max Pain Magnet
2021-05-04 03:45:00,2021-05-05 03:45:00,BUY_PE,32270.349609375,32783.69921875,32300,276.3,35.06,30,-7337.34,Max Pain Magnet
2021-05-05 03:45:00,2021-05-06 03:45:00,BUY_CE,32783.69921875,32827.80078125,32800,173.2,178.93,30,71.95,Max Pain Magnet
2021-05-10 03:45:00,2021-05-12 03:45:00,BUY_PE,33142.3984375,32452.30078125,33100,331.16,622.41,30,8637.64,Max Pain Magnet
2021-05-14 03:45:00,2021-05-17 03:45:00,BUY_PE,32169.55078125,33459.25,32200,403.73,17.17,30,-11696.66,Max Pain Magnet
2021-05-19 03:45:00,2021-05-20 03:45:00,BUY_CE,33685.19921875,33334.55078125,33700,139.65,34.84,30,-3244.34,Max Pain Magnet
2021-05-25 03:45:00,2021-05-26 03:45:00,BUY_CE,34662.0,34684.19921875,34700,215.78,141.77,30,-2320.34,Max Pain Magnet
2021-05-26 03:45:00,2021-05-27 03:45:00,BUY_CE,34684.19921875,35095.05078125,34700,155.77,406.73,30,7428.82,Max Pain Magnet
2021-05-28 03:45:00,2021-05-31 03:45:00,BUY_PE,35141.44921875,35526.6484375,35100,452.08,120.91,30,-10035.02,Max Pain Magnet
2021-06-01 03:45:00,2021-06-02 03:45:00,BUY_PE,35337.19921875,35373.75,35300,175.28,104.47,30,-2224.19,Max Pain Magnet
2021-06-09 03:45:00,2021-06-10 03:45:00,BUY_CE,34800.5,35131.19921875,34800,140.83,345.18,30,6030.46,Max Pain Magnet
2021-06-15 03:45:00,2021-06-16 03:45:00,BUY_PE,35247.75,35003.5,35200,127.32,217.68,30,2610.71,Max Pain Magnet
2021-06-21 03:45:00,2021-06-22 03:45:00,BUY_CE,34871.30078125,34745.0,34900,137.75,45.49,30,-2867.74,Max Pain Magnet
2021-06-22 03:45:00,2021-06-23 03:45:00,BUY_CE,34745.0,34574.0,34700,127.86,27.88,30,-3099.44,Max Pain Magnet
2021-06-24 03:45:00,2021-06-25 03:45:00,BUY_CE,34827.0,35364.6484375,34800,272.06,615.7,30,10209.17,Max Pain Magnet
2021-06-30 03:45:00,2021-07-01 03:45:00,BUY_CE,34772.19921875,34684.0,34800,64.11,32.04,30,-1061.99,Max Pain Magnet
2021-07-02 03:45:00,2021-07-05 03:45:00,BUY_CE,34809.8984375,35212.0,34800,247.24,427.85,30,5318.33,Max Pain Magnet
2021-07-05 03:45:00,2021-07-06 03:45:00,BUY_PE,35212.0,35579.1484375,35200,140.51,11.11,30,-3981.93,Max Pain Magnet
2021-07-07 03:45:00,2021-07-08 03:45:00,BUY_CE,35771.30078125,35274.1015625,35800,63.22,0.39,30,-1984.76,Max Pain Magnet
2021-07-08 03:45:00,2021-07-13 03:45:00,BUY_PE,35274.1015625,35673.3984375,35300,266.66,15.76,30,-7627.06,Max Pain Magnet
2021-07-13 03:45:00,2021-07-14 03:45:00,BUY_CE,35673.3984375,35668.25,35700,108.38,69.53,30,-1265.58,Max Pain Magnet
2021-07-14 03:45:00,2021-07-15 03:45:00,BUY_CE,35668.25,35907.6484375,35700,68.37,213.78,30,4262.38,Max Pain Magnet
2021-07-16 03:45:00,2021-07-19 03:45:00,BUY_CE,35751.80078125,35079.19921875,35800,240.86,12.03,30,-6964.96,Max Pain Magnet
2021-07-27 03:45:00,2021-07-28 03:45:00,BUY_CE,34797.44921875,34532.8984375,34800,131.59,15.42,30,-3585.07,Max Pain Magnet
2021-08-02 03:45:00,2021-08-03 03:45:00,BUY_CE,34710.0,35207.44921875,34700,191.85,499.33,30,9124.49,Max Pain Magnet
2021-08-03 03:45:00,2021-08-04 03:45:00,BUY_PE,35207.44921875,36028.05078125,35200,125.27,0.09,30,-3855.28,Max Pain Magnet
2021-08-05 03:45:00,2021-08-10 03:45:00,BUY_CE,35834.75,36034.1015625,35800,402.37,276.04,30,-3889.97,Max Pain Magnet
2021-08-11 03:45:00,2021-08-12 03:45:00,BUY_CE,35806.3984375,35937.05078125,35800,101.84,171.92,30,2002.5,Max Pain Magnet
2021-08-13 03:45:00,2021-08-18 03:45:00,BUY_PE,36169.3515625,35554.5,36200,309.65,616.6,30,9108.48,Max Pain Magnet
2021-08-23 03:45:00,2021-08-24 03:45:00,BUY_PE,35124.3984375,35712.1015625,35100,142.75,3.57,30,-4275.32,Max Pain Magnet
2021-08-24 03:45:00,2021-08-25 03:45:00,BUY_CE,35712.1015625,35586.25,35700,134.87,45.82,30,-2771.46,Max Pain Magnet
2021-08-30 03:45:00,2021-08-31 03:45:00,BUY_PE,36347.6484375,36424.6015625,36300,162.79,82.85,30,-2498.28,Max Pain Magnet
2021-09-02 03:45:00,2021-09-06 03:45:00,BUY_CE,36831.30078125,36592.3515625,36800,314.5,84.51,30,-6999.69,Max Pain Magnet
2021-09-08 03:45:00,2021-09-09 03:45:00,BUY_CE,36768.19921875,36683.19921875,36800,67.98,37.55,30,-1012.9,Max Pain Magnet
2021-09-15 03:45:00,2021-09-16 03:45:00,BUY_CE,36852.25,37668.6015625,36900,61.2,741.02,30,20294.73,Max Pain Magnet
2021-09-17 03:45:00,2021-09-20 03:45:00,BUY_CE,37811.94921875,37145.69921875,37800,308.4,20.81,30,-8727.62,Max Pain Magnet
2021-09-20 03:45:00,2021-09-21 03:45:00,BUY_PE,37145.69921875,37235.8515625,37100,155.91,74.03,30,-2556.47,Max Pain Magnet
2021-09-21 03:45:00,2021-09-22 03:45:00,BUY_PE,37235.8515625,36944.6484375,37200,110.22,253.58,30,4200.69,Max Pain Magnet
2021-09-23 03:45:00,2021-09-28 03:45:00,BUY_CE,37771.69921875,37945.0,37800,355.07,209.48,30,-4467.79,Max Pain Magnet
2021-09-29 03:45:00,2021-09-30 03:45:00,BUY_CE,37743.0,37425.1015625,37700,121.59,19.09,30,-3175.05,Max Pain Magnet
2021-10-01 03:45:00,2021-10-04 03:45:00,BUY_PE,37225.8984375,37579.6484375,37200,280.72,66.88,30,-6515.15,Max Pain Magnet
2021-10-05 03:45:00,2021-10-06 03:45:00,BUY_CE,37741.0,37521.55078125,37700,166.98,38.94,30,-3941.27,Max Pain Magnet
2021-10-07 03:45:00,2021-10-11 03:45:00,BUY_CE,37753.19921875,38293.80078125,37800,345.22,523.79,30,5257.06,Max Pain Magnet
2021-10-11 03:45:00,2021-10-12 03:45:00,BUY_PE,38293.80078125,38521.5,38300,203.78,64.11,30,-4289.96,Max Pain Magnet
2021-10-13 03:45:00,2021-10-14 03:45:00,BUY_CE,38635.75,39340.8984375,38600,125.21,714.63,30,17582.58,Max Pain Magnet
2021-10-18 03:45:00,2021-10-19 03:45:00,BUY_CE,39684.80078125,39540.5,39700,208.65,71.82,30,-4205.04,Max Pain Magnet
2021-10-22 03:45:00,2021-10-25 03:45:00,BUY_PE,40323.6484375,41192.3984375,40300,230.09,6.11,30,-6819.39,Max Pain Magnet
2021-10-25 03:45:00,2021-10-26 03:45:00,BUY_PE,41192.3984375,41238.30078125,41200,185.84,113.52,30,-2269.47,Max Pain Magnet
2021-10-26 03:45:00,2021-10-27 03:45:00,BUY_PE,41238.30078125,40874.3515625,41200,111.65,317.0,30,6060.61,Max Pain Magnet
2021-10-27 03:45:00,2021-10-28 03:45:00,BUY_CE,40874.3515625,39508.94921875,40900,85.06,0.05,30,-2650.36,Max Pain Magnet
2021-11-01 03:45:00,2021-11-03 03:45:00,BUY_CE,39763.75,39402.05078125,39800,253.41,23.75,30,-6989.82,Max Pain Magnet
2021-11-09 03:45:00,2021-11-10 03:45:00,BUY_PE,39368.80078125,39023.25,39400,203.3,376.39,30,5092.7,Max Pain Magnet
2021-11-12 03:45:00,2021-11-15 03:45:00,BUY_CE,38733.3515625,38702.3515625,38700,460.84,264.46,30,-5991.34,Max Pain Magnet
2021-11-15 03:45:00,2021-11-16 03:45:00,BUY_CE,38702.3515625,38307.1015625,38700,262.76,52.19,30,-6417.12,Max Pain Magnet
2021-11-16 03:45:00,2021-11-17 03:45:00,BUY_PE,38307.1015625,38041.55078125,38300,170.72,276.29,30,3067.2,Max Pain Magnet
2021-11-22 03:45:00,2021-11-23 03:45:00,BUY_PE,37128.80078125,37272.80078125,37100,229.74,103.81,30,-3878.05,Max Pain Magnet
2021-11-23 03:45:00,2021-11-24 03:45:00,BUY_PE,37272.80078125,37441.94921875,37300,186.27,56.14,30,-4004.01,Max Pain Magnet
2021-11-30 03:45:00,2021-12-01 03:45:00,BUY_CE,35695.30078125,36364.8984375,35700,154.7,641.86,30,14514.72,Max Pain Magnet
2021-12-03 03:45:00,2021-12-06 03:45:00,BUY_PE,36197.1484375,35735.8984375,36200,335.76,487.04,30,4438.45,Max Pain Magnet
2021-12-06 03:45:00,2021-12-07 03:45:00,BUY_CE,35735.8984375,36618.3984375,35700,243.14,890.09,30,19308.52,Max Pain Magnet
2021-12-08 03:45:00,2021-12-09 03:45:00,BUY_PE,37284.69921875,37082.44921875,37300,146.6,255.68,30,3172.45,Max Pain Magnet
2021-12-15 03:45:00,2021-12-16 03:45:00,BUY_CE,36789.55078125,36548.6484375,36800,130.97,48.11,30,-2585.82,Max Pain Magnet
2021-12-24 03:45:00,2021-12-29 03:45:00,BUY_CE,34857.05078125,35045.3984375,34900,409.5,199.35,30,-6404.61,Max Pain Magnet
2022-01-04 03:45:00,2022-01-05 03:45:00,BUY_CE,36840.1484375,37695.8984375,36800,215.42,863.56,30,19344.3,Max Pain Magnet
2022-01-05 03:45:00,2022-01-06 03:45:00,BUY_CE,37695.8984375,37490.25,37700,141.86,65.23,30,-2398.9,Max Pain Magnet
2022-01-07 03:45:00,2022-01-10 03:45:00,BUY_CE,37739.6015625,38347.8984375,37700,489.52,697.54,30,6140.63,Max Pain Magnet
2022-01-10 03:45:00,2022-01-11 03:45:00,BUY_PE,38347.8984375,38442.19921875,38300,267.46,148.02,30,-3683.06,Max Pain Magnet
2022-01-12 03:45:00,2022-01-13 03:45:00,BUY_CE,38727.55078125,38469.94921875,38700,165.99,66.26,30,-3091.83,Max Pain Magnet
2022-01-17 03:45:00,2022-01-19 03:45:00,BUY_PE,38216.1484375,38041.3515625,38200,182.73,184.31,30,-52.56,Max Pain Magnet
2022-01-20 03:45:00,2022-01-21 03:45:00,BUY_CE,37850.8515625,37574.30078125,37900,346.54,196.44,30,-4603.1,Max Pain Magnet
2022-01-25 03:45:00,2022-01-27 03:45:00,BUY_CE,37706.75,37982.1015625,37700,172.04,294.85,30,3584.41,Max Pain Magnet
2022-02-02 03:45:00,2022-02-03 03:45:00,BUY_PE,39330.5,39010.0,39300,102.33,292.63,30,5608.93,Max Pain Magnet
2022-02-04 03:45:00,2022-02-07 03:45:00,BUY_CE,38789.3515625,37995.44921875,38800,357.56,29.7,30,-9935.85,Max Pain Magnet
2022-02-15 03:45:00,2022-02-16 03:45:00,BUY_PE,38170.1015625,37953.80078125,38200,261.22,303.58,30,1170.7,Max Pain Magnet
2022-02-21 03:45:00,2022-02-22 03:45:00,BUY_CE,37685.6015625,37371.6484375,37700,349.86,119.92,30,-6998.31,Max Pain Magnet
2022-02-22 03:45:00,2022-02-23 03:45:00,BUY_PE,37371.6484375,37392.05078125,37400,251.93,167.39,30,-2636.14,Max Pain Magnet
2022-02-28 03:45:00,2022-03-02 03:45:00,BUY_PE,36205.30078125,35372.80078125,36200,426.36,802.54,30,11185.37,Max Pain Magnet
2022-03-07 03:45:00,2022-03-09 03:45:00,BUY_CE,32871.25,33815.44921875,32900,407.8,889.37,30,14347.11,Max Pain Magnet
2022-03-09 03:45:00,2022-03-10 03:45:00,BUY_CE,33815.44921875,34475.6015625,33800,230.52,676.69,30,13285.06,Max Pain Magnet
2022-03-16 03:45:00,2022-03-17 03:45:00,BUY_CE,35748.25,36428.55078125,35700,242.73,722.15,30,14282.71,Max Pain Magnet
2022-03-22 03:45:00,2022-03-23 03:45:00,BUY_PE,36348.55078125,36147.3515625,36300,292.92,285.18,30,-332.07,Max Pain Magnet
2022-03-23 03:45:00,2022-03-24 03:45:00,BUY_PE,36147.3515625,35527.1015625,36100,200.38,584.78,30,11431.87,Max Pain Magnet
2022-03-28 03:45:00,2022-03-30 03:45:00,BUY_CE,35710.5,36334.30078125,35700,380.05,622.24,30,7165.66,Max Pain Magnet
2022-03-30 03:45:00,2022-03-31 03:45:00,BUY_PE,36334.30078125,36373.6015625,36300,155.82,132.47,30,-800.37,Max Pain Magnet
2022-04-01 03:45:00,2022-04-04 03:45:00,BUY_PE,37148.5,38635.19921875,37100,501.71,23.43,30,-14448.36,Max Pain Magnet
2022-04-04 03:45:00,2022-04-05 03:45:00,BUY_CE,38635.19921875,38067.8984375,38600,406.54,51.75,30,-10743.69,Max Pain Magnet
2022-04-06 03:45:00,2022-04-07 03:45:00,BUY_CE,37632.80078125,37557.3515625,37600,173.8,135.7,30,-1243.12,Max Pain Magnet
2022-04-08 03:45:00,2022-04-11 03:45:00,BUY_CE,37752.05078125,37613.80078125,37800,465.91,227.55,30,-7250.82,Max Pain Magnet
2022-04-12 03:45:00,2022-04-13 03:45:00,BUY_CE,37747.3984375,37463.3984375,37700,232.48,59.54,30,-5288.32,Max Pain Magnet
2022-04-18 03:45:00,2022-04-19 03:45:00,BUY_CE,36729.0,36341.6015625,36700,307.99,73.1,30,-7146.69,Max Pain Magnet
2022-04-19 03:45:00,2022-04-20 03:45:00,BUY_PE,36341.6015625,36314.8984375,36300,172.05,115.1,30,-1808.55,Max Pain Magnet
2022-04-20 03:45:00,2022-04-21 03:45:00,BUY_PE,36314.8984375,36816.1015625,36300,126.66,12.09,30,-3537.23,Max Pain Magnet
2022-05-02 03:45:00,2022-05-04 03:45:00,BUY_PE,36163.75,35264.55078125,36200,294.22,895.19,30,17929.15,Max Pain Magnet
2022-05-04 03:45:00,2022-05-05 03:45:00,BUY_PE,35264.55078125,35232.8515625,35300,155.42,127.44,30,-939.51,Max Pain Magnet
2022-05-05 03:45:00,2022-05-06 03:45:00,BUY_PE,35232.8515625,34591.19921875,35200,320.43,653.75,30,9899.55,Max Pain Magnet
2022-05-09 03:45:00,2022-05-10 03:45:00,BUY_PE,34275.3984375,34482.6484375,34300,208.27,74.46,30,-4114.34,Max Pain Magnet
2022-05-11 03:45:00,2022-05-12 03:45:00,BUY_CE,34693.1484375,33532.1484375,34700,103.07,0.05,30,-3190.66,Max Pain Magnet
2022-05-13 03:45:00,2022-05-16 03:45:00,BUY_PE,33121.3515625,33597.6015625,33100,340.08,77.22,30,-7985.88,Max Pain Magnet
2022-05-17 03:45:00,2022-05-18 03:45:00,BUY_PE,34301.8984375,34163.69921875,34300,185.38,195.61,30,207.02,Max Pain Magnet
2022-05-18 03:45:00,2022-05-19 03:45:00,BUY_PE,34163.69921875,33315.6484375,34200,149.83,846.41,30,20797.52,Max Pain Magnet
2022-05-23 03:45:00,2022-05-24 03:45:00,BUY_PE,34247.6015625,34290.1484375,34200,264.17,166.13,30,-3041.22,Max Pain Magnet
2022-05-24 03:45:00,2022-05-25 03:45:00,BUY_PE,34290.1484375,34339.5,34300,209.6,126.82,30,-2583.29,Max Pain Magnet
2022-05-25 03:45:00,2022-05-26 03:45:00,BUY_PE,34339.5,35094.8984375,34300,124.9,3.66,30,-3737.32,Max Pain Magnet
2022-05-30 03:45:00,2022-05-31 03:45:00,BUY_CE,35826.94921875,35487.3984375,35800,341.47,111.78,30,-6990.64,Max Pain Magnet
2022-06-03 03:45:00,2022-06-06 03:45:00,BUY_PE,35275.05078125,35310.19921875,35300,457.61,279.64,30,-5439.17,Max Pain Magnet
2022-06-06 03:45:00,2022-06-08 03:45:00,BUY_PE,35310.19921875,34946.1484375,35300,276.89,363.03,30,2484.16,Max Pain Magnet
2022-06-14 03:45:00,2022-06-15 03:45:00,BUY_PE,33311.3515625,33339.0,33300,169.91,108.05,30,-1955.67,Max Pain Magnet
2022-06-17 03:45:00,2022-06-20 03:45:00,BUY_CE,32743.05078125,32684.80078125,32700,371.45,211.11,30,-4910.21,Max Pain Magnet
2022-06-20 03:45:00,2022-06-21 03:45:00,BUY_CE,32684.80078125,33191.75,32700,209.35,493.45,30,8423.14,Max Pain Magnet
2022-06-21 03:45:00,2022-06-22 03:45:00,BUY_PE,33191.75,32845.30078125,33200,160.67,349.39,30,5561.58,Max Pain Magnet
2022-06-22 03:45:00,2022-06-23 03:45:00,BUY_CE,32845.30078125,33135.0,32800,138.41,333.94,30,5765.88,Max Pain Magnet
2022-06-23 03:45:00,2022-06-24 03:45:00,BUY_PE,33135.0,33627.44921875,33100,328.72,134.65,30,-5922.03,Max Pain Magnet
2022-06-27 03:45:00,2022-06-28 03:45:00,BUY_CE,33811.25,33642.44921875,33800,225.5,89.04,30,-4193.79,Max Pain Magnet
2022-06-29 03:45:00,2022-06-30 03:45:00,BUY_PE,33269.8984375,33425.1015625,33300,118.9,56.53,30,-1971.16,Max Pain Magnet
2022-07-05 03:45:00,2022-07-06 03:45:00,BUY_CE,33815.8984375,34324.25,33800,167.13,509.07,30,10158.15,Max Pain Magnet
2022-07-06 03:45:00,2022-07-07 03:45:00,BUY_PE,34324.25,34920.30078125,34300,103.94,3.33,30,-3118.44,Max Pain Magnet
2022-07-08 03:45:00,2022-07-11 03:45:00,BUY_PE,35124.05078125,35469.6484375,35100,352.61,64.73,30,-8736.27,Max Pain Magnet
2022-07-12 03:45:00,2022-07-13 03:45:00,BUY_PE,35132.25,34827.80078125,35100,122.49,274.08,30,4447.63,Max Pain Magnet
2022-07-13 03:45:00,2022-07-14 03:45:00,BUY_CE,34827.80078125,34651.19921875,34800,117.78,35.9,30,-2556.45,Max Pain Magnet
2022-07-15 03:45:00,2022-07-18 03:45:00,BUY_CE,34682.6484375,35358.69921875,34700,285.51,657.3,30,11053.81,Max Pain Magnet
2022-07-19 03:45:00,2022-07-20 03:45:00,BUY_CE,35720.3515625,35972.1015625,35700,147.05,273.59,30,3696.29,Max Pain Magnet
2022-07-21 03:45:00,2022-07-22 03:45:00,BUY_PE,36201.0,36738.94921875,36200,290.76,92.81,30,-6038.5,Max Pain Magnet
2022-07-22 03:45:00,2022-07-25 03:45:00,BUY_CE,36738.94921875,36726.3984375,36700,324.47,203.84,30,-3718.85,Max Pain Magnet
2022-07-25 03:45:00,2022-07-26 03:45:00,BUY_CE,36726.3984375,36408.5,36700,203.23,38.59,30,-5039.21,Max Pain Magnet
2022-07-27 03:45:00,2022-07-28 03:45:00,BUY_CE,36783.75,37378.1484375,36800,81.52,558.42,30,14207.13,Max Pain Magnet
2022-08-04 03:45:00,2022-08-08 03:45:00,BUY_CE,37755.55078125,38237.3984375,37800,302.48,461.68,30,4676.11,Max Pain Magnet
2022-08-08 03:45:00,2022-08-10 03:45:00,BUY_PE,38237.3984375,38287.8515625,38200,152.4,46.73,30,-3270.17,Max Pain Magnet
2022-08-10 03:45:00,2022-08-11 03:45:00,BUY_PE,38287.8515625,38879.8515625,38300,87.19,0.19,30,-2710.09,Max Pain Magnet
2022-08-11 03:45:00,2022-08-16 03:45:00,BUY_CE,38879.8515625,39239.6484375,38900,292.59,342.98,30,1411.55,Max Pain Magnet
2022-08-16 03:45:00,2022-08-17 03:45:00,BUY_PE,39239.6484375,39461.69921875,39200,87.0,5.87,30,-2533.96,Max Pain Magnet
2022-08-18 03:45:00,2022-08-19 03:45:00,BUY_CE,39656.1484375,38985.94921875,39700,239.62,64.07,30,-5366.6,Max Pain Magnet
2022-08-22 03:45:00,2022-08-23 03:45:00,BUY_PE,38297.75,38697.6484375,38300,189.99,21.96,30,-5140.98,Max Pain Magnet
2022-08-23 03:45:00,2022-08-24 03:45:00,BUY_CE,38697.6484375,39038.5,38700,138.5,335.22,30,5801.5,Max Pain Magnet
2022-08-29 03:45:00,2022-08-30 03:45:00,BUY_PE,38276.69921875,39536.75,38300,200.67,0.46,30,-6106.22,Max Pain Magnet
2022-09-01 03:45:00,2022-09-05 03:45:00,BUY_PE,39301.25,39805.75,39300,410.17,79.6,30,-10017.14,Max Pain Magnet
2022-09-05 03:45:00,2022-09-06 03:45:00,BUY_CE,39805.75,39666.5,39800,264.8,125.74,30,-4271.89,Max Pain Magnet
2022-09-06 03:45:00,2022-09-07 03:45:00,BUY_CE,39666.5,39455.8984375,39700,165.38,44.32,30,-3731.66,Max Pain Magnet
2022-09-08 03:45:00,2022-09-12 03:45:00,BUY_PE,40208.94921875,40574.0,40200,440.66,119.33,30,-9739.76,Max Pain Magnet
2022-09-13 03:45:00,2022-09-14 03:45:00,BUY_CE,40873.1015625,41405.3984375,40900,179.38,496.66,30,9418.46,Max Pain Magnet
2022-09-14 03:45:00,2022-09-15 03:45:00,BUY_PE,41405.3984375,41209.19921875,41400,133.32,235.9,30,2977.39,Max Pain Magnet
2022-09-15 03:45:00,2022-09-20 03:45:00,BUY_PE,41209.19921875,41468.30078125,41200,452.12,76.31,30,-11374.4,Max Pain Magnet
2022-09-21 03:45:00,2022-09-22 03:45:00,BUY_PE,41203.44921875,40630.6015625,41200,122.47,547.24,30,12642.98,Max Pain Magnet
2022-09-26 03:45:00,2022-09-27 03:45:00,BUY_CE,38616.25,38359.1484375,38600,319.03,114.68,30,-6230.44,Max Pain Magnet
2022-09-27 03:45:00,2022-09-28 03:45:00,BUY_PE,38359.1484375,37759.8515625,38400,223.25,612.99,30,11592.25,Max Pain Magnet
2022-09-28 03:45:00,2022-09-29 03:45:00,BUY_CE,37759.8515625,37647.75,37800,107.26,66.6,30,-1319.93,Max Pain Magnet
2022-10-07 03:45:00,2022-10-12 03:45:00,BUY_PE,39178.05078125,39118.55078125,39200,485.29,183.18,30,-9163.23,Max Pain Magnet
2022-10-12 03:45:00,2022-10-13 03:45:00,BUY_PE,39118.55078125,38624.0,39100,145.44,469.41,30,9619.0,Max Pain Magnet
2022-10-14 03:45:00,2022-10-17 03:45:00,BUY_PE,39305.6015625,39920.44921875,39300,491.54,116.3,30,-11357.16,Max Pain Magnet
2022-10-18 03:45:00,2022-10-19 03:45:00,BUY_PE,40318.75,40373.19921875,40300,230.31,135.16,30,-2954.46,Max Pain Magnet
2022-10-19 03:45:00,2022-10-20 03:45:00,BUY_PE,40373.19921875,40099.55078125,40400,180.19,335.94,30,4572.58,Max Pain Magnet
2022-10-21 03:45:00,2022-10-27 03:45:00,BUY_CE,40784.05078125,41299.30078125,40800,555.36,493.5,30,-1955.74,Max Pain Magnet
2022-10-27 03:45:00,2022-10-31 03:45:00,BUY_PE,41299.30078125,41307.8984375,41300,483.33,269.36,30,-6518.97,Max Pain Magnet
2022-10-31 03:45:00,2022-11-01 03:45:00,BUY_PE,41307.8984375,41289.55078125,41300,266.7,166.25,30,-3113.45,Max Pain Magnet
2022-11-01 03:45:00,2022-11-02 03:45:00,BUY_PE,41289.55078125,41146.6484375,41300,182.21,195.16,30,288.59,Max Pain Magnet
2022-11-02 03:45:00,2022-11-03 03:45:00,BUY_PE,41146.6484375,41298.3515625,41100,95.24,32.86,30,-1971.42,Max Pain Magnet
2022-11-03 03:45:00,2022-11-07 03:45:00,BUY_PE,41298.3515625,41686.69921875,41300,329.53,69.15,30,-7911.36,Max Pain Magnet
2022-11-07 03:45:00,2022-11-09 03:45:00,BUY_CE,41686.69921875,41783.19921875,41700,207.42,141.1,30,-2089.58,Max Pain Magnet
2022-11-09 03:45:00,2022-11-10 03:45:00,BUY_CE,41783.19921875,41603.75,41800,96.26,33.17,30,-1992.79,Max Pain Magnet
2022-11-10 03:45:00,2022-11-11 03:45:00,BUY_CE,41603.75,42137.05078125,41600,365.33,644.4,30,8271.96,Max Pain Magnet
2022-11-11 03:45:00,2022-11-14 03:45:00,BUY_PE,42137.05078125,42076.75,42100,282.93,171.77,30,-3434.67,Max Pain Magnet
2022-11-15 03:45:00,2022-11-16 03:45:00,BUY_PE,42372.69921875,42535.30078125,42400,131.76,30.99,30,-3123.19,Max Pain Magnet
2022-11-21 03:45:00,2022-11-22 03:45:00,BUY_PE,42346.55078125,42457.05078125,42300,123.38,35.42,30,-2738.93,Max Pain Magnet
2022-11-23 03:45:00,2022-11-24 03:45:00,BUY_CE,42729.1015625,43075.3984375,42700,79.06,364.24,30,8455.27,Max Pain Magnet
2022-11-30 03:45:00,2022-12-01 03:45:00,BUY_PE,43231.0,43260.6484375,43200,39.3,27.99,30,-439.27,Max Pain Magnet
2022-12-01 03:45:00,2022-12-05 03:45:00,BUY_PE,43260.6484375,43332.94921875,43300,179.97,89.46,30,-2815.29,Max Pain Magnet
2022-12-05 03:45:00,2022-12-06 03:45:00,BUY_PE,43332.94921875,43138.55078125,43300,87.76,166.39,30,2258.97,Max Pain Magnet
2022-12-06 03:45:00,2022-12-07 03:45:00,BUY_PE,43138.55078125,43098.69921875,43100,54.45,47.71,30,-302.16,Max Pain Magnet
2022-12-08 03:45:00,2022-12-13 03:45:00,BUY_CE,43596.8515625,43946.55078125,43600,222.05,341.43,30,3481.51,Max Pain Magnet
2022-12-16 03:45:00,2022-12-19 03:45:00,BUY_PE,43219.5,43413.75,43200,171.63,46.57,30,-3851.71,Max Pain Magnet
2022-12-19 03:45:00,2022-12-21 03:45:00,BUY_PE,43413.75,42617.94921875,43400,112.71,747.06,30,18930.49,Max Pain Magnet
2022-12-21 03:45:00,2022-12-22 03:45:00,BUY_CE,42617.94921875,42408.80078125,42600,87.73,16.57,30,-2234.79,Max Pain Magnet
2022-12-22 03:45:00,2022-12-23 03:45:00,BUY_PE,42408.80078125,41668.05078125,42400,228.61,709.07,30,14313.74,Max Pain Magnet
2022-12-23 03:45:00,2022-12-27 03:45:00,BUY_CE,41668.05078125,42859.5,41700,267.5,1120.37,30,25486.09,Max Pain Magnet
2022-12-27 03:45:00,2022-12-28 03:45:00,BUY_CE,42859.5,42827.69921875,42900,147.49,86.47,30,-1930.51,Max Pain Magnet
2022-12-28 03:45:00,2022-12-29 03:45:00,BUY_CE,42827.69921875,43252.3515625,42800,131.78,443.94,30,9264.86,Max Pain Magnet
2022-12-29 03:45:00,2023-01-02 03:45:00,BUY_PE,43252.3515625,43203.1015625,43300,412.98,261.05,30,-4657.93,Max Pain Magnet
2023-01-02 03:45:00,2023-01-03 03:45:00,BUY_PE,43203.1015625,43425.25,43200,231.52,82.74,30,-4563.45,Max Pain Magnet
2023-01-03 03:45:00,2023-01-04 03:45:00,BUY_PE,43425.25,42958.80078125,43400,154.95,428.22,30,8098.16,Max Pain Magnet
2023-01-06 03:45:00,2023-01-09 03:45:00,BUY_PE,42188.80078125,42582.75,42200,365.12,102.87,30,-7967.41,Max Pain Magnet
2023-01-09 03:45:00,2023-01-10 03:45:00,BUY_CE,42582.75,42014.75,42600,246.68,24.05,30,-6779.04,Max Pain Magnet
2023-01-11 03:45:00,2023-01-12 03:45:00,BUY_PE,42232.69921875,42082.25,42200,108.82,177.4,30,1957.48,Max Pain Magnet
2023-01-16 03:45:00,2023-01-17 03:45:00,BUY_PE,42167.55078125,42235.05078125,42200,257.0,156.4,30,-3117.96,Max Pain Magnet
2023-01-17 03:45:00,2023-01-18 03:45:00,BUY_PE,42235.05078125,42458.0,42200,154.22,38.26,30,-3578.71,Max Pain Magnet
2023-01-19 03:45:00,2023-01-23 03:45:00,BUY_PE,42328.8515625,42821.25,42300,370.45,51.83,30,-9658.53,Max Pain Magnet
2023-01-23 03:45:00,2023-01-24 03:45:00,BUY_CE,42821.25,42733.44921875,42800,237.93,90.73,30,-4515.94,Max Pain Magnet
2023-01-24 03:45:00,2023-01-25 03:45:00,BUY_CE,42733.44921875,41647.6484375,42700,137.47,0.05,30,-4222.66,Max Pain Magnet
2023-01-25 03:45:00,2023-01-27 03:45:00,BUY_CE,41647.6484375,40345.30078125,41600,130.16,0.05,30,-4003.36,Max Pain Magnet
2023-01-30 03:45:00,2023-01-31 03:45:00,BUY_PE,40387.44921875,40655.05078125,40400,238.82,75.06,30,-5012.8,Max Pain Magnet
2023-01-31 03:45:00,2023-02-01 03:45:00,BUY_CE,40655.05078125,40513.0,40700,153.57,52.27,30,-3139.02,Max Pain Magnet
2023-02-06 03:45:00,2023-02-07 03:45:00,BUY_PE,41374.6484375,41490.94921875,41400,268.01,140.79,30,-3916.48,Max Pain Magnet
2023-02-13 03:45:00,2023-02-14 03:45:00,BUY_PE,41282.19921875,41648.3515625,41300,247.5,57.84,30,-5789.69,Max Pain Magnet
2023-02-14 03:45:00,2023-02-15 03:45:00,BUY_CE,41648.3515625,41731.05078125,41600,207.63,191.24,30,-591.63,Max Pain Magnet
2023-02-15 03:45:00,2023-02-16 03:45:00,BUY_CE,41731.05078125,41631.3515625,41700,144.6,97.68,30,-1507.71,Max Pain Magnet
2023-02-17 03:45:00,2023-02-22 03:45:00,BUY_PE,41131.75,39995.8984375,41100,367.28,1056.44,30,20574.68,Max Pain Magnet
2023-02-27 03:45:00,2023-03-01 03:45:00,BUY_PE,40307.1015625,40698.1484375,40300,167.27,4.52,30,-4982.58,Max Pain Magnet
2023-03-01 03:45:00,2023-03-02 03:45:00,BUY_CE,40698.1484375,40389.80078125,40700,92.64,11.75,30,-2526.84,Max Pain Magnet
2023-03-03 03:45:00,2023-03-06 03:45:00,BUY_PE,41251.3515625,41350.3984375,41300,308.75,163.55,30,-4455.89,Max Pain Magnet
2023-03-06 03:45:00,2023-03-08 03:45:00,BUY_PE,41350.3984375,41577.1015625,41400,209.83,34.51,30,-5359.53,Max Pain Magnet
2023-03-09 03:45:00,2023-03-10 03:45:00,BUY_PE,41256.75,40485.44921875,41300,340.15,816.43,30,14188.41,Max Pain Magnet
2023-03-16 03:45:00,2023-03-17 03:45:00,BUY_PE,39132.6015625,39598.1015625,39100,351.62,174.69,30,-5407.9,Max Pain Magnet
2023-03-20 03:45:00,2023-03-21 03:45:00,BUY_PE,39361.94921875,39894.69921875,39400,244.57,28.62,30,-6578.43,Max Pain Magnet
2023-04-03 03:45:00,2023-04-05 03:45:00,BUY_CE,40813.05078125,40999.1484375,40800,262.49,228.48,30,-1120.34,Max Pain Magnet
2023-04-10 03:45:00,2023-04-11 03:45:00,BUY_CE,40834.6484375,41366.5,40800,250.02,562.83,30,9284.38,Max Pain Magnet
2023-04-11 03:45:00,2023-04-12 03:45:00,BUY_PE,41366.5,41557.94921875,41400,179.35,47.41,30,-4058.11,Max Pain Magnet
2023-04-13 03:45:00,2023-04-17 03:45:00,BUY_PE,42132.55078125,42262.55078125,42100,279.04,107.93,30,-5233.19,Max Pain Magnet
2023-04-17 03:45:00,2023-04-19 03:45:00,BUY_PE,42262.55078125,42154.0,42300,190.9,164.32,30,-897.54,Max Pain Magnet
2023-04-19 03:45:00,2023-04-20 03:45:00,BUY_PE,42154.0,42269.5,42200,107.87,52.59,30,-1758.38,Max Pain Magnet
2023-04-20 03:45:00,2023-04-24 03:45:00,BUY_PE,42269.5,42635.75,42300,278.36,46.14,30,-7066.47,Max Pain Magnet
2023-04-24 03:45:00,2023-04-26 03:45:00,BUY_CE,42635.75,42829.8984375,42600,187.75,231.27,30,1205.57,Max Pain Magnet
2023-04-26 03:45:00,2023-04-27 03:45:00,BUY_CE,42829.8984375,43000.8515625,42800,91.3,204.38,30,3292.54,Max Pain Magnet
2023-04-28 03:45:00,2023-05-02 03:45:00,BUY_PE,43233.8984375,43352.1015625,43200,182.4,39.81,30,-4377.79,Max Pain Magnet
2023-05-02 03:45:00,2023-05-03 03:45:00,BUY_PE,43352.1015625,43312.69921875,43400,118.84,111.2,30,-329.21,Max Pain Magnet
2023-05-03 03:45:00,2023-05-04 03:45:00,BUY_PE,43312.69921875,43685.44921875,43300,61.3,0.37,30,-1927.8,Max Pain Magnet
2023-05-04 03:45:00,2023-05-05 03:45:00,BUY_CE,43685.44921875,42661.19921875,43700,227.59,34.51,30,-5892.54,Max Pain Magnet
2023-05-05 03:45:00,2023-05-08 03:45:00,BUY_CE,42661.19921875,43284.0,42700,290.49,596.26,30,9073.0,Max Pain Magnet
2023-05-08 03:45:00,2023-05-10 03:45:00,BUY_PE,43284.0,43331.05078125,43300,197.43,82.03,30,-3562.05,Max Pain Magnet
2023-05-10 03:45:00,2023-05-11 03:45:00,BUY_PE,43331.05078125,43475.30078125,43300,80.64,32.05,30,-1557.69,Max Pain Magnet
2023-05-12 03:45:00,2023-05-16 03:45:00,BUY_CE,43793.55078125,43903.69921875,43800,316.58,179.71,30,-4206.02,Max Pain Magnet
2023-05-17 03:45:00,2023-05-18 03:45:00,BUY_CE,43698.69921875,43752.30078125,43700,94.46,114.04,30,487.3,Max Pain Magnet
2023-05-18 03:45:00,2023-05-23 03:45:00,BUY_CE,43752.30078125,43954.44921875,43800,320.07,208.04,30,-3460.85,Max Pain Magnet
2023-05-24 03:45:00,2023-05-25 03:45:00,BUY_CE,43677.8515625,43681.3984375,43700,81.25,75.1,30,-284.38,Max Pain Magnet
2023-05-25 03:45:00,2023-05-26 03:45:00,BUY_CE,43681.3984375,44018.0,43700,325.44,470.1,30,4239.77,Max Pain Magnet
2023-05-29 03:45:00,2023-05-30 03:45:00,BUY_PE,44311.8984375,44436.3515625,44300,172.6,74.95,30,-3029.44,Max Pain Magnet
2023-05-30 03:45:00,2023-05-31 03:45:00,BUY_PE,44436.3515625,44128.1484375,44400,111.01,269.95,30,4668.2,Max Pain Magnet
2023-06-01 03:45:00,2023-06-06 03:45:00,BUY_CE,43790.19921875,44164.55078125,43800,346.02,359.35,30,299.92,Max Pain Magnet
2023-06-06 03:45:00,2023-06-07 03:45:00,BUY_PE,44164.55078125,44275.30078125,44200,95.93,27.7,30,-2146.94,Max Pain Magnet
2023-06-07 03:45:00,2023-06-08 03:45:00,BUY_PE,44275.30078125,43995.25,44300,68.54,289.67,30,6534.02,Max Pain Magnet
2023-06-19 03:45:00,2023-06-21 03:45:00,BUY_CE,43633.75,43859.19921875,43600,166.61,256.22,30,2588.36,Max Pain Magnet
2023-06-21 03:45:00,2023-06-22 03:45:00,BUY_CE,43859.19921875,43724.8515625,43900,52.38,16.63,30,-1172.53,Max Pain Magnet
2023-06-22 03:45:00,2023-06-26 03:45:00,BUY_CE,43724.8515625,43641.05078125,43700,278.23,108.22,30,-5200.17,Max Pain Magnet
2023-06-26 03:45:00,2023-06-27 03:45:00,BUY_CE,43641.05078125,44121.5,43600,157.1,509.11,30,10460.21,Max Pain Magnet
2023-06-28 03:45:00,2023-06-30 03:45:00,BUY_PE,44327.80078125,44747.3515625,44300,55.06,0.44,30,-1738.59,Max Pain Magnet
2023-06-30 03:45:00,2023-07-03 03:45:00,BUY_CE,44747.3515625,45158.1015625,44700,270.16,469.21,30,5871.58,Max Pain Magnet
2023-07-03 03:45:00,2023-07-04 03:45:00,BUY_PE,45158.1015625,45301.44921875,45200,162.53,62.01,30,-3115.74,Max Pain Magnet
2023-07-04 03:45:00,2023-07-05 03:45:00,BUY_PE,45301.44921875,45151.80078125,45300,100.99,159.19,30,1646.08,Max Pain Magnet
2023-07-05 03:45:00,2023-07-06 03:45:00,BUY_PE,45151.80078125,45339.8984375,45200,99.72,26.63,30,-2292.57,Max Pain Magnet
2023-07-06 03:45:00,2023-07-07 03:45:00,BUY_PE,45339.8984375,44925.0,45300,222.05,422.08,30,5900.91,Max Pain Magnet
2023-07-10 03:45:00,2023-07-11 03:45:00,BUY_CE,44860.8515625,44745.05078125,44900,145.14,55.29,30,-2795.52,Max Pain Magnet
2023-07-11 03:45:00,2023-07-12 03:45:00,BUY_CE,44745.05078125,44639.44921875,44700,139.35,54.92,30,-2632.83,Max Pain Magnet
2023-07-12 03:45:00,2023-07-13 03:45:00,BUY_CE,44639.44921875,44665.05078125,44600,102.03,109.17,30,114.27,Max Pain Magnet
2023-07-13 03:45:00,2023-07-17 03:45:00,BUY_CE,44665.05078125,45449.75,44700,277.01,736.59,30,13687.51,Max Pain Magnet
2023-07-17 03:45:00,2023-07-19 03:45:00,BUY_PE,45449.75,45669.30078125,45400,115.68,5.42,30,-3407.78,Max Pain Magnet
2023-07-19 03:45:00,2023-07-20 03:45:00,BUY_CE,45669.30078125,46186.8984375,45700,57.84,471.49,30,12309.39,Max Pain Magnet
2023-07-20 03:45:00,2023-07-25 03:45:00,BUY_PE,46186.8984375,45845.0,46200,243.87,342.94,30,2872.02,Max Pain Magnet
2023-07-25 03:45:00,2023-07-26 03:45:00,BUY_CE,45845.0,46062.3515625,45800,135.93,260.11,30,3625.46,Max Pain Magnet
2023-07-27 03:45:00,2023-07-28 03:45:00,BUY_CE,45679.30078125,45468.1015625,45700,280.99,158.39,30,-3778.05,Max Pain Magnet
2023-07-31 03:45:00,2023-08-01 03:45:00,BUY_CE,45651.1015625,45592.5,45700,128.04,61.37,30,-2099.97,Max Pain Magnet
2023-08-01 03:45:00,2023-08-02 03:45:00,BUY_CE,45592.5,44995.69921875,45600,101.44,0.12,30,-3139.52,Max Pain Magnet
2023-08-07 03:45:00,2023-08-09 03:45:00,BUY_CE,44837.5,44880.69921875,44800,193.28,122.81,30,-2214.25,Max Pain Magnet
2023-08-11 03:45:00,2023-08-16 03:45:00,BUY_PE,44199.1015625,43946.3984375,44200,252.04,246.03,30,-280.18,Max Pain Magnet
2023-08-18 03:45:00,2023-08-23 03:45:00,BUY_CE,43851.05078125,44479.05078125,43900,191.02,559.66,30,10959.2,Max Pain Magnet
2023-08-25 03:45:00,2023-08-28 03:45:00,BUY_PE,44231.44921875,44494.6484375,44200,188.61,43.32,30,-4458.59,Max Pain Magnet
2023-08-30 03:45:00,2023-08-31 03:45:00,BUY_PE,44232.6015625,43989.1484375,44200,55.44,205.04,30,4387.99,Max Pain Magnet
2023-09-01 03:45:00,2023-09-04 03:45:00,BUY_PE,44436.1015625,44578.30078125,44400,174.65,55.31,30,-3680.09,Max Pain Magnet
2023-09-04 03:45:00,2023-09-05 03:45:00,BUY_CE,44578.30078125,44532.1484375,44600,123.78,64.4,30,-1881.46,Max Pain Magnet
2023-09-06 03:45:00,2023-09-07 03:45:00,BUY_PE,44409.1015625,44878.3515625,44400,56.43,0.23,30,-1785.89,Max Pain Magnet
2023-09-08 03:45:00,2023-09-11 03:45:00,BUY_PE,45156.3984375,45570.69921875,45200,219.47,24.98,30,-5934.73,Max Pain Magnet
2023-09-11 03:45:00,2023-09-12 03:45:00,BUY_CE,45570.69921875,45511.3515625,45600,131.02,63.46,30,-2126.71,Max Pain Magnet
2023-09-15 03:45:00,2023-09-20 03:45:00,BUY_PE,46231.5,45384.6015625,46200,184.82,778.83,30,17720.43,Max Pain Magnet
2023-09-20 03:45:00,2023-09-21 03:45:00,BUY_PE,45384.6015625,44623.8515625,45400,88.49,741.23,30,19482.27,Max Pain Magnet
2023-09-21 03:45:00,2023-09-26 03:45:00,BUY_CE,44623.8515625,44624.19921875,44600,351.07,130.4,30,-6720.25,Max Pain Magnet
2023-09-26 03:45:00,2023-09-27 03:45:00,BUY_CE,44624.19921875,44588.30078125,44600,142.06,85.68,30,-1791.45,Max Pain Magnet
2023-09-27 03:45:00,2023-09-28 03:45:00,BUY_CE,44588.30078125,44300.94921875,44600,84.82,10.98,30,-2315.15,Max Pain Magnet
2023-09-28 03:45:00,2023-09-29 03:45:00,BUY_PE,44300.94921875,44584.55078125,44300,282.33,153.85,30,-3954.27,Max Pain Magnet
2023-09-29 03:45:00,2023-10-03 03:45:00,BUY_CE,44584.55078125,44399.05078125,44600,293.54,50.98,30,-7376.67,Max Pain Magnet
2023-10-03 03:45:00,2023-10-04 03:45:00,BUY_PE,44399.05078125,43964.05078125,44400,117.19,416.19,30,8869.88,Max Pain Magnet
2023-10-05 03:45:00,2023-10-10 03:45:00,BUY_PE,44213.3515625,44360.1484375,44200,281.77,67.19,30,-6537.37,Max Pain Magnet
2023-10-10 03:45:00,2023-10-11 03:45:00,BUY_PE,44360.1484375,44516.8984375,44400,148.35,44.21,30,-3224.15,Max Pain Magnet
2023-10-12 03:45:00,2023-10-13 03:45:00,BUY_CE,44599.19921875,44287.94921875,44600,337.6,166.6,30,-5229.9,Max Pain Magnet
2023-10-13 03:45:00,2023-10-17 03:45:00,BUY_PE,44287.94921875,44409.5,44300,261.38,74.32,30,-5711.91,Max Pain Magnet
2023-10-17 03:45:00,2023-10-18 03:45:00,BUY_PE,44409.5,43888.69921875,44400,113.16,487.62,30,11133.76,Max Pain Magnet
2023-10-19 03:45:00,2023-10-23 03:45:00,BUY_CE,43754.5,43151.19921875,43800,288.72,10.55,30,-8445.24,Max Pain Magnet
2023-10-23 03:45:00,2023-10-25 03:45:00,BUY_PE,43151.19921875,42832.0,43200,172.4,351.18,30,5263.46,Max Pain Magnet
2023-10-25 03:45:00,2023-10-26 03:45:00,BUY_CE,42832.0,42280.1484375,42800,96.2,0.54,30,-2969.81,Max Pain Magnet
2023-10-26 03:45:00,2023-10-27 03:45:00,BUY_PE,42280.1484375,42782.0,42300,267.38,102.15,30,-5056.77,Max Pain Magnet
2023-10-27 03:45:00,2023-10-31 03:45:00,BUY_CE,42782.0,42845.94921875,42800,294.29,142.55,30,-4652.3,Max Pain Magnet
2023-10-31 03:45:00,2023-11-01 03:45:00,BUY_CE,42845.94921875,42700.94921875,42800,154.7,51.23,30,-3204.11,Max Pain Magnet
2023-11-01 03:45:00,2023-11-02 03:45:00,BUY_CE,42700.94921875,43017.19921875,42700,91.2,314.08,30,6586.41,Max Pain Magnet
2023-11-03 03:45:00,2023-11-06 03:45:00,BUY_PE,43318.25,43619.3984375,43300,260.88,69.38,30,-5844.96,Max Pain Magnet
2023-11-06 03:45:00,2023-11-08 03:45:00,BUY_CE,43619.3984375,43658.6484375,43600,205.11,110.94,30,-2925.0,Max Pain Magnet
2023-11-08 03:45:00,2023-11-09 03:45:00,BUY_CE,43658.6484375,43683.6015625,43700,67.38,70.82,30,3.25,Max Pain Magnet
2023-11-09 03:45:00,2023-11-15 03:45:00,BUY_CE,43683.6015625,44201.69921875,43700,306.48,485.79,30,5279.2,Max Pain Magnet
2023-11-15 03:45:00,2023-11-16 03:45:00,BUY_PE,44201.69921875,44161.55078125,44200,83.38,95.52,30,264.28,Max Pain Magnet
2023-11-16 03:45:00,2023-11-17 03:45:00,BUY_PE,44161.55078125,43583.94921875,44200,291.15,617.54,30,9691.61,Max Pain Magnet
2023-11-17 03:45:00,2023-11-20 03:45:00,BUY_CE,43583.94921875,43584.94921875,43600,282.22,155.81,30,-3892.33,Max Pain Magnet
2023-11-20 03:45:00,2023-11-22 03:45:00,BUY_CE,43584.94921875,43449.6015625,43600,170.83,28.31,30,-4375.57,Max Pain Magnet
2023-11-23 03:45:00,2023-11-28 03:45:00,BUY_CE,43577.5,43880.94921875,43600,276.66,284.18,30,125.53,Max Pain Magnet
2023-11-29 03:45:00,2023-11-30 03:45:00,BUY_CE,44566.44921875,44481.75,44600,58.06,29.22,30,-965.35,Max Pain Magnet
2023-12-01 03:45:00,2023-12-04 03:45:00,BUY_CE,44814.19921875,46431.3984375,44800,251.59,1581.66,30,39802.22,Max Pain Magnet
2023-12-04 03:45:00,2023-12-05 03:45:00,BUY_PE,46431.3984375,47012.25,46400,211.97,16.38,30,-5967.7,Max Pain Magnet
2023-12-06 03:45:00,2023-12-07 03:45:00,BUY_CE,46834.55078125,46841.3984375,46800,142.8,135.26,30,-326.19,Max Pain Magnet
2023-12-07 03:45:00,2023-12-12 03:45:00,BUY_CE,46841.3984375,47097.55078125,46800,472.57,349.16,30,-3802.33,Max Pain Magnet
2023-12-20 03:45:00,2023-12-21 03:45:00,BUY_PE,47445.30078125,47840.1484375,47400,105.26,13.37,30,-2856.64,Max Pain Magnet
2023-12-26 03:45:00,2023-12-27 03:45:00,BUY_CE,47724.8515625,48282.19921875,47700,202.53,566.86,30,10829.82,Max Pain Magnet
2023-12-27 03:45:00,2023-12-28 03:45:00,BUY_PE,48282.19921875,48508.55078125,48300,141.07,53.8,30,-2717.95,Max Pain Magnet
2023-12-29 03:45:00,2024-01-03 03:45:00,BUY_PE,48292.25,47704.94921875,48300,398.08,567.46,30,4981.49,Max Pain Magnet
2024-01-03 03:45:00,2024-01-04 03:45:00,BUY_CE,47704.94921875,48195.8515625,47700,100.22,481.05,30,11324.83,Max Pain Magnet
2024-01-04 03:45:00,2024-01-08 03:45:00,BUY_PE,48195.8515625,47450.25,48200,304.06,717.82,30,12312.65,Max Pain Magnet
2024-01-08 03:45:00,2024-01-10 03:45:00,BUY_PE,47450.25,47360.8515625,47500,223.05,171.02,30,-1660.91,Max Pain Magnet
2024-01-10 03:45:00,2024-01-11 03:45:00,BUY_PE,47360.8515625,47438.3515625,47400,119.35,81.79,30,-1226.84,Max Pain Magnet
2024-01-12 03:45:00,2024-01-15 03:45:00,BUY_CE,47709.80078125,48158.30078125,47700,348.77,492.73,30,4218.81,Max Pain Magnet
2024-01-15 03:45:00,2024-01-17 03:45:00,BUY_PE,48158.30078125,46064.44921875,48200,210.29,2046.01,30,54971.56,Max Pain Magnet
2024-01-18 03:45:00,2024-01-23 03:45:00,BUY_CE,45713.55078125,45015.05078125,45700,555.75,29.47,30,-15888.38,Max Pain Magnet
2024-01-29 03:45:00,2024-01-31 03:45:00,BUY_PE,45442.3515625,45996.80078125,45400,271.3,12.68,30,-7858.7,Max Pain Magnet
2024-02-01 03:45:00,2024-02-06 03:45:00,BUY_PE,46188.6484375,45690.80078125,46200,524.69,523.76,30,-128.05,Max Pain Magnet
2024-02-06 03:45:00,2024-02-07 03:45:00,BUY_CE,45690.80078125,45818.5,45700,213.6,201.91,30,-450.61,Max Pain Magnet
2024-02-07 03:45:00,2024-02-08 03:45:00,BUY_CE,45818.5,45012.0,45800,159.75,3.81,30,-4778.16,Max Pain Magnet
2024-02-16 03:45:00,2024-02-20 03:45:00,BUY_PE,46384.8515625,47094.19921875,46400,375.78,14.31,30,-10944.15,Max Pain Magnet
2024-02-23 03:45:00,2024-02-26 03:45:00,BUY_CE,46811.75,46576.5,46800,406.96,155.3,30,-7649.68,Max Pain Magnet
2024-02-26 03:45:00,2024-02-27 03:45:00,BUY_CE,46576.5,46588.05078125,46600,235.85,146.96,30,-2766.71,Max Pain Magnet
2024-02-27 03:45:00,2024-02-28 03:45:00,BUY_CE,46588.05078125,45963.1484375,46600,161.24,2.77,30,-4854.21,Max Pain Magnet
2024-03-04 03:45:00,2024-03-05 03:45:00,BUY_PE,47456.1015625,47581.0,47500,287.83,154.69,30,-4094.29,Max Pain Magnet
2024-03-05 03:45:00,2024-03-06 03:45:00,BUY_CE,47581.0,47965.3984375,47600,188.06,375.22,30,5514.71,Max Pain Magnet
2024-03-11 03:45:00,2024-03-13 03:45:00,BUY_PE,47327.8515625,46981.30078125,47300,237.02,318.25,30,2336.83,Max Pain Magnet
2024-03-14 03:45:00,2024-03-18 03:45:00,BUY_CE,46789.94921875,46575.8984375,46800,401.53,130.85,30,-8220.32,Max Pain Magnet
2024-03-18 03:45:00,2024-03-19 03:45:00,BUY_CE,46575.8984375,46384.80078125,46600,210.07,73.3,30,-4203.0,Max Pain Magnet
2024-03-19 03:45:00,2024-03-20 03:45:00,BUY_PE,46384.80078125,46310.8984375,46400,154.44,135.07,30,-681.0,Max Pain Magnet
2024-03-20 03:45:00,2024-03-21 03:45:00,BUY_PE,46310.8984375,46684.8984375,46300,89.46,7.87,30,-2547.67,Max Pain Magnet
2024-03-26 03:45:00,2024-03-27 03:45:00,BUY_CE,46600.19921875,46785.94921875,46600,148.61,211.3,30,1780.8,Max Pain Magnet
2024-03-27 03:45:00,2024-03-28 03:45:00,BUY_CE,46785.94921875,47124.6015625,46800,97.22,325.96,30,6762.07,Max Pain Magnet
2024-04-01 03:45:00,2024-04-02 03:45:00,BUY_CE,47578.25,47545.44921875,47600,196.95,121.16,30,-2373.8,Max Pain Magnet
2024-04-02 03:45:00,2024-04-03 03:45:00,BUY_CE,47545.44921875,47624.25,47500,169.49,143.85,30,-869.24,Max Pain Magnet
2024-04-03 03:45:00,2024-04-04 03:45:00,BUY_CE,47624.25,48060.80078125,47600,85.62,446.68,30,10731.68,Max Pain Magnet
2024-04-08 03:45:00,2024-04-10 03:45:00,BUY_CE,48581.69921875,48986.6015625,48600,152.63,375.72,30,6592.6,Max Pain Magnet
2024-04-12 03:45:00,2024-04-15 03:45:00,BUY_CE,48564.55078125,47773.25,48600,238.71,7.01,30,-7050.91,Max Pain Magnet
2024-04-15 03:45:00,2024-04-16 03:45:00,BUY_CE,47773.25,47484.80078125,47800,168.69,29.22,30,-4284.23,Max Pain Magnet
2024-04-19 03:45:00,2024-04-24 03:45:00,BUY_CE,47574.1484375,48189.0,47600,309.29,569.78,30,7714.71,Max Pain Magnet
2024-04-24 03:45:00,2024-04-25 03:45:00,BUY_PE,48189.0,48494.94921875,48200,98.13,13.97,30,-2624.75,Max Pain Magnet
2024-04-26 03:45:00,2024-04-29 03:45:00,BUY_PE,48201.05078125,49424.05078125,48200,281.53,5.34,30,-8385.62,Max Pain Magnet
2024-04-29 03:45:00,2024-05-02 03:45:00,BUY_PE,49424.05078125,49231.05078125,49400,220.53,205.01,30,-565.51,Max Pain Magnet
2024-05-02 03:45:00,2024-05-07 03:45:00,BUY_PE,49231.05078125,48285.3515625,49200,369.4,871.74,30,14970.06,Max Pain Magnet
2024-05-07 03:45:00,2024-05-08 03:45:00,BUY_PE,48285.3515625,48021.1015625,48300,176.17,288.29,30,3263.65,Max Pain Magnet
2024-05-10 03:45:00,2024-05-13 03:45:00,BUY_PE,47421.1015625,47754.1015625,47400,352.25,108.7,30,-7406.47,Max Pain Magnet
2024-05-13 03:45:00,2024-05-15 03:45:00,BUY_CE,47754.1015625,47687.44921875,47800,231.9,68.48,30,-5002.47,Max Pain Magnet
2024-05-15 03:45:00,2024-05-16 03:45:00,BUY_CE,47687.44921875,47977.05078125,47700,107.82,289.28,30,5343.7,Max Pain Magnet
2024-05-22 03:45:00,2024-05-23 03:45:00,BUY_CE,47781.94921875,48768.6015625,47800,97.15,933.97,30,25004.58,Max Pain Magnet
2024-05-23 03:45:00,2024-05-28 03:45:00,BUY_CE,48768.6015625,49142.1484375,48800,433.39,379.17,30,-1726.74,Max Pain Magnet
2024-05-30 03:45:00,2024-06-03 03:45:00,BUY_CE,48682.3515625,50979.94921875,48700,373.77,2205.65,30,54856.51,Max Pain Magnet
2024-06-10 03:45:00,2024-06-12 03:45:00,BUY_CE,49780.8984375,49895.1015625,49800,653.17,348.68,30,-9234.71,Max Pain Magnet
2024-06-18 03:45:00,2024-06-19 03:45:00,BUY_PE,50440.8984375,51398.05078125,50400,443.7,55.39,30,-11749.36,Max Pain Magnet
2024-06-19 03:45:00,2024-06-20 03:45:00,BUY_PE,51398.05078125,51783.25,51400,339.72,189.4,30,-4609.67,Max Pain Magnet
2024-06-24 03:45:00,2024-06-25 03:45:00,BUY_CE,51703.94921875,52606.0,51700,687.48,1014.69,30,9716.37,Max Pain Magnet
2024-06-25 03:45:00,2024-06-26 03:45:00,BUY_CE,52606.0,52870.5,52600,498.48,466.23,30,-1067.43,Max Pain Magnet
2024-07-02 03:45:00,2024-07-03 03:45:00,BUY_PE,52168.1015625,53089.25,52200,466.06,3.32,30,-13982.3,Max Pain Magnet
2024-07-05 03:45:00,2024-07-08 03:45:00,BUY_CE,52660.3515625,52425.80078125,52700,370.47,131.02,30,-7283.5,Max Pain Magnet
2024-07-08 03:45:00,2024-07-09 03:45:00,BUY_PE,52425.80078125,52568.80078125,52400,209.36,92.67,30,-3600.68,Max Pain Magnet
2024-07-09 03:45:00,2024-07-10 03:45:00,BUY_CE,52568.80078125,52189.30078125,52600,152.53,13.61,30,-4267.46,Max Pain Magnet
2024-07-10 03:45:00,2024-07-11 03:45:00,BUY_PE,52189.30078125,52270.6484375,52200,121.18,86.44,30,-1142.21,Max Pain Magnet
2024-07-11 03:45:00,2024-07-15 03:45:00,BUY_PE,52270.6484375,52455.8984375,52300,396.4,163.86,30,-7076.22,Max Pain Magnet
2024-07-15 03:45:00,2024-07-18 03:45:00,BUY_PE,52455.8984375,52620.69921875,52500,249.8,54.79,30,-5950.38,Max Pain Magnet
2024-07-18 03:45:00,2024-07-19 03:45:00,BUY_CE,52620.69921875,52265.6015625,52600,397.6,210.53,30,-5711.98,Max Pain Magnet
2024-07-19 03:45:00,2024-07-22 03:45:00,BUY_PE,52265.6015625,52280.3984375,52300,320.79,208.07,30,-3481.64,Max Pain Magnet
2024-07-22 03:45:00,2024-07-23 03:45:00,BUY_PE,52280.3984375,51778.30078125,52300,206.44,504.16,30,8831.62,Max Pain Magnet
2024-07-23 03:45:00,2024-07-24 03:45:00,BUY_CE,51778.30078125,51317.0,51800,145.0,2.36,30,-4379.13,Max Pain Magnet
2024-07-24 03:45:00,2024-07-25 03:45:00,BUY_PE,51317.0,50888.75,51300,82.88,393.19,30,9209.27,Max Pain Magnet
2024-07-26 03:45:00,2024-07-29 03:45:00,BUY_PE,51295.94921875,51406.25,51300,290.3,139.29,30,-4630.22,Max Pain Magnet
2024-07-29 03:45:00,2024-07-30 03:45:00,BUY_PE,51406.25,51499.30078125,51400,179.83,89.54,30,-2808.84,Max Pain Magnet
2024-07-30 03:45:00,2024-07-31 03:45:00,BUY_PE,51499.30078125,51553.3984375,51500,130.13,68.15,30,-1959.55,Max Pain Magnet
2024-07-31 03:45:00,2024-08-01 03:45:00,BUY_CE,51553.3984375,51564.0,51600,73.2,51.27,30,-757.89,Max Pain Magnet
2024-08-01 03:45:00,2024-08-02 03:45:00,BUY_CE,51564.0,51350.1484375,51600,257.35,143.55,30,-3513.87,Max Pain Magnet
2024-08-02 03:45:00,2024-08-05 03:45:00,BUY_PE,51350.1484375,50092.1015625,51400,228.01,1238.41,30,30212.03,Max Pain Magnet
2024-08-06 03:45:00,2024-08-07 03:45:00,BUY_CE,49748.30078125,50119.0,49700,167.81,410.11,30,7168.93,Max Pain Magnet
2024-08-08 03:45:00,2024-08-09 03:45:00,BUY_PE,50156.69921875,50484.5,50200,343.32,196.28,30,-4511.13,Max Pain Magnet
2024-08-09 03:45:00,2024-08-12 03:45:00,BUY_PE,50484.5,50577.94921875,50500,314.37,167.93,30,-4493.19,Max Pain Magnet
2024-08-12 03:45:00,2024-08-13 03:45:00,BUY_CE,50577.94921875,49831.8515625,50600,207.31,4.86,30,-6173.57,Max Pain Magnet
2024-08-13 03:45:00,2024-08-14 03:45:00,BUY_CE,49831.8515625,49727.30078125,49800,175.36,80.01,30,-2960.55,Max Pain Magnet
2024-08-14 03:45:00,2024-08-16 03:45:00,BUY_CE,49727.30078125,50516.8984375,49700,125.29,788.65,30,19800.91,Max Pain Magnet
2024-08-16 03:45:00,2024-08-19 03:45:00,BUY_CE,50516.8984375,50368.3515625,50500,418.34,193.7,30,-6839.24,Max Pain Magnet
2024-08-19 03:45:00,2024-08-20 03:45:00,BUY_PE,50368.3515625,50803.1484375,50400,249.12,46.66,30,-6173.85,Max Pain Magnet
2024-08-20 03:45:00,2024-08-21 03:45:00,BUY_CE,50803.1484375,50685.55078125,50800,184.55,78.54,30,-3280.24,Max Pain Magnet
2024-08-21 03:45:00,2024-08-22 03:45:00,BUY_CE,50685.55078125,50985.69921875,50700,118.23,302.17,30,5418.24,Max Pain Magnet
2024-08-27 03:45:00,2024-08-28 03:45:00,BUY_PE,51278.75,51143.8515625,51300,174.37,196.36,30,559.67,Max Pain Magnet
2024-08-30 03:45:00,2024-09-02 03:45:00,BUY_PE,51351.0,51439.55078125,51400,380.59,213.96,30,-5098.99,Max Pain Magnet
2024-09-02 03:45:00,2024-09-03 03:45:00,BUY_PE,51439.55078125,51689.1015625,51400,210.99,31.36,30,-5488.76,Max Pain Magnet
2024-09-03 03:45:00,2024-09-04 03:45:00,BUY_CE,51689.1015625,51400.25,51700,124.56,10.36,30,-3525.97,Max Pain Magnet
2024-09-04 03:45:00,2024-09-05 03:45:00,BUY_PE,51400.25,51473.05078125,51400,84.62,53.52,30,-1032.93,Max Pain Magnet
2024-09-05 03:45:00,2024-09-06 03:45:00,BUY_PE,51473.05078125,50576.8515625,51500,280.76,889.37,30,18158.44,Max Pain Magnet
2024-09-06 03:45:00,2024-09-09 03:45:00,BUY_CE,50576.8515625,51117.80078125,50600,332.1,549.5,30,6421.95,Max Pain Magnet
2024-09-10 03:45:00,2024-09-11 03:45:00,BUY_PE,51272.30078125,51010.0,51300,159.87,284.96,30,3652.6,Max Pain Magnet
2024-09-12 03:45:00,2024-09-17 03:45:00,BUY_CE,51772.3984375,52188.6484375,51800,377.37,395.87,30,454.96,Max Pain Magnet
2024-09-17 03:45:00,2024-09-18 03:45:00,BUY_PE,52188.6484375,52750.3984375,52200,131.41,1.23,30,-4005.45,Max Pain Magnet
2024-09-18 03:45:00,2024-09-19 03:45:00,BUY_CE,52750.3984375,53037.6015625,52800,76.1,249.41,30,5099.34,Max Pain Magnet
2024-09-20 03:45:00,2024-09-25 03:45:00,BUY_CE,53793.19921875,54101.6484375,53800,354.45,307.45,30,-1510.12,Max Pain Magnet
2024-09-26 03:45:00,2024-09-27 03:45:00,BUY_PE,54375.3515625,53834.30078125,54400,353.38,635.91,30,8375.75,Max Pain Magnet
2024-09-27 03:45:00,2024-09-30 03:45:00,BUY_CE,53834.30078125,52978.1015625,53800,402.25,36.41,30,-11075.33,Max Pain Magnet
2024-10-04 03:45:00,2024-10-07 03:45:00,BUY_PE,51462.05078125,50478.8984375,51500,441.21,982.26,30,16131.4,Max Pain Magnet
2024-10-07 03:45:00,2024-10-08 03:45:00,BUY_PE,50478.8984375,51021.0,50500,282.19,41.29,30,-7327.0,Max Pain Magnet
2024-10-11 03:45:00,2024-10-14 03:45:00,BUY_PE,51172.30078125,51816.8984375,51200,428.65,82.82,30,-10474.91,Max Pain Magnet
2024-10-14 03:45:00,2024-10-16 03:45:00,BUY_CE,51816.8984375,51801.05078125,51800,309.17,149.01,30,-4904.79,Max Pain Magnet
2024-10-16 03:45:00,2024-10-17 03:45:00,BUY_CE,51801.05078125,51288.80078125,51800,147.96,14.72,30,-4097.29,Max Pain Magnet
2024-10-17 03:45:00,2024-10-18 03:45:00,BUY_PE,51288.80078125,52094.19921875,51300,469.63,182.13,30,-8724.95,Max Pain Magnet
2024-10-22 03:45:00,2024-10-23 03:45:00,BUY_PE,51257.1484375,51239.0,51300,221.12,160.45,30,-1920.24,Max Pain Magnet
2024-10-23 03:45:00,2024-10-24 03:45:00,BUY_PE,51239.0,51531.1484375,51200,123.41,38.89,30,-2635.52,Max Pain Magnet
2024-10-25 03:45:00,2024-10-29 03:45:00,BUY_CE,50787.44921875,52320.69921875,50800,480.61,1468.93,30,29549.6,Max Pain Magnet
2024-10-29 03:45:00,2024-10-30 03:45:00,BUY_PE,52320.69921875,51807.5,52300,216.69,487.91,30,8036.61,Max Pain Magnet
2024-10-30 03:45:00,2024-10-31 03:45:00,BUY_CE,51807.5,51475.3515625,51800,170.72,46.47,30,-3827.45,Max Pain Magnet
2024-11-01 03:45:00,2024-11-04 03:45:00,BUY_CE,51673.8984375,51215.25,51700,488.17,113.17,30,-11350.02,Max Pain Magnet
2024-11-04 03:45:00,2024-11-05 03:45:00,BUY_PE,51215.25,52207.25,51200,262.31,7.03,30,-7758.4,Max Pain Magnet
2024-11-05 03:45:00,2024-11-06 03:45:00,BUY_PE,52207.25,52317.3984375,52200,204.76,100.44,30,-3229.56,Max Pain Magnet
2024-11-06 03:45:00,2024-11-07 03:45:00,BUY_PE,52317.3984375,51916.5,52300,140.06,388.95,30,7366.84,Max Pain Magnet
2024-11-12 03:45:00,2024-11-13 03:45:00,BUY_PE,51157.80078125,50088.3515625,51200,227.89,1063.0,30,24953.4,Max Pain Magnet
2024-11-14 03:45:00,2024-11-18 03:45:00,BUY_PE,50179.55078125,50363.80078125,50200,526.71,220.9,30,-9274.41,Max Pain Magnet
2024-11-18 03:45:00,2024-11-19 03:45:00,BUY_PE,50363.80078125,50626.5,50400,307.5,120.8,30,-5700.96,Max Pain Magnet
2024-11-19 03:45:00,2024-11-21 03:45:00,BUY_CE,50626.5,50372.8984375,50600,232.14,64.52,30,-5128.59,Max Pain Magnet
2024-11-21 03:45:00,2024-11-22 03:45:00,BUY_PE,50372.8984375,51135.3984375,50400,491.96,206.74,30,-8656.61,Max Pain Magnet
2024-11-25 03:45:00,2024-11-26 03:45:00,BUY_PE,52207.5,52191.5,52200,330.14,211.21,30,-3667.94,Max Pain Magnet
2024-11-26 03:45:00,2024-11-27 03:45:00,BUY_PE,52191.5,52301.80078125,52200,231.61,117.44,30,-3525.04,Max Pain Magnet
2024-11-27 03:45:00,2024-11-28 03:45:00,BUY_PE,52301.80078125,51906.8515625,52300,159.13,397.18,30,7041.48,Max Pain Magnet
2024-12-03 03:45:00,2024-12-04 03:45:00,BUY_CE,52695.75,53266.8984375,52700,215.72,556.89,30,10135.19,Max Pain Magnet
2024-12-04 03:45:00,2024-12-05 03:45:00,BUY_PE,53266.8984375,53603.55078125,53300,166.24,40.89,30,-3860.43,Max Pain Magnet
2024-12-05 03:45:00,2024-12-09 03:45:00,BUY_CE,53603.55078125,53407.75,53600,522.2,205.25,30,-9608.49,Max Pain Magnet
2024-12-09 03:45:00,2024-12-10 03:45:00,BUY_PE,53407.75,53577.69921875,53400,264.64,117.58,30,-4511.91,Max Pain Magnet
2024-12-10 03:45:00,2024-12-11 03:45:00,BUY_CE,53577.69921875,53391.3515625,53600,186.87,61.44,30,-3862.91,Max Pain Magnet
2024-12-11 03:45:00,2024-12-12 03:45:00,BUY_PE,53391.3515625,53216.44921875,53400,138.35,221.37,30,2390.74,Max Pain Magnet
2024-12-12 03:45:00,2024-12-13 03:45:00,BUY_PE,53216.44921875,53583.80078125,53200,403.49,156.54,30,-7508.49,Max Pain Magnet
2024-12-13 03:45:00,2024-12-16 03:45:00,BUY_CE,53583.80078125,53581.3515625,53600,336.71,205.71,30,-4030.06,Max Pain Magnet
2024-12-16 03:45:00,2024-12-17 03:45:00,BUY_CE,53581.3515625,52834.80078125,53600,204.09,6.52,30,-6026.99,Max Pain Magnet
2024-12-17 03:45:00,2024-12-18 03:45:00,BUY_CE,52834.80078125,52139.55078125,52800,185.06,2.53,30,-5575.75,Max Pain Magnet
2024-12-20 03:45:00,2024-12-26 03:45:00,BUY_CE,50759.19921875,51170.69921875,50800,400.79,369.74,30,-1031.62,Max Pain Magnet
2024-12-26 03:45:00,2024-12-31 03:45:00,BUY_PE,51170.69921875,50860.19921875,51200,379.56,355.72,30,-815.3,Max Pain Magnet
2025-01-02 03:45:00,2025-01-03 03:45:00,BUY_CE,51605.55078125,50988.80078125,51600,438.77,157.48,30,-8538.64,Max Pain Magnet
2025-01-07 03:45:00,2025-01-08 03:45:00,BUY_PE,50202.1484375,49835.05078125,50200,172.51,362.15,30,5589.21,Max Pain Magnet
2025-01-08 03:45:00,2025-01-09 03:45:00,BUY_CE,49835.05078125,49503.5,49800,146.18,31.47,30,-3541.41,Max Pain Magnet
2025-01-10 03:45:00,2025-01-13 03:45:00,BUY_CE,48734.1484375,48041.25,48700,438.2,59.22,30,-11469.54,Max Pain Magnet
2025-01-14 03:45:00,2025-01-15 03:45:00,BUY_CE,48729.1484375,48751.69921875,48700,213.02,153.72,30,-1878.99,Max Pain Magnet
2025-01-15 03:45:00,2025-01-16 03:45:00,BUY_CE,48751.69921875,49278.69921875,48800,116.33,474.88,30,10656.42,Max Pain Magnet
2025-01-16 03:45:00,2025-01-17 03:45:00,BUY_PE,49278.69921875,48540.6015625,49300,478.43,843.22,30,10843.83,Max Pain Magnet
2025-01-20 03:45:00,2025-01-21 03:45:00,BUY_PE,49350.80078125,48570.8984375,49400,324.05,799.12,30,14152.13,Max Pain Magnet
2025-01-21 03:45:00,2025-01-22 03:45:00,BUY_CE,48570.8984375,48724.3984375,48600,204.21,205.08,30,-73.81,Max Pain Magnet
2025-01-22 03:45:00,2025-01-23 03:45:00,BUY_CE,48724.3984375,48589.0,48700,162.28,102.8,30,-1884.48,Max Pain Magnet
2025-01-24 03:45:00,2025-01-28 03:45:00,BUY_PE,48367.80078125,48866.8515625,48400,457.58,65.81,30,-11853.2,Max Pain Magnet
2025-01-29 03:45:00,2025-01-30 03:45:00,BUY_PE,49165.94921875,49311.94921875,49200,175.88,105.26,30,-2218.47,Max Pain Magnet
2025-01-30 03:45:00,2025-02-03 03:45:00,BUY_PE,49311.94921875,49210.55078125,49300,500.34,292.38,30,-6338.85,Max Pain Magnet
2025-02-03 03:45:00,2025-02-04 03:45:00,BUY_PE,49210.55078125,50157.94921875,49200,267.03,9.98,30,-7811.57,Max Pain Magnet
2025-02-04 03:45:00,2025-02-05 03:45:00,BUY_PE,50157.94921875,50343.05078125,50200,235.17,93.81,30,-4340.93,Max Pain Magnet
2025-02-05 03:45:00,2025-02-06 03:45:00,BUY_PE,50343.05078125,50382.1015625,50300,130.73,114.89,30,-575.17,Max Pain Magnet
2025-02-06 03:45:00,2025-02-11 03:45:00,BUY_PE,50382.1015625,49403.3984375,50400,507.83,950.34,30,13175.41,Max Pain Magnet
2025-02-11 03:45:00,2025-02-12 03:45:00,BUY_PE,49403.3984375,49479.44921875,49400,181.99,97.73,30,-2627.93,Max Pain Magnet
2025-02-12 03:45:00,2025-02-13 03:45:00,BUY_PE,49479.44921875,49359.8515625,49500,141.44,194.55,30,1493.33,Max Pain Magnet
2025-02-13 03:45:00,2025-02-17 03:45:00,BUY_PE,49359.8515625,49258.8984375,49400,441.77,267.86,30,-5317.33,Max Pain Magnet
2025-02-17 03:45:00,2025-02-19 03:45:00,BUY_PE,49258.8984375,49570.1015625,49300,234.43,21.91,30,-6475.57,Max Pain Magnet
2025-02-19 03:45:00,2025-02-20 03:45:00,BUY_CE,49570.1015625,49334.55078125,49600,92.29,24.6,30,-2130.63,Max Pain Magnet
2025-02-20 03:45:00,2025-02-21 03:45:00,BUY_PE,49334.55078125,48981.19921875,49300,320.86,455.29,30,3932.79,Max Pain Magnet
2025-02-24 03:45:00,2025-02-25 03:45:00,BUY_CE,48651.94921875,48608.3515625,48700,195.37,96.45,30,-3067.56,Max Pain Magnet
2025-02-25 03:45:00,2025-02-27 03:45:00,BUY_CE,48608.3515625,48743.80078125,48600,139.98,173.06,30,892.45,Max Pain Magnet
2025-02-27 03:45:00,2025-02-28 03:45:00,BUY_CE,48743.80078125,48344.69921875,48700,367.04,171.02,30,-5980.64,Max Pain Magnet
2025-02-28 03:45:00,2025-03-04 03:45:00,BUY_PE,48344.69921875,48245.19921875,48300,251.72,139.43,30,-3468.55,Max Pain Magnet
2025-03-04 03:45:00,2025-03-05 03:45:00,BUY_PE,48245.19921875,48489.94921875,48200,101.88,3.83,30,-3041.47,Max Pain Magnet
2025-03-06 03:45:00,2025-03-10 03:45:00,BUY_CE,48627.69921875,48216.80078125,48600,279.83,28.15,30,-7650.44,Max Pain Magnet
2025-03-10 03:45:00,2025-03-11 03:45:00,BUY_PE,48216.80078125,47853.94921875,48200,120.3,331.63,30,6239.96,Max Pain Magnet
2025-03-11 03:45:00,2025-03-12 03:45:00,BUY_CE,47853.94921875,48056.6484375,47900,80.83,166.39,30,2466.75,Max Pain Magnet
2025-03-17 03:45:00,2025-03-18 03:45:00,BUY_PE,48354.1484375,49314.5,48400,153.54,0.33,30,-4696.17,Max Pain Magnet
2025-03-18 03:45:00,2025-03-19 03:45:00,BUY_PE,49314.5,49702.6015625,49300,119.27,5.25,30,-3520.68,Max Pain Magnet
2025-03-19 03:45:00,2025-03-20 03:45:00,BUY_CE,49702.6015625,50062.8515625,49700,99.03,357.87,30,7665.2,Max Pain Magnet
2025-03-21 03:45:00,2025-03-24 03:45:00,BUY_CE,50593.55078125,51704.94921875,50600,332.96,1082.36,30,22381.94,Max Pain Magnet
2025-03-24 03:45:00,2025-03-25 03:45:00,BUY_CE,51704.94921875,51607.94921875,51700,247.96,126.79,30,-3735.16,Max Pain Magnet
2025-03-25 03:45:00,2025-03-26 03:45:00,BUY_CE,51607.94921875,51209.0,51600,170.74,13.91,30,-4804.99,Max Pain Magnet
2025-03-26 03:45:00,2025-03-27 03:45:00,BUY_PE,51209.0,51575.8515625,51200,107.92,14.6,30,-2899.7,Max Pain Magnet
2025-03-27 03:45:00,2025-04-01 03:45:00,BUY_CE,51575.8515625,50827.5,51600,416.2,8.54,30,-12329.87,Max Pain Magnet
2025-04-01 03:45:00,2025-04-02 03:45:00,BUY_CE,50827.5,51348.05078125,50800,190.83,533.54,30,10181.22,Max Pain Magnet
2025-04-02 03:45:00,2025-04-03 03:45:00,BUY_PE,51348.05078125,51597.3515625,51300,98.08,29.37,30,-2161.16,Max Pain Magnet
2025-04-03 03:45:00,2025-04-07 03:45:00,BUY_CE,51597.3515625,49860.1015625,51600,453.77,6.94,30,-13504.99,Max Pain Magnet
2025-04-08 03:45:00,2025-04-09 03:45:00,BUY_CE,50511.0,50240.1484375,50500,244.6,71.84,30,-5282.74,Max Pain Magnet
2025-04-09 03:45:00,2025-04-11 03:45:00,BUY_PE,50240.1484375,51002.3515625,50200,143.33,5.58,30,-4232.39,Max Pain Magnet
2025-04-15 03:45:00,2025-04-16 03:45:00,BUY_PE,52379.5,53117.75,52400,272.25,16.56,30,-7770.74,Max Pain Magnet
2025-04-21 03:45:00,2025-04-22 03:45:00,BUY_PE,55304.5,55647.19921875,55300,403.55,156.5,30,-7511.39,Max Pain Magnet
2025-04-22 03:45:00,2025-04-23 03:45:00,BUY_CE,55647.19921875,55370.05078125,55600,324.81,122.15,30,-6179.83,Max Pain Magnet
2025-04-23 03:45:00,2025-04-24 03:45:00,BUY_PE,55370.05078125,55201.3984375,55400,223.62,299.74,30,2183.73,Max Pain Magnet
2025-04-25 03:45:00,2025-04-30 03:45:00,BUY_CE,54664.05078125,55087.1484375,54700,653.5,433.62,30,-6696.38,Max Pain Magnet
2025-05-06 03:45:00,2025-05-07 03:45:00,BUY_PE,54271.3984375,54610.8984375,54300,295.22,87.66,30,-6326.77,Max Pain Magnet
2025-05-07 03:45:00,2025-05-08 03:45:00,BUY_CE,54610.8984375,54365.6484375,54600,211.38,113.82,30,-3026.84,Max Pain Magnet
2025-05-09 03:45:00,2025-05-12 03:45:00,BUY_CE,53595.25,55382.8515625,53600,565.98,1739.5,30,35105.62,Max Pain Magnet
2025-05-12 03:45:00,2025-05-14 03:45:00,BUY_PE,55382.8515625,54801.30078125,55400,400.67,593.05,30,5671.44,Max Pain Magnet
2025-05-14 03:45:00,2025-05-15 03:45:00,BUY_CE,54801.30078125,55355.6015625,54800,201.42,558.11,30,10600.77,Max Pain Magnet
2025-05-15 03:45:00,2025-05-19 03:45:00,BUY_PE,55355.6015625,55420.69921875,55400,633.5,318.03,30,-9564.09,Max Pain Magnet
2025-05-19 03:45:00,2025-05-20 03:45:00,BUY_PE,55420.69921875,54877.3515625,55400,314.58,538.06,30,6604.46,Max Pain Magnet
2025-05-23 03:45:00,2025-05-26 03:45:00,BUY_PE,55398.25,55572.0,55400,481.24,231.4,30,-7595.2,Max Pain Magnet
2025-05-26 03:45:00,2025-05-27 03:45:00,BUY_CE,55572.0,55352.80078125,55600,308.89,118.71,30,-5805.52,Max Pain Magnet
2025-05-27 03:45:00,2025-05-28 03:45:00,BUY_PE,55352.80078125,55417.0,55400,230.67,140.57,30,-2802.95,Max Pain Magnet
2025-05-28 03:45:00,2025-05-29 03:45:00,BUY_PE,55417.0,55546.05078125,55400,138.96,88.46,30,-1615.02,Max Pain Magnet
2025-05-29 03:45:00,2025-06-03 03:45:00,BUY_CE,55546.05078125,55599.94921875,55500,569.78,242.84,30,-9908.23,Max Pain Magnet
2025-06-03 03:45:00,2025-06-04 03:45:00,BUY_CE,55599.94921875,55676.8515625,55600,208.4,173.31,30,-1152.75,Max Pain Magnet
2025-06-04 03:45:00,2025-06-05 03:45:00,BUY_CE,55676.8515625,55760.8515625,55700,134.09,163.35,30,777.93,Max Pain Magnet
2025-06-05 03:45:00,2025-06-06 03:45:00,BUY_CE,55760.8515625,56578.3984375,55800,501.67,916.23,30,12336.93,Max Pain Magnet
2025-06-06 03:45:00,2025-06-10 03:45:00,BUY_CE,56578.3984375,56629.1015625,56600,455.11,128.73,30,-9891.25,Max Pain Magnet
2025-06-10 03:45:00,2025-06-11 03:45:00,BUY_CE,56629.1015625,56459.75,56600,140.02,35.62,30,-3231.93,Max Pain Magnet
2025-06-11 03:45:00,2025-06-12 03:45:00,BUY_PE,56459.75,56082.55078125,56500,103.29,397.17,30,8716.38,Max Pain Magnet
2025-06-13 03:45:00,2025-06-16 03:45:00,BUY_CE,55527.3515625,55944.8984375,55500,321.36,477.93,30,4596.97,Max Pain Magnet
2025-06-17 03:45:00,2025-06-18 03:45:00,BUY_CE,55714.1484375,55828.75,55700,135.25,159.14,30,616.6,Max Pain Magnet
2025-06-18 03:45:00,2025-06-19 03:45:00,BUY_CE,55828.75,55577.44921875,55800,104.49,20.47,30,-2620.46,Max Pain Magnet
2025-06-19 03:45:00,2025-06-20 03:45:00,BUY_CE,55577.44921875,56252.8515625,55600,321.37,729.38,30,12140.24,Max Pain Magnet
2025-06-20 03:45:00,2025-06-24 03:45:00,BUY_PE,56252.8515625,56461.8984375,56300,293.41,69.07,30,-6830.23,Max Pain Magnet
2025-06-24 03:45:00,2025-06-25 03:45:00,BUY_PE,56461.8984375,56621.1484375,56500,149.6,47.92,30,-3150.49,Max Pain Magnet
2025-06-25 03:45:00,2025-06-26 03:45:00,BUY_CE,56621.1484375,57206.69921875,56600,109.63,587.69,30,14241.82,Max Pain Magnet
2025-06-26 03:45:00,2025-06-27 03:45:00,BUY_PE,57206.69921875,57443.8984375,57200,320.34,204.0,30,-3590.22,Max Pain Magnet
2025-06-27 03:45:00,2025-07-01 03:45:00,BUY_PE,57443.8984375,57459.44921875,57400,278.85,112.15,30,-5100.99,Max Pain Magnet
2025-07-01 03:45:00,2025-07-02 03:45:00,BUY_PE,57459.44921875,56999.19921875,57500,157.77,478.06,30,9508.63,Max Pain Magnet
2025-07-03 03:45:00,2025-07-08 03:45:00,BUY_CE,56791.94921875,57256.30078125,56800,393.79,457.58,30,1813.65,Max Pain Magnet
2025-07-08 03:45:00,2025-07-09 03:45:00,BUY_PE,57256.30078125,57213.55078125,57300,152.09,130.77,30,-739.55,Max Pain Magnet
2025-07-09 03:45:00,2025-07-10 03:45:00,BUY_PE,57213.55078125,56956.0,57200,85.35,244.22,30,4665.98,Max Pain Magnet
2025-07-11 03:45:00,2025-07-14 03:45:00,BUY_CE,56754.69921875,56765.3515625,56800,271.23,142.39,30,-3965.11,Max Pain Magnet
2025-07-14 03:45:00,2025-07-15 03:45:00,BUY_CE,56765.3515625,57006.6484375,56800,156.5,239.74,30,2397.19,Max Pain Magnet
2025-07-17 03:45:00,2025-07-18 03:45:00,BUY_CE,56828.80078125,56283.0,56800,331.92,90.64,30,-7338.44,Max Pain Magnet
2025-07-18 03:45:00,2025-07-21 03:45:00,BUY_PE,56283.0,56952.75,56300,234.89,14.74,30,-6704.56,Max Pain Magnet
2025-07-22 03:45:00,2025-07-23 03:45:00,BUY_CE,56756.0,57210.44921875,56800,106.26,401.02,30,8742.8,Max Pain Magnet
2025-07-23 03:45:00,2025-07-24 03:45:00,BUY_PE,57210.44921875,57066.05078125,57200,83.31,153.84,30,2015.89,Max Pain Magnet
2025-07-25 03:45:00,2025-07-28 03:45:00,BUY_CE,56528.8984375,56084.8984375,56500,317.62,51.78,30,-8075.11,Max Pain Magnet
2025-07-29 03:45:00,2025-07-30 03:45:00,BUY_PE,56222.0,56150.69921875,56200,111.95,101.98,30,-399.17,Max Pain Magnet
2025-08-01 03:45:00,2025-08-04 03:45:00,BUY_CE,55617.6015625,55619.3515625,55600,305.16,175.65,30,-3985.3,Max Pain Magnet
2025-08-04 03:45:00,2025-08-05 03:45:00,BUY_CE,55619.3515625,55360.25,55600,191.49,39.2,30,-4668.76,Max Pain Magnet
2025-08-05 03:45:00,2025-08-06 03:45:00,BUY_PE,55360.25,55411.1484375,55400,132.58,76.37,30,-1786.25,Max Pain Magnet
2025-08-06 03:45:00,2025-08-07 03:45:00,BUY_PE,55411.1484375,55521.1484375,55400,75.41,37.08,30,-1249.84,Max Pain Magnet
2025-08-07 03:45:00,2025-08-08 03:45:00,BUY_CE,55521.1484375,55004.8984375,55500,331.15,114.54,30,-6598.2,Max Pain Magnet
2025-08-11 03:45:00,2025-08-12 03:45:00,BUY_CE,55510.75,55043.69921875,55500,204.62,16.82,30,-5733.91,Max Pain Magnet
2025-08-13 03:45:00,2025-08-14 03:45:00,BUY_PE,55181.44921875,55341.8515625,55200,101.8,41.33,30,-1914.04,Max Pain Magnet
2025-08-14 03:45:00,2025-08-18 03:45:00,BUY_PE,55341.8515625,55734.8984375,55300,281.15,46.89,30,-7127.86,Max Pain Magnet
2025-08-18 03:45:00,2025-08-20 03:45:00,BUY_CE,55734.8984375,55698.5,55700,218.5,87.36,30,-4034.32,Max Pain Magnet
2025-08-20 03:45:00,2025-08-21 03:45:00,BUY_CE,55698.5,55755.44921875,55700,86.75,105.08,30,450.04,Max Pain Magnet
2025-08-21 03:45:00,2025-08-22 03:45:00,BUY_CE,55755.44921875,55149.3984375,55800,282.79,75.45,30,-6320.27,Max Pain Magnet
2025-08-26 03:45:00,2025-08-28 03:45:00,BUY_PE,54450.44921875,53820.3515625,54500,141.49,647.85,30,15090.75,Max Pain Magnet
2025-08-28 03:45:00,2025-09-02 03:45:00,BUY_CE,53820.3515625,53661.0,53800,349.17,80.06,30,-8173.32,Max Pain Magnet
2025-09-02 03:45:00,2025-09-03 03:45:00,BUY_CE,53661.0,54067.55078125,53700,117.68,362.78,30,7252.93,Max Pain Magnet
2025-09-08 03:45:00,2025-09-09 03:45:00,BUY_PE,54186.8984375,54216.1015625,54200,193.04,122.19,30,-2225.51,Max Pain Magnet
2025-09-09 03:45:00,2025-09-10 03:45:00,BUY_PE,54216.1015625,54536.0,54200,120.64,8.05,30,-3477.76,Max Pain Magnet
2025-09-10 03:45:00,2025-09-11 03:45:00,BUY_CE,54536.0,54669.6015625,54500,113.22,190.41,30,2215.6,Max Pain Magnet
2025-09-11 03:45:00,2025-09-16 03:45:00,BUY_CE,54669.6015625,55147.6015625,54700,320.01,445.93,30,3677.56,Max Pain Magnet
2025-09-17 03:45:00,2025-09-18 03:45:00,BUY_PE,55493.30078125,55727.44921875,55500,90.5,19.97,30,-2215.88,Max Pain Magnet
2025-09-19 03:45:00,2025-09-23 03:45:00,BUY_PE,55458.8515625,55509.75,55500,285.64,112.63,30,-5290.35,Max Pain Magnet
2025-09-23 03:45:00,2025-09-24 03:45:00,BUY_CE,55509.75,55121.5,55500,130.92,2.48,30,-3953.32,Max Pain Magnet
2025-09-26 03:45:00,2025-09-29 03:45:00,BUY_PE,54389.3515625,54461.0,54400,214.9,108.21,30,-3300.77,Max Pain Magnet
2025-09-29 03:45:00,2025-09-30 03:45:00,BUY_PE,54461.0,54635.8515625,54500,152.5,42.53,30,-3399.12,Max Pain Magnet
2025-09-30 03:45:00,2025-10-01 03:45:00,BUY_CE,54635.8515625,55347.94921875,54600,120.59,722.7,30,17963.27,Max Pain Magnet
2025-10-01 03:45:00,2025-10-03 03:45:00,BUY_PE,55347.94921875,55589.25,55300,53.27,6.58,30,-1500.72,Max Pain Magnet
2025-10-03 03:45:00,2025-10-06 03:45:00,BUY_CE,55589.25,56104.8515625,55600,265.85,519.55,30,7511.06,Max Pain Magnet
2025-10-07 03:45:00,2025-10-08 03:45:00,BUY_PE,56239.3515625,56018.25,56200,94.36,190.21,30,2775.36,Max Pain Magnet
2025-10-09 03:45:00,2025-10-10 03:45:00,BUY_PE,56192.05078125,56609.75,56200,265.65,109.79,30,-4775.93,Max Pain Magnet
2025-10-10 03:45:00,2025-10-13 03:45:00,BUY_CE,56609.75,56625.0,56600,306.05,181.43,30,-3838.59,Max Pain Magnet
2025-10-13 03:45:00,2025-10-14 03:45:00,BUY_CE,56625.0,56496.44921875,56600,197.65,85.64,30,-3460.23,Max Pain Magnet
2025-10-14 03:45:00,2025-10-15 03:45:00,BUY_PE,56496.44921875,56799.8984375,56500,121.1,9.97,30,-3433.83,Max Pain Magnet
2025-10-15 03:45:00,2025-10-16 03:45:00,BUY_CE,56799.8984375,57422.55078125,56800,91.2,602.66,30,15243.76,Max Pain Magnet
2025-10-16 03:45:00,2025-10-17 03:45:00,BUY_PE,57422.55078125,57713.3515625,57400,285.66,158.48,30,-3915.52,Max Pain Magnet
2025-10-17 03:45:00,2025-10-23 03:45:00,BUY_CE,57713.3515625,58078.05078125,57700,333.53,371.12,30,1027.58,Max Pain Magnet
2025-10-24 03:45:00,2025-10-27 03:45:00,BUY_CE,57699.6015625,58114.25,57700,311.64,451.02,30,4081.35,Max Pain Magnet
2025-10-28 03:45:00,2025-10-29 03:45:00,BUY_PE,58214.1015625,58385.25,58200,95.72,17.37,30,-2450.49,Max Pain Magnet
2025-10-29 03:45:00,2025-10-30 03:45:00,BUY_PE,58385.25,58031.1015625,58400,80.77,351.56,30,8023.79,Max Pain Magnet
2025-10-31 03:45:00,2025-11-04 03:45:00,BUY_CE,57776.3515625,57827.05078125,57800,259.08,118.52,30,-4316.7,Max Pain Magnet
2025-11-12 03:45:00,2025-11-13 03:45:00,BUY_PE,58274.6484375,58381.94921875,58300,87.57,41.86,30,-1471.33,Max Pain Magnet
2025-11-19 03:45:00,2025-11-20 03:45:00,BUY_PE,59216.05078125,59347.69921875,59200,59.85,20.16,30,-1290.74,Max Pain Magnet
2025-11-20 03:45:00,2025-11-21 03:45:00,BUY_PE,59347.69921875,58867.69921875,59300,191.14,450.45,30,7679.35,Max Pain Magnet
2025-11-25 03:45:00,2025-11-26 03:45:00,BUY_CE,58820.30078125,59528.05078125,58800,114.39,703.96,30,17587.02,Max Pain Magnet
2025-11-26 03:45:00,2025-11-27 03:45:00,BUY_CE,59528.05078125,59737.30078125,59500,98.11,241.98,30,4216.11,Max Pain Magnet
2025-11-27 03:45:00,2025-12-01 03:45:00,BUY_CE,59737.30078125,59681.3515625,59700,333.25,149.63,30,-5608.73,Max Pain Magnet
2025-12-01 03:45:00,2025-12-02 03:45:00,BUY_CE,59681.3515625,59273.80078125,59700,148.5,9.36,30,-4274.13,Max Pain Magnet
2025-12-02 03:45:00,2025-12-03 03:45:00,BUY_PE,59273.80078125,59348.25,59300,117.46,52.07,30,-2061.56,Max Pain Magnet
2025-12-03 03:45:00,2025-12-04 03:45:00,BUY_PE,59348.25,59288.69921875,59300,50.67,68.07,30,422.05,Max Pain Magnet
2025-12-04 03:45:00,2025-12-05 03:45:00,BUY_PE,59288.69921875,59777.19921875,59300,222.16,64.44,30,-4831.61,Max Pain Magnet
2025-12-08 03:45:00,2025-12-10 03:45:00,BUY_PE,59238.55078125,58960.3984375,59200,138.2,236.64,30,2853.25,Max Pain Magnet
2025-12-22 03:45:00,2025-12-24 03:45:00,BUY_PE,59304.0,59183.6015625,59300,148.24,130.84,30,-621.98,Max Pain Magnet
2025-12-24 03:45:00,2025-12-26 03:45:00,BUY_PE,59183.6015625,59011.3515625,59200,75.62,186.93,30,3239.26,Max Pain Magnet
2025-12-31 03:45:00,2026-01-02 03:45:00,BUY_CE,59581.8515625,60150.94921875,59600,64.15,534.07,30,13997.55,Max Pain Magnet
2026-01-08 03:45:00,2026-01-09 03:45:00,BUY_CE,59686.5,59251.55078125,59700,270.08,83.43,30,-5699.63,Max Pain Magnet
2026-01-09 03:45:00,2026-01-12 03:45:00,BUY_PE,59251.55078125,59450.5,59300,219.16,74.0,30,-4454.7,Max Pain Magnet
2026-01-12 03:45:00,2026-01-13 03:45:00,BUY_PE,59450.5,59578.80078125,59500,155.09,63.13,30,-2858.83,Max Pain Magnet
2026-01-13 03:45:00,2026-01-14 03:45:00,BUY_CE,59578.80078125,59580.1484375,59600,94.33,57.45,30,-1206.31,Max Pain Magnet
2026-01-14 03:45:00,2026-01-16 03:45:00,BUY_CE,59580.1484375,60095.1484375,59600,63.35,480.5,30,12414.64,Max Pain Magnet
2026-01-20 03:45:00,2026-01-21 03:45:00,BUY_PE,59404.19921875,58800.30078125,59400,102.32,570.73,30,13952.31,Max Pain Magnet
2026-01-21 03:45:00,2026-01-22 03:45:00,BUY_CE,58800.30078125,59200.1015625,58800,87.65,391.09,30,9003.25,Max Pain Magnet
2026-01-22 03:45:00,2026-01-23 03:45:00,BUY_PE,59200.1015625,58473.1015625,59200,273.48,715.67,30,13165.61,Max Pain Magnet
2026-01-23 03:45:00,2026-01-27 03:45:00,BUY_PE,58473.1015625,59205.44921875,58500,294.04,5.76,30,-8748.44,Max Pain Magnet
2026-01-27 03:45:00,2026-01-28 03:45:00,BUY_PE,59205.44921875,59598.80078125,59200,145.67,10.6,30,-4152.22,Max Pain Magnet
2026-01-28 03:45:00,2026-01-29 03:45:00,BUY_CE,59598.80078125,59957.8515625,59600,113.24,359.2,30,7278.85,Max Pain Magnet
2026-01-30 03:45:00,2026-02-02 03:45:00,BUY_CE,59610.44921875,58619.0,59600,394.34,20.96,30,-11301.44,Max Pain Magnet
2026-02-02 03:45:00,2026-02-03 03:45:00,BUY_CE,58619.0,60041.30078125,58600,270.11,1393.96,30,33615.64,Max Pain Magnet
2026-02-04 03:45:00,2026-02-05 03:45:00,BUY_PE,60238.1484375,60063.6484375,60200,132.38,211.56,30,2275.3,Max Pain Magnet
2026-02-09 03:45:00,2026-02-10 03:45:00,BUY_CE,60669.3515625,60626.3984375,60700,308.4,189.87,30,-3655.82,Max Pain Magnet
2026-02-10 03:45:00,2026-02-11 03:45:00,BUY_CE,60626.3984375,60745.3515625,60600,235.88,223.88,30,-460.1,Max Pain Magnet
2026-02-11 03:45:00,2026-02-12 03:45:00,BUY_CE,60745.3515625,60739.75,60700,180.08,177.23,30,-185.51,Max Pain Magnet
2026-02-12 03:45:00,2026-02-13 03:45:00,BUY_CE,60739.75,60186.6484375,60700,584.92,310.52,30,-8332.07,Max Pain Magnet
2026-02-13 03:45:00,2026-02-13 03:45:00,BUY_PE,60186.6484375,60186.6484375,60200,474.51,455.53,30,-669.31,Max Pain Magnet
