date,type,strike,spot,entry_premium,exit_premium,pnl,delta,gamma,iv,dte
2020-10-01,BUY_CE_GAMMA,38700,38697.05,250.96,385.93,1301.19,0.506,0.00064,30.8,0
2020-10-15,BUY_PE_GAMMA,39700,39728.41,257.67,498.37,2358.44,-0.476,0.00058,33.2,0
2020-11-05,BUY_CE_GAMMA,41300,41340.16,236.79,365.41,1237.74,0.538,0.00075,24.6,0
2020-11-19,BUY_PE_GAMMA,43600,43599.96,211.78,333.07,1164.66,-0.492,0.00074,23.7,0
2020-12-03,BUY_PE_GAMMA,44600,44632.65,181.67,276.08,896.04,-0.466,0.00079,21.6,0
2020-12-17,BUY_CE_GAMMA,46900,46890.34,172.85,193.94,162.85,0.501,0.00092,17.7,0
2020-12-24,BUY_CE_GAMMA,47000,46973.54,208.35,316.45,1032.76,0.489,0.00073,22.1,0
2021-01-07,BUY_PE_GAMMA,48100,48093.32,210.37,331.13,1159.31,-0.496,0.00075,21.0,0
2021-01-21,BUY_PE_GAMMA,49600,49624.76,164.88,233.0,633.21,-0.469,0.00088,17.5,0
2021-02-04,BUY_CE_GAMMA,50600,50614.29,415.34,635.41,2151.42,0.513,0.00039,38.2,0
2021-02-11,BUY_CE_GAMMA,51500,51531.52,426.54,650.84,2193.66,0.52,0.00039,37.7,0
2021-02-18,BUY_PE_GAMMA,51300,51324.69,375.41,599.21,2188.94,-0.482,0.00041,36.6,0
2021-03-18,BUY_PE_GAMMA,49200,49216.52,344.72,600.88,2512.66,-0.485,0.00045,34.8,0
2021-03-25,BUY_PE_GAMMA,48400,48440.12,313.87,516.52,1977.79,-0.474,0.00047,33.4,0
2021-04-01,BUY_CE_GAMMA,50000,50029.83,329.08,490.01,1560.42,0.523,0.00051,29.6,0
2021-04-08,BUY_PE_GAMMA,49700,49746.21,263.06,284.17,162.53,-0.467,0.00055,27.9,0
2021-04-15,BUY_CE_GAMMA,48800,48803.68,345.05,526.56,1766.25,0.509,0.00047,33.3,0
2021-04-22,BUY_CE_GAMMA,48100,48080.67,327.27,515.51,1833.6,0.498,0.00048,33.1,0
2021-04-29,BUY_PE_GAMMA,49800,49765.94,350.61,428.99,734.78,-0.508,0.00047,32.5,0
2021-05-20,BUY_PE_GAMMA,49600,49564.86,255.03,411.68,1518.04,-0.515,0.00066,23.3,0
2021-06-03,BUY_CE_GAMMA,52200,52232.43,223.02,336.8,1089.51,0.535,0.00079,18.5,0
2021-06-17,BUY_CE_GAMMA,52300,52323.33,171.25,211.49,354.34,0.535,0.00103,14.1,0
2021-06-24,BUY_CE_GAMMA,52700,52699.0,129.05,152.15,183.09,0.512,0.00127,11.3,0
2021-07-01,BUY_PE_GAMMA,52300,52318.6,100.18,151.47,465.18,-0.46,0.00139,10.4,0
2021-07-08,BUY_PE_GAMMA,52600,52568.94,129.49,228.04,937.66,-0.528,0.00134,10.8,0
2021-07-15,BUY_CE_GAMMA,53200,53158.85,107.27,133.68,216.39,0.46,0.00129,11.0,0
2021-07-22,BUY_CE_GAMMA,52800,52837.21,181.72,303.87,1173.42,0.549,0.001,14.3,0
2021-08-05,BUY_PE_GAMMA,54500,54492.84,189.68,56.91,-1375.93,-0.496,0.00083,16.8,0
2021-08-12,BUY_CE_GAMMA,54800,54843.98,206.99,323.02,1112.05,0.549,0.00088,15.6,0
2021-09-02,BUY_CE_GAMMA,57900,57852.54,135.0,210.07,702.85,0.463,0.00104,12.6,0
2021-09-09,BUY_CE_GAMMA,58300,58305.07,156.97,234.34,725.73,0.518,0.00107,12.2,0
2021-09-16,BUY_CE_GAMMA,59100,59141.16,179.45,291.91,1076.51,0.555,0.00104,12.3,0
2021-09-23,BUY_CE_GAMMA,59900,59885.36,186.59,310.35,1189.39,0.498,0.00084,15.1,0
2021-09-30,BUY_PE_GAMMA,59100,59126.36,160.82,253.48,878.59,-0.466,0.00089,14.5,0
2021-10-14,BUY_CE_GAMMA,61300,61305.95,226.2,344.84,1138.12,0.514,0.00073,17.0,0
2021-10-21,BUY_PE_GAMMA,60900,60923.5,198.22,318.16,1151.21,-0.473,0.00074,16.9,0
2021-10-28,BUY_PE_GAMMA,60000,59984.7,229.21,434.38,2003.35,-0.501,0.0007,18.1,0
2021-11-11,BUY_PE_GAMMA,59900,59919.69,220.77,273.82,482.2,-0.478,0.00067,18.8,0
2021-11-18,BUY_PE_GAMMA,59600,59636.01,210.18,261.73,467.22,-0.466,0.00068,18.7,0
2021-11-25,BUY_CE_GAMMA,58800,58795.09,265.24,419.7,1496.05,0.506,0.00061,21.4,0
2021-12-02,BUY_CE_GAMMA,58500,58461.29,287.54,449.03,1566.23,0.488,0.00053,24.7,0
2021-12-16,BUY_PE_GAMMA,57900,57901.14,339.63,408.14,636.2,-0.492,0.00046,28.6,0
2022-01-06,BUY_PE_GAMMA,59600,59601.84,275.55,82.67,-1977.44,-0.491,0.00056,22.6,0
2022-02-03,BUY_PE_GAMMA,58800,58788.02,316.13,513.07,1920.64,-0.498,0.0005,25.7,0
2022-02-17,BUY_PE_GAMMA,57900,57892.01,425.88,506.83,760.14,-0.495,0.00037,35.3,0
2022-02-24,BUY_PE_GAMMA,54500,54529.91,441.77,729.62,2829.06,-0.482,0.00034,40.5,0
2022-03-03,BUY_PE_GAMMA,55100,55102.68,465.65,758.58,2879.74,-0.492,0.00034,41.0,0
2022-03-10,BUY_PE_GAMMA,55500,55464.39,542.11,744.23,1971.33,-0.503,0.0003,45.7,0
2022-03-17,BUY_CE_GAMMA,57900,57863.93,505.39,561.7,513.4,0.497,0.00031,42.9,0
2022-03-24,BUY_CE_GAMMA,57600,57595.68,527.59,634.36,1017.87,0.506,0.0003,43.6,0
2022-03-31,BUY_PE_GAMMA,58600,58568.51,395.82,592.82,1920.86,-0.505,0.00041,31.5,0
2022-04-07,BUY_PE_GAMMA,59000,59034.95,308.02,463.97,1510.76,-0.475,0.00048,26.8,0
2022-04-21,BUY_CE_GAMMA,57900,57911.68,320.9,510.34,1845.62,0.514,0.00051,25.6,0
2022-04-28,BUY_CE_GAMMA,57500,57521.06,362.4,426.3,589.99,0.517,0.00046,28.9,0
2022-05-12,BUY_PE_GAMMA,52900,52930.31,279.38,462.13,1778.91,-0.476,0.00053,27.0,0
2022-05-19,BUY_PE_GAMMA,52800,52792.23,347.87,399.91,471.5,-0.496,0.00046,31.6,0
2022-05-26,BUY_CE_GAMMA,54300,54252.53,359.16,540.73,1766.73,0.488,0.00042,33.3,0
2022-06-02,BUY_CE_GAMMA,55800,55818.11,400.12,627.07,2220.3,0.515,0.00041,33.1,0
2022-06-09,BUY_CE_GAMMA,55300,55320.28,359.59,605.84,2413.47,0.517,0.00046,29.8,0
2022-06-16,BUY_PE_GAMMA,51500,51495.79,329.63,633.78,2992.63,-0.494,0.00048,30.9,0
2022-06-23,BUY_CE_GAMMA,52300,52265.72,303.77,364.58,559.38,0.49,0.0005,29.0,0
2022-06-30,BUY_CE_GAMMA,53000,53018.94,304.46,91.34,-2179.93,0.518,0.00055,26.2,0
2022-07-14,BUY_PE_GAMMA,53400,53416.15,189.57,235.56,411.74,-0.478,0.00079,18.1,0
2022-07-21,BUY_CE_GAMMA,55700,55681.95,173.16,265.97,880.01,0.494,0.0009,15.2,0
2022-07-28,BUY_CE_GAMMA,56900,56857.79,206.91,339.56,1278.27,0.479,0.00071,18.7,0
2022-08-04,BUY_PE_GAMMA,58300,58298.8,222.84,66.85,-1608.2,-0.492,0.0007,18.7,0
2022-08-18,BUY_CE_GAMMA,60300,60298.0,196.66,298.85,973.74,0.509,0.00083,15.3,0
2022-08-25,BUY_PE_GAMMA,58800,58774.72,231.84,388.14,1514.61,-0.509,0.00071,18.3,0
2022-09-08,BUY_CE_GAMMA,59700,59688.22,289.69,435.5,1409.45,0.502,0.00055,23.3,0
2022-09-29,BUY_PE_GAMMA,56400,56409.96,233.07,372.84,1349.38,-0.485,0.00065,20.6,0
2022-10-13,BUY_PE_GAMMA,57200,57235.33,294.81,347.38,476.95,-0.474,0.0005,26.5,0
2022-10-20,BUY_CE_GAMMA,59200,59202.9,329.39,514.01,1797.38,0.509,0.00049,26.1,0
2022-11-03,BUY_CE_GAMMA,60800,60836.41,231.91,310.27,735.24,0.538,0.00076,16.3,0
2022-11-10,BUY_CE_GAMMA,60600,60613.7,191.29,57.39,-1387.16,0.523,0.00089,14.1,0
2022-11-24,BUY_CE_GAMMA,62300,62272.68,201.8,358.64,1520.24,0.489,0.00076,16.1,0
2022-12-15,BUY_PE_GAMMA,61800,61799.03,178.05,313.35,1305.0,-0.49,0.00087,14.2,0
2022-12-29,BUY_CE_GAMMA,61100,61133.88,242.34,395.91,1487.31,0.534,0.00072,17.2,0
2023-01-05,BUY_PE_GAMMA,60400,60353.27,246.86,337.05,853.48,-0.523,0.0007,18.1,0
2023-01-12,BUY_PE_GAMMA,60000,59958.03,253.16,75.95,-1820.57,-0.519,0.00067,18.9,0
2023-02-16,BUY_PE_GAMMA,61300,61319.51,195.3,227.93,278.15,-0.475,0.00076,16.4,0
2023-02-23,BUY_PE_GAMMA,59600,59605.8,204.59,236.97,275.53,-0.486,0.00075,17.1,0
2023-03-02,BUY_PE_GAMMA,58900,58909.35,191.81,298.14,1015.19,-0.483,0.00079,16.4,0
2023-03-09,BUY_PE_GAMMA,59800,59806.28,202.74,335.55,1279.88,-0.485,0.00075,16.9,0
2023-03-23,BUY_PE_GAMMA,57900,57925.28,200.44,220.44,151.83,-0.472,0.00073,18.0,0
2023-04-06,BUY_CE_GAMMA,59800,59832.97,256.86,299.71,379.97,0.532,0.00068,18.8,0
2023-04-27,BUY_CE_GAMMA,60600,60649.38,192.24,320.39,1233.27,0.561,0.00098,12.7,0
2023-05-04,BUY_CE_GAMMA,61700,61749.25,170.17,300.59,1256.12,0.57,0.00114,10.7,0
2023-05-11,BUY_PE_GAMMA,61900,61904.52,162.93,255.51,877.82,-0.484,0.00093,13.2,0
2023-05-18,BUY_PE_GAMMA,61400,61431.74,148.99,239.85,860.64,-0.459,0.00093,13.2,0
2023-05-25,BUY_CE_GAMMA,61900,61872.62,164.2,246.08,770.78,0.486,0.00092,13.3,0
2023-06-01,BUY_PE_GAMMA,62400,62428.54,155.79,239.71,791.28,-0.463,0.00091,13.4,0
2023-06-08,BUY_PE_GAMMA,62800,62848.64,115.4,176.38,562.01,-0.433,0.00109,10.9,0
2023-06-15,BUY_PE_GAMMA,62900,62917.63,122.67,189.4,619.43,-0.465,0.00116,10.4,0
2023-06-22,BUY_PE_GAMMA,63300,63278.81,149.67,248.54,940.76,-0.51,0.0011,10.9,0
2023-07-06,BUY_CE_GAMMA,65800,65750.27,148.63,235.6,821.77,0.465,0.00095,12.2,0
2023-07-20,BUY_CE_GAMMA,67500,67548.29,202.53,347.56,1402.07,0.557,0.00092,12.1,0
2023-07-27,BUY_PE_GAMMA,66400,66409.4,183.09,257.16,692.63,-0.481,0.00082,14.0,0
2023-08-03,BUY_PE_GAMMA,65300,65274.51,206.46,257.11,458.29,-0.51,0.0008,14.6,0
2023-08-10,BUY_PE_GAMMA,65700,65707.42,187.81,229.38,367.53,-0.483,0.00081,14.4,0
2023-08-17,BUY_PE_GAMMA,65100,65107.48,168.54,263.95,906.06,-0.482,0.00089,13.1,0
2023-08-24,BUY_PE_GAMMA,65200,65235.75,131.56,208.46,721.14,-0.45,0.00102,11.3,0
2023-08-31,BUY_PE_GAMMA,64800,64831.41,120.31,190.71,656.21,-0.45,0.00112,10.4,0
2023-09-07,BUY_CE_GAMMA,66300,66265.56,132.9,211.59,739.02,0.476,0.0011,10.4,0
2023-09-14,BUY_PE_GAMMA,67500,67519.0,131.61,48.93,-874.64,-0.465,0.00108,10.4,0
2023-09-21,BUY_PE_GAMMA,66200,66230.24,156.73,250.52,889.92,-0.461,0.00089,12.8,0
2023-09-28,BUY_PE_GAMMA,65500,65508.32,172.44,315.31,1380.67,-0.481,0.00087,13.3,0
2023-10-12,BUY_PE_GAMMA,66400,66408.39,184.09,214.75,258.46,-0.482,0.00082,14.0,0
2023-10-19,BUY_CE_GAMMA,65600,65629.24,199.11,74.79,-1291.41,0.538,0.00089,13.0,0
2023-11-09,BUY_PE_GAMMA,64800,64832.2,192.96,287.21,894.25,-0.466,0.00074,15.8,0
2023-11-16,BUY_CE_GAMMA,66000,65982.48,233.15,326.33,883.43,0.498,0.00067,17.1,0
2023-11-23,BUY_PE_GAMMA,66000,66017.81,148.06,161.65,87.93,-0.47,0.00098,11.8,0
2023-12-07,BUY_PE_GAMMA,69500,69521.69,189.68,228.79,342.92,-0.472,0.00077,14.2,0
2023-12-14,BUY_CE_GAMMA,70500,70514.2,224.84,379.78,1501.06,0.522,0.00075,14.3,0
2023-12-28,BUY_CE_GAMMA,72400,72410.38,270.46,301.92,266.06,0.516,0.00061,17.1,0
2024-01-04,BUY_CE_GAMMA,71800,71847.57,270.27,304.97,298.51,0.542,0.00066,15.9,0
2024-01-11,BUY_PE_GAMMA,71700,71721.18,229.73,266.34,317.75,-0.476,0.00064,16.5,0
2024-02-01,BUY_PE_GAMMA,71600,71645.3,321.21,477.34,1512.52,-0.471,0.00045,23.4,0
2024-02-08,BUY_PE_GAMMA,71400,71428.43,332.82,563.28,2255.74,-0.479,0.00045,23.7,0
2024-02-22,BUY_CE_GAMMA,73200,73158.24,245.59,383.82,1333.84,0.484,0.00061,17.0,0
2024-02-29,BUY_CE_GAMMA,72500,72500.3,216.24,260.66,395.99,0.511,0.00076,13.8,0
2024-03-07,BUY_PE_GAMMA,74100,74119.39,209.17,80.31,-1336.81,-0.475,0.00071,14.5,0
2024-03-21,BUY_CE_GAMMA,72600,72641.19,281.59,100.47,-1859.87,0.536,0.00062,16.7,0
2024-03-28,BUY_CE_GAMMA,73700,73651.35,238.59,324.73,813.0,0.48,0.00062,16.6,0
2024-04-04,BUY_PE_GAMMA,74200,74227.63,203.41,61.02,-1472.07,-0.469,0.00071,14.4,0
2024-04-18,BUY_PE_GAMMA,72500,72488.99,226.9,393.56,1618.29,-0.497,0.0007,15.1,0
2024-04-25,BUY_CE_GAMMA,74300,74339.44,258.23,477.24,2141.64,0.538,0.00069,14.9,0
2024-05-02,BUY_CE_GAMMA,74600,74611.11,255.52,295.37,350.03,0.518,0.00065,15.6,0
2024-05-09,BUY_PE_GAMMA,72400,72404.17,257.33,434.95,1727.75,-0.488,0.0006,17.6,0
2024-05-16,BUY_CE_GAMMA,73700,73663.72,240.68,363.25,1177.34,0.487,0.00063,16.4,0
2024-05-23,BUY_CE_GAMMA,75400,75418.04,287.73,515.05,2224.52,0.52,0.00058,17.3,0
2024-05-30,BUY_PE_GAMMA,73900,73885.6,252.37,344.51,872.97,-0.499,0.00063,16.3,0
2024-06-13,BUY_PE_GAMMA,76800,76810.9,692.31,1013.49,3161.06,-0.49,0.00023,43.9,0
2024-06-27,BUY_CE_GAMMA,79200,79243.18,742.35,1213.71,4662.68,0.517,0.00022,43.1,0
2024-07-04,BUY_PE_GAMMA,80000,80049.67,194.97,287.37,875.74,-0.454,0.0007,13.5,0
2024-07-18,BUY_CE_GAMMA,81300,81343.46,207.07,388.87,1769.78,0.553,0.00089,10.4,0
2024-07-25,BUY_CE_GAMMA,80000,80039.8,210.11,345.76,1308.22,0.548,0.00087,10.9,0
2024-08-08,BUY_PE_GAMMA,78900,78886.22,354.29,552.66,1934.71,-0.498,0.00045,21.5,0
2024-08-22,BUY_PE_GAMMA,81100,81053.19,411.22,455.95,398.05,-0.511,0.0004,23.3,0
2024-08-29,BUY_CE_GAMMA,82100,82134.61,403.55,519.69,1112.13,0.523,0.00042,22.1,0
2024-09-05,BUY_PE_GAMMA,82200,82201.16,218.79,342.23,1186.09,-0.488,0.0007,13.2,0
2024-09-12,BUY_CE_GAMMA,83000,82962.71,258.48,481.28,2179.49,0.488,0.00059,15.6,0
2024-09-19,BUY_PE_GAMMA,83200,83184.8,232.79,265.15,275.25,-0.499,0.00068,13.4,0
2024-09-26,BUY_CE_GAMMA,85800,85836.12,305.63,510.97,2004.65,0.531,0.00057,15.6,0
2024-10-03,BUY_PE_GAMMA,82500,82497.1,367.0,576.89,2049.88,-0.493,0.00043,21.6,0
2024-10-10,BUY_PE_GAMMA,81600,81611.41,355.38,520.97,1606.9,-0.487,0.00043,21.6,0
2024-10-17,BUY_PE_GAMMA,81000,81006.61,328.1,527.0,1940.22,-0.488,0.00047,20.0,0
2024-10-31,BUY_PE_GAMMA,79400,79389.06,224.54,360.72,1313.5,-0.496,0.0007,13.6,0
2024-11-07,BUY_PE_GAMMA,79500,79541.79,247.64,401.39,1489.01,-0.466,0.00058,16.5,0
2024-11-21,BUY_PE_GAMMA,77200,77155.79,284.66,366.54,770.19,-0.516,0.00059,16.7,0
2024-11-28,BUY_PE_GAMMA,79000,79043.74,360.48,598.61,2332.23,-0.474,0.00041,23.6,0
2024-12-05,BUY_CE_GAMMA,81800,81765.86,385.98,502.85,1119.55,0.495,0.0004,23.2,0
2024-12-12,BUY_PE_GAMMA,81300,81289.96,351.92,518.65,1618.34,-0.496,0.00045,20.9,0
2024-12-19,BUY_CE_GAMMA,79200,79218.05,394.37,153.03,-2462.66,0.516,0.00042,22.9,0
2025-01-02,BUY_CE_GAMMA,79900,79943.71,351.13,625.56,2695.38,0.531,0.00049,19.3,0
2025-01-09,BUY_PE_GAMMA,77600,77620.21,316.47,487.9,1665.52,-0.482,0.00048,20.6,0
2025-01-16,BUY_PE_GAMMA,77000,77042.82,293.78,341.19,425.43,-0.47,0.00049,20.0,0
2025-01-30,BUY_CE_GAMMA,76800,76759.81,287.55,318.04,256.34,0.488,0.00053,18.8,0
2025-02-06,BUY_PE_GAMMA,78100,78058.16,336.15,431.87,908.32,-0.512,0.00049,19.8,0
2025-03-13,BUY_PE_GAMMA,73800,73828.91,200.0,313.69,1088.67,-0.468,0.00072,14.3,0
2025-03-20,BUY_CE_GAMMA,76300,76348.06,322.76,524.93,1972.89,0.536,0.00054,18.3,0
2025-03-27,BUY_CE_GAMMA,77600,77606.43,319.09,518.66,1946.89,0.512,0.00051,19.1,0
2025-04-03,BUY_CE_GAMMA,76300,76295.36,310.89,505.44,1896.7,0.507,0.00052,19.2,0
2025-04-17,BUY_CE_GAMMA,78600,78553.2,504.73,891.94,3822.36,0.493,0.00031,31.8,0
2025-04-24,BUY_PE_GAMMA,79800,79801.43,509.59,752.52,2379.5,-0.492,0.00031,31.1,0
2025-05-08,BUY_PE_GAMMA,80300,80334.81,434.68,585.59,1459.81,-0.48,0.00035,27.4,0
2025-05-15,BUY_CE_GAMMA,82500,82530.74,493.67,867.84,3692.0,0.518,0.00034,27.3,0
2025-05-22,BUY_PE_GAMMA,81000,80951.99,471.56,561.39,848.82,-0.509,0.00035,26.9,0
2025-06-05,BUY_CE_GAMMA,81400,81442.04,487.79,167.79,-3249.64,0.522,0.00035,27.0,0
2025-06-12,BUY_PE_GAMMA,81700,81691.98,246.11,425.41,1744.61,-0.494,0.00064,14.6,0
2025-06-26,BUY_CE_GAMMA,83800,83755.87,258.85,427.16,1634.61,0.485,0.00058,15.6,0
2025-07-03,BUY_PE_GAMMA,83200,83239.47,238.58,353.27,1098.54,-0.466,0.0006,15.2,0
2025-07-10,BUY_PE_GAMMA,83200,83190.28,235.27,371.01,1308.99,-0.495,0.00067,13.7,0
2025-07-17,BUY_PE_GAMMA,82300,82259.24,247.63,407.69,1552.21,-0.516,0.00068,13.6,0
2025-07-24,BUY_PE_GAMMA,82200,82184.17,179.08,310.78,1268.96,-0.5,0.00089,10.4,0
2025-07-31,BUY_CE_GAMMA,81200,81185.58,195.29,273.92,738.15,0.501,0.00082,11.5,0
2025-08-07,BUY_CE_GAMMA,80600,80623.26,222.46,358.97,1316.76,0.531,0.00078,12.1,0
2025-08-21,BUY_PE_GAMMA,82000,82000.71,225.7,340.15,1096.1,-0.488,0.00068,13.6,0
2025-08-28,BUY_PE_GAMMA,80100,80080.57,242.1,407.17,1602.32,-0.502,0.00066,14.3,0
2025-09-04,BUY_PE_GAMMA,80700,80718.01,225.07,386.0,1560.92,-0.477,0.00066,14.3,0
2025-09-11,BUY_CE_GAMMA,81500,81548.73,241.76,394.97,1483.67,0.549,0.00076,12.3,0
2025-09-18,BUY_PE_GAMMA,83000,83013.96,197.12,59.14,-1428.01,-0.477,0.00075,12.2,0
2025-09-25,BUY_PE_GAMMA,81200,81159.68,189.51,316.86,1225.36,-0.522,0.0009,10.4,0
2025-10-09,BUY_CE_GAMMA,82200,82172.1,197.34,302.15,999.89,0.491,0.00078,11.9,0
2025-10-16,BUY_CE_GAMMA,83500,83467.66,219.14,370.55,1465.86,0.489,0.0007,13.1,0
2025-10-23,BUY_PE_GAMMA,84600,84556.4,235.46,395.97,1556.69,-0.519,0.00072,12.5,0
2025-10-30,BUY_PE_GAMMA,84400,84404.46,188.08,290.45,975.6,-0.483,0.0008,11.2,0
2025-11-06,BUY_PE_GAMMA,83300,83311.01,192.38,285.57,883.74,-0.479,0.00077,11.8,0
2025-11-20,BUY_CE_GAMMA,85600,85632.68,213.7,241.53,230.08,0.541,0.00084,10.6,0
2025-12-04,BUY_CE_GAMMA,85300,85265.32,181.3,223.03,369.28,0.485,0.00083,10.7,0
2025-12-11,BUY_CE_GAMMA,84800,84818.13,226.59,362.25,1308.29,0.526,0.00076,11.8,0
2026-01-08,BUY_PE_GAMMA,84200,84180.96,199.03,339.55,1356.97,-0.502,0.00081,11.2,0
2026-01-29,BUY_CE_GAMMA,82600,82566.37,225.16,250.0,200.11,0.489,0.00068,13.6,0
2026-02-05,BUY_PE_GAMMA,83300,83313.93,374.96,568.72,1888.55,-0.486,0.00041,22.4,0
2026-02-12,BUY_PE_GAMMA,83700,83674.92,389.67,446.17,515.8,-0.502,0.00041,22.0,0
