date,type,strike,spot,entry_premium,exit_premium,pnl,delta,gamma,theta,iv,dte,cpr_width
2020-09-24,BUY_PE_CPR,10800,10805.55,44.5,80.1,842.24,-0.473,0.0033,-24.94,21.3,1,0.062
2020-09-30,BUY_CE_CPR,11250,11247.55,75.7,136.25,1465.79,0.507,0.00212,-19.73,22.6,2,0.123
2020-10-01,BUY_CE_CPR,11400,11416.95,66.0,118.8,1272.01,0.556,0.00281,-28.86,23.5,1,0.044
2020-10-05,BUY_CE_CPR,11500,11503.35,114.43,205.98,2240.05,0.522,0.00146,-14.61,22.6,4,0.169
2020-10-06,BUY_CE_CPR,11650,11662.4,107.47,193.45,2100.94,0.534,0.00162,-17.36,23.2,3,0.068
2020-10-07,BUY_CE_CPR,11750,11738.85,77.1,138.79,1493.9,0.49,0.00198,-21.13,23.2,2,0.228
2020-10-08,BUY_CE_CPR,11850,11834.6,51.07,91.93,973.6,0.466,0.00276,-29.59,23.2,1,0.24
2020-10-09,BUY_CE_CPR,11900,11914.2,64.94,116.9,1250.82,0.548,0.0028,-29.17,22.7,1,0.077
2020-10-12,BUY_CE_CPR,11950,11930.95,107.9,194.23,2109.53,0.49,0.00141,-15.15,22.7,4,0.236
2020-10-13,BUY_PE_CPR,11950,11934.5,102.35,143.29,975.05,-0.511,0.00163,-17.38,22.6,3,0.076
2020-10-14,BUY_CE_CPR,11950,11971.05,92.87,167.17,1809.1,0.554,0.00198,-20.9,22.5,2,0.023
2020-10-16,SELL_CE_CPR,11900,11762.45,15.84,0.05,347.13,0.19,0.00178,-21.07,24.7,1,0.924
2020-10-19,BUY_CE_CPR,11850,11873.05,139.93,251.88,2749.71,0.546,0.00128,-16.49,25.0,4,0.189
2020-10-20,BUY_CE_CPR,11900,11896.8,99.39,178.91,1939.45,0.509,0.00163,-17.36,22.7,3,0.077
2020-10-21,BUY_CE_CPR,11950,11937.65,74.29,133.73,1437.77,0.487,0.00203,-20.57,22.2,2,0.02
2020-10-22,BUY_PE_CPR,11900,11896.45,56.04,100.87,1072.9,-0.502,0.00288,-28.73,22.3,1,0.227
2020-10-23,BUY_CE_CPR,11950,11930.35,34.61,62.3,644.58,0.437,0.00367,-22.04,17.2,1,0.084
2020-10-26,BUY_PE_CPR,11750,11767.75,71.35,128.43,1378.88,-0.447,0.00188,-11.34,17.1,4,0.064
2020-10-30,BUY_PE_CPR,11650,11642.4,44.52,80.14,842.65,-0.519,0.00381,-21.9,17.1,1,0.026
2020-11-02,BUY_CE_CPR,11650,11669.15,96.85,174.33,1888.6,0.556,0.00191,-11.35,16.9,4,0.001
2020-11-03,BUY_CE_CPR,11800,11813.5,81.82,147.27,1588.14,0.547,0.00221,-12.98,16.7,3,0.156
2020-11-04,BUY_CE_CPR,11900,11908.5,65.79,118.43,1267.88,0.537,0.00268,-15.87,16.8,2,0.189
2020-11-06,BUY_CE_CPR,12250,12263.55,55.3,99.54,1058.12,0.555,0.00335,-24.5,18.4,1,0.223
2020-11-10,BUY_CE_CPR,12650,12631.1,84.69,152.45,1645.64,0.482,0.00176,-16.15,19.8,3,0.213
2020-11-13,BUY_CE_CPR,12700,12719.95,55.71,100.28,1066.36,0.582,0.00356,-22.72,16.5,1,0.041
2020-11-17,BUY_CE_CPR,12850,12874.2,92.62,166.71,1804.03,0.568,0.00206,-13.8,16.4,3,0.046
2020-11-18,BUY_CE_CPR,12950,12938.25,59.03,106.25,1132.67,0.484,0.00254,-16.72,16.4,2,0.044
2020-11-19,BUY_PE_CPR,12750,12771.7,35.73,64.31,666.9,-0.417,0.00333,-23.84,17.5,1,0.283
2020-11-23,BUY_CE_CPR,12950,12926.45,78.95,142.11,1530.77,0.477,0.00185,-11.8,15.9,4,0.246
2020-11-24,BUY_CE_CPR,13050,13055.15,81.18,146.13,1575.48,0.529,0.00212,-13.68,15.9,3,0.149
2020-11-25,BUY_PE_CPR,12850,12858.4,55.32,99.57,1058.48,-0.464,0.00257,-16.42,16.2,2,0.138
2020-11-26,SELL_CE_CPR,13050,12987.0,19.3,15.44,48.74,0.288,0.00317,-19.01,15.8,1,0.674
2020-12-01,BUY_CE_CPR,13100,13109.05,83.25,149.85,1616.73,0.537,0.00211,-13.68,15.8,3,0.03
2020-12-03,BUY_CE_CPR,13150,13133.9,36.64,65.95,685.08,0.451,0.00366,-22.46,15.7,1,0.293
2020-12-04,BUY_CE_CPR,13250,13258.55,46.93,84.47,890.75,0.544,0.00383,-21.78,14.9,1,0.143
2020-12-07,BUY_CE_CPR,13350,13355.75,89.42,160.95,1740.0,0.533,0.00194,-11.42,14.6,4,0.21
2020-12-08,BUY_CE_CPR,13400,13392.95,66.62,119.92,1284.43,0.503,0.00239,-12.28,13.7,3,0.256
2020-12-09,BUY_CE_CPR,13550,13529.1,45.81,82.45,868.37,0.454,0.00296,-14.36,13.4,2,0.097
2020-12-10,BUY_PE_CPR,13500,13478.3,48.26,86.86,917.31,-0.579,0.00413,-19.92,13.4,1,0.148
2020-12-11,BUY_CE_CPR,13500,13513.85,45.51,81.92,862.46,0.571,0.00425,-19.49,13.1,1,0.133
2020-12-14,BUY_CE_CPR,13550,13558.15,83.08,149.54,1613.33,0.541,0.00214,-10.48,13.0,4,0.112
2020-12-15,BUY_CE_CPR,13550,13567.85,77.39,65.79,-338.4,0.564,0.00245,-11.9,13.1,3,0.114
2020-12-16,BUY_CE_CPR,13700,13682.7,47.14,84.85,895.02,0.465,0.00299,-14.35,13.1,2,0.241
2020-12-17,BUY_CE_CPR,13750,13740.7,34.34,61.82,639.22,0.472,0.00422,-19.93,13.1,1,0.162
2020-12-18,BUY_CE_CPR,13750,13760.55,39.18,70.52,735.84,0.565,0.00487,-17.3,11.2,1,0.084
2020-12-21,BUY_PE_CPR,13350,13328.4,107.95,194.32,2110.51,-0.515,0.00156,-13.95,18.3,4,0.224
2020-12-22,SELL_CE_CPR,13700,13466.3,19.37,3.17,357.48,0.163,0.00109,-9.69,18.6,3,0.624
2020-12-23,SELL_CE_CPR,13650,13601.1,54.72,43.78,224.88,0.41,0.00208,-19.14,18.6,2,0.607
2020-12-28,BUY_CE_CPR,13850,13873.2,117.31,211.15,2297.46,0.556,0.00158,-13.73,17.3,4,0.24
2020-12-29,BUY_CE_CPR,13950,13932.6,81.56,146.81,1582.99,0.485,0.00184,-15.58,17.1,3,0.119
2020-12-30,BUY_CE_CPR,14000,13981.95,63.35,114.04,1219.09,0.473,0.00228,-18.54,16.9,2,0.09
2020-12-31,BUY_CE_CPR,14000,13981.75,41.84,75.31,789.07,0.451,0.0032,-25.57,16.9,1,0.243
2021-01-01,BUY_CE_CPR,14000,14018.5,60.55,108.99,1163.05,0.569,0.00317,-25.73,16.9,1,0.005
2021-01-04,BUY_CE_CPR,14150,14132.9,95.67,172.21,1865.0,0.492,0.00161,-13.61,16.8,4,0.01
2021-01-07,BUY_PE_CPR,14150,14137.35,54.52,46.34,-252.33,-0.531,0.00322,-25.91,16.7,1,0.02
2021-01-08,BUY_CE_CPR,14350,14347.25,51.53,92.75,982.7,0.501,0.00308,-27.08,17.2,1,0.243
2021-01-11,BUY_CE_CPR,14500,14484.75,102.99,185.38,2011.31,0.496,0.00151,-14.44,17.4,4,0.243
2021-01-12,BUY_CE_CPR,14550,14563.45,102.82,185.07,2007.84,0.54,0.00172,-16.62,17.4,3,0.202
2021-01-13,BUY_CE_CPR,14550,14564.85,85.5,153.91,1661.79,0.545,0.00211,-20.06,17.5,2,0.237
2021-01-14,BUY_CE_CPR,14600,14595.6,51.97,72.76,471.84,0.496,0.00301,-27.71,17.3,1,0.093
2021-01-15,BUY_PE_CPR,14450,14433.7,62.31,112.16,1198.3,-0.538,0.00287,-28.85,18.3,1,0.235
2021-01-18,BUY_PE_CPR,14300,14281.3,118.04,212.47,2312.06,-0.508,0.0014,-15.52,19.1,4,0.252
2021-01-19,BUY_CE_CPR,14500,14521.15,86.0,154.79,1671.67,0.567,0.00222,-13.06,13.5,3,0.274
2021-01-21,BUY_PE_CPR,14600,14590.35,44.66,80.39,845.43,-0.526,0.00387,-21.85,13.5,1,0.241
2021-01-22,BUY_PE_CPR,14350,14371.9,33.97,61.15,631.78,-0.413,0.00344,-23.12,15.1,1,0.209
2021-01-25,SELL_CE_CPR,14500,14238.9,16.63,53.58,-971.26,0.142,0.00098,-6.84,15.5,4,0.547
2021-01-25,SELL_PE_CPR,14250,14238.9,92.41,107.85,-435.69,-0.498,0.00173,-12.77,15.5,4,0.547
2021-01-28,SELL_PE_CPR,13800,13817.55,42.48,84.97,-1110.51,-0.437,0.00303,-26.72,18.0,1,0.56
2021-01-29,BUY_PE_CPR,13650,13634.6,60.07,108.12,1153.41,-0.537,0.00297,-27.85,18.7,1,0.058
2021-02-02,SELL_CE_CPR,14650,14647.85,154.65,196.64,-1101.25,0.511,0.00105,-26.6,28.7,3,1.284
2021-02-03,BUY_CE_CPR,14800,14789.95,123.51,222.32,2421.46,0.498,0.00126,-32.76,28.8,2,0.214
2021-02-08,BUY_CE_CPR,15100,15115.8,194.04,349.27,3831.15,0.529,0.00088,-23.91,28.6,4,0.068
2021-02-10,BUY_PE_CPR,15100,15106.5,121.04,217.86,2372.0,-0.481,0.00125,-33.01,28.5,2,0.227
2021-02-11,BUY_CE_CPR,15150,15173.3,103.7,186.66,2025.49,0.549,0.00175,-46.22,28.5,1,0.148
2021-02-12,BUY_CE_CPR,15150,15163.3,98.37,177.06,1918.9,0.531,0.00176,-46.37,28.5,1,0.204
2021-02-15,BUY_CE_CPR,15300,15314.7,192.57,346.62,3801.72,0.529,0.00088,-23.8,28.1,4,0.005
2021-02-16,BUY_CE_CPR,15300,15313.45,163.34,294.02,3217.63,0.528,0.00104,-26.75,27.5,3,0.1
2021-02-17,BUY_PE_CPR,15200,15208.9,115.15,207.27,2254.32,-0.477,0.0013,-31.82,27.2,2,0.103
2021-02-18,BUY_PE_CPR,15100,15118.95,75.67,136.21,1465.25,-0.457,0.00184,-44.06,27.3,1,0.148
2021-02-19,BUY_PE_CPR,15000,14981.75,94.25,169.64,1836.54,-0.526,0.00184,-44.42,27.6,1,0.202
2021-02-22,BUY_PE_CPR,14700,14675.7,180.01,324.03,3550.83,-0.507,0.00092,-22.97,28.2,4,0.179
2021-02-23,SELL_CE_CPR,14900,14707.8,74.78,59.77,325.98,0.316,0.00096,-22.83,27.9,3,0.666
2021-02-24,BUY_CE_CPR,15000,14982.0,113.97,205.14,2230.76,0.487,0.00132,-31.3,27.2,2,0.202
2021-02-25,SELL_CE_CPR,15150,15097.35,61.03,35.38,592.21,0.409,0.00186,-41.74,26.5,1,0.513
2021-02-26,BUY_PE_CPR,14550,14529.15,103.57,186.42,2022.86,-0.528,0.00169,-48.32,31.0,1,0.108
2021-03-01,SELL_CE_CPR,14800,14761.55,144.41,171.89,-738.34,0.477,0.00101,-20.92,25.6,4,0.743
2021-03-02,BUY_CE_CPR,14900,14919.1,142.59,256.66,2802.75,0.538,0.00123,-22.76,23.9,3,0.174
2021-03-03,BUY_CE_CPR,15250,15245.6,113.5,204.3,2221.36,0.505,0.00141,-29.6,25.1,2,0.259
2021-03-05,BUY_PE_CPR,14950,14938.1,85.16,153.29,1655.0,-0.516,0.00198,-41.57,25.8,1,0.047
2021-03-08,BUY_CE_CPR,14950,14956.2,165.96,298.72,3269.85,0.522,0.00101,-21.02,25.2,4,0.174
2021-03-09,BUY_CE_CPR,15100,15098.4,142.7,256.85,2804.95,0.512,0.00114,-24.59,25.5,3,0.262
2021-03-12,BUY_PE_CPR,15050,15030.95,89.64,161.36,1744.58,-0.529,0.00196,-41.9,25.9,1,0.067
2021-03-15,SELL_PE_CPR,14800,14929.5,100.81,190.69,-2297.18,-0.359,0.00092,-19.95,26.0,4,0.509
2021-03-17,BUY_PE_CPR,14700,14721.3,100.09,180.16,1953.33,-0.459,0.0014,-29.31,26.0,2,0.275
2021-03-19,SELL_CE_CPR,14800,14744.0,58.75,13.73,1076.64,0.401,0.00187,-41.05,26.8,1,0.538
2021-03-22,SELL_PE_CPR,14500,14736.4,67.94,69.84,-96.75,-0.268,0.0008,-17.6,26.6,4,0.791
2021-03-23,BUY_CE_CPR,14800,14814.75,147.02,264.64,2891.43,0.531,0.00117,-23.89,25.3,3,0.25
2021-03-24,BUY_PE_CPR,14550,14549.4,111.03,199.86,2172.08,-0.49,0.0014,-29.61,26.4,2,0.101
2021-03-30,BUY_CE_CPR,14850,14845.1,124.86,224.75,2448.44,0.508,0.00129,-21.88,23.0,3,0.062
2021-04-01,BUY_CE_CPR,14850,14867.35,80.65,145.18,1564.88,0.548,0.00225,-36.31,22.6,1,0.23
2021-04-06,BUY_CE_CPR,14700,14683.5,108.06,194.51,2112.67,0.492,0.00142,-19.98,21.1,3,0.077
2021-04-07,BUY_CE_CPR,14800,14819.05,105.61,190.1,2063.66,0.545,0.0017,-24.53,21.3,2,0.031
2021-04-08,BUY_CE_CPR,14850,14873.8,80.2,144.36,1555.75,0.566,0.00237,-34.13,21.3,1,0.243
2021-04-09,BUY_PE_CPR,14850,14834.85,71.25,128.25,1376.91,-0.529,0.00245,-33.72,20.9,1,0.13
2021-04-12,BUY_PE_CPR,14300,14310.8,139.91,251.84,2749.26,-0.473,0.00106,-19.97,25.1,4,0.08
2021-04-13,SELL_CE_CPR,14550,14504.8,117.78,94.23,538.4,0.461,0.00117,-23.64,25.8,3,0.643
2021-04-19,BUY_PE_CPR,14350,14359.45,148.65,267.57,2923.97,-0.475,0.001,-21.0,26.4,4,0.049
2021-04-23,SELL_CE_CPR,14550,14341.35,14.51,0.05,313.97,0.147,0.00119,-22.57,25.8,1,0.549
2021-04-23,SELL_PE_CPR,14250,14341.35,38.9,0.11,921.44,-0.311,0.00183,-34.95,25.8,1,0.549
2021-04-26,BUY_CE_CPR,14500,14485.0,155.23,279.42,3055.49,0.501,0.00101,-20.96,26.0,4,0.119
2021-04-27,BUY_CE_CPR,14650,14653.05,140.39,252.69,2758.76,0.517,0.00118,-23.79,25.5,3,0.02
2021-04-30,BUY_PE_CPR,14650,14631.1,81.81,147.25,1587.94,-0.533,0.00216,-37.95,24.0,1,0.157
2021-05-06,BUY_CE_CPR,14700,14724.8,85.06,153.1,1652.85,0.564,0.00223,-36.29,22.9,1,0.206
2021-05-07,BUY_CE_CPR,14800,14823.15,84.15,151.46,1634.66,0.56,0.00223,-36.34,22.8,1,0.212
2021-05-10,BUY_CE_CPR,14950,14942.35,144.93,260.88,2849.68,0.508,0.00111,-19.25,23.0,4,0.04
2021-05-11,BUY_PE_CPR,14850,14850.75,119.79,215.62,2347.13,-0.485,0.00128,-21.97,23.1,3,0.057
2021-05-12,BUY_PE_CPR,14700,14696.5,76.78,138.2,1487.35,-0.494,0.00205,-20.71,17.9,2,0.068
2021-05-14,BUY_PE_CPR,14700,14677.8,62.92,113.25,1210.33,-0.557,0.003,-27.45,17.1,1,0.183
2021-05-17,BUY_CE_CPR,14900,14923.15,131.34,236.41,2577.98,0.551,0.00139,-15.55,18.3,4,0.031
2021-05-19,BUY_PE_CPR,15050,15030.15,83.64,150.54,1624.46,-0.528,0.00209,-20.42,17.2,2,0.078
2021-05-20,BUY_PE_CPR,14900,14906.05,50.18,90.32,955.77,-0.473,0.00292,-28.42,17.5,1,0.183
2021-05-25,BUY_CE_CPR,15200,15208.45,107.73,193.91,2106.04,0.53,0.0016,-17.92,18.0,3,0.014
2021-05-26,BUY_CE_CPR,15300,15301.45,83.46,150.24,1621.05,0.516,0.00199,-21.37,17.7,2,0.088
2021-05-27,BUY_CE_CPR,15350,15337.85,49.61,89.31,944.47,0.474,0.00293,-28.32,16.9,1,0.191
2021-05-28,BUY_CE_CPR,15450,15435.65,49.3,88.74,938.19,0.468,0.00289,-28.63,17.0,1,0.04
2021-05-31,BUY_CE_CPR,15600,15582.8,94.85,170.73,1848.6,0.493,0.00163,-13.58,15.0,4,0.015
2021-06-02,BUY_PE_CPR,15600,15576.2,74.62,134.31,1444.22,-0.542,0.00243,-17.69,14.1,2,0.084
2021-06-03,BUY_CE_CPR,15700,15690.35,42.82,77.08,808.66,0.478,0.00344,-24.37,14.1,1,0.202
2021-06-07,BUY_CE_CPR,15750,15751.65,99.09,178.36,1933.38,0.525,0.00172,-13.0,14.1,4,0.033
2021-06-09,BUY_PE_CPR,15650,15635.35,69.48,125.07,1341.58,-0.52,0.00245,-17.65,14.0,2,0.046
2021-06-10,BUY_CE_CPR,15750,15737.75,38.0,68.4,712.37,0.466,0.00373,-22.5,12.9,1,0.205
2021-06-11,BUY_CE_CPR,15800,15799.35,43.28,77.9,817.84,0.509,0.00377,-22.52,12.8,1,0.16
2021-06-14,BUY_CE_CPR,15800,15811.85,88.39,159.11,1719.57,0.55,0.00207,-11.0,11.6,4,0.028
2021-06-16,BUY_PE_CPR,15750,15767.55,40.46,72.83,761.53,-0.427,0.00305,-13.8,11.0,2,0.012
2021-06-17,BUY_PE_CPR,15700,15691.4,37.38,67.28,699.94,-0.526,0.00462,-18.64,10.5,1,0.188
2021-06-18,BUY_PE_CPR,15700,15683.35,34.44,61.98,641.08,-0.58,0.00579,-14.82,8.2,1,0.007
2021-06-23,BUY_PE_CPR,15700,15686.95,43.5,78.3,822.27,-0.529,0.004,-11.37,8.6,2,0.217
2021-06-25,BUY_CE_CPR,15850,15860.35,35.77,64.38,667.67,0.574,0.00545,-15.72,8.7,1,0.119
2021-06-28,BUY_PE_CPR,15800,15814.7,41.38,74.49,779.94,-0.421,0.00292,-7.74,8.1,4,0.164
2021-06-29,BUY_PE_CPR,15750,15748.45,44.04,79.27,833.01,-0.475,0.00335,-9.23,8.3,3,0.166
2021-06-30,BUY_PE_CPR,15700,15721.5,26.78,48.21,488.14,-0.389,0.00394,-10.43,8.4,2,0.134
2021-07-01,BUY_PE_CPR,15700,15680.0,35.7,64.27,666.43,-0.602,0.00587,-14.35,8.0,1,0.223
2021-07-02,BUY_CE_CPR,15700,15722.2,40.61,73.1,764.56,0.649,0.00563,-14.02,8.0,1,0.133
2021-07-05,BUY_CE_CPR,15850,15834.35,52.23,94.01,996.71,0.489,0.00293,-8.16,8.2,4,0.148
2021-07-07,BUY_CE_CPR,15900,15879.65,30.65,55.16,565.32,0.439,0.00419,-10.51,8.0,2,0.165
2021-07-08,BUY_PE_CPR,15750,15727.9,38.48,69.27,722.01,-0.608,0.00552,-15.08,8.5,1,0.182
2021-07-09,BUY_PE_CPR,15700,15689.8,31.16,56.08,575.56,-0.542,0.0058,-15.09,8.3,1,0.24
2021-07-12,BUY_CE_CPR,15700,15692.6,56.42,101.56,1080.5,0.513,0.00292,-8.23,8.3,4,0.034
2021-07-13,BUY_CE_CPR,15800,15812.35,61.36,110.45,1179.31,0.567,0.00312,-9.85,8.8,3,0.103
2021-07-14,BUY_CE_CPR,15850,15853.95,44.48,80.07,841.93,0.54,0.00401,-11.35,8.4,2,0.125
2021-07-15,BUY_CE_CPR,15900,15924.2,43.18,77.72,815.8,0.653,0.00534,-14.62,8.3,1,0.139
2021-07-16,BUY_CE_CPR,15900,15923.4,42.63,76.73,804.77,0.649,0.00537,-14.65,8.3,1,0.086
2021-07-19,BUY_PE_CPR,15750,15752.4,55.25,99.45,1057.11,-0.463,0.00256,-9.01,9.4,4,0.004
2021-07-20,BUY_PE_CPR,15650,15632.1,60.74,109.34,1166.91,-0.525,0.00285,-10.76,9.9,3,0.084
2021-07-22,BUY_CE_CPR,15800,15824.05,50.95,91.71,971.15,0.618,0.00423,-18.92,10.9,1,0.09
2021-07-23,BUY_CE_CPR,15850,15856.05,39.66,71.39,745.49,0.541,0.00452,-18.95,10.6,1,0.183
2021-07-26,BUY_PE_CPR,15800,15824.45,52.68,94.83,1005.76,-0.416,0.00225,-9.63,10.5,4,0.092
2021-07-27,BUY_PE_CPR,15750,15746.45,57.91,104.24,1110.28,-0.485,0.00264,-11.42,10.6,3,0.088
2021-07-28,BUY_PE_CPR,15700,15709.4,41.54,74.77,783.11,-0.45,0.00324,-13.34,10.5,2,0.19
2021-07-29,BUY_CE_CPR,15800,15778.45,26.47,47.64,481.79,0.417,0.00445,-18.29,10.6,1,0.291
2021-07-30,BUY_PE_CPR,15750,15763.05,27.43,49.37,501.04,-0.427,0.0045,-18.31,10.6,1,0.004
2021-08-02,BUY_CE_CPR,15900,15885.15,71.01,127.82,1372.15,0.495,0.00219,-10.48,11.0,4,0.171
2021-08-03,BUY_CE_CPR,16150,16130.75,66.44,119.58,1280.69,0.479,0.00222,-13.28,12.3,3,0.088
2021-08-05,BUY_CE_CPR,16300,16294.6,41.37,74.47,779.73,0.492,0.00373,-22.72,12.5,1,0.105
2021-08-06,BUY_PE_CPR,16250,16238.2,44.69,80.44,846.0,-0.534,0.00396,-21.51,11.8,1,0.06
2021-08-09,BUY_CE_CPR,16250,16258.25,89.64,161.35,1744.49,0.542,0.00199,-11.42,11.7,4,0.172
2021-08-10,BUY_CE_CPR,16300,16280.1,63.31,113.95,1218.11,0.476,0.00231,-12.8,11.7,3,0.034
2021-08-11,BUY_CE_CPR,16300,16282.25,49.17,88.51,935.65,0.467,0.00289,-15.03,11.4,2,0.003
2021-08-12,BUY_CE_CPR,16350,16364.4,48.56,87.41,923.39,0.571,0.00398,-21.0,11.5,1,0.129
2021-08-13,BUY_CE_CPR,16550,16529.1,32.97,59.34,611.7,0.432,0.0038,-21.62,12.0,1,0.134
2021-08-16,BUY_CE_CPR,16550,16563.05,95.52,171.94,1862.09,0.55,0.00191,-11.85,11.9,4,0.278
2021-08-17,BUY_CE_CPR,16600,16614.6,76.1,136.98,1473.8,0.56,0.00247,-12.14,10.6,3,0.112
2021-08-20,BUY_PE_CPR,16450,16450.5,32.32,58.18,598.87,-0.483,0.00467,-18.41,9.9,1,0.203
2021-08-23,BUY_CE_CPR,16500,16496.45,72.42,130.36,1400.31,0.521,0.00233,-10.04,9.9,4,0.031
2021-08-24,BUY_CE_CPR,16600,16624.6,78.39,141.1,1519.61,0.59,0.00258,-11.52,10.0,3,0.009
2021-08-25,BUY_CE_CPR,16650,16634.65,42.34,76.21,799.05,0.469,0.00338,-13.07,9.5,2,0.214
2021-08-26,BUY_PE_CPR,16650,16636.9,37.86,68.14,709.47,-0.548,0.00486,-17.78,9.4,1,0.122
2021-08-27,BUY_CE_CPR,16700,16705.2,36.88,66.38,689.9,0.541,0.00485,-17.84,9.4,1,0.027
2021-08-30,BUY_CE_CPR,16950,16931.05,68.3,122.95,1318.03,0.487,0.00222,-10.41,10.1,4,0.242
2021-08-31,BUY_CE_CPR,17150,17132.2,61.22,110.19,1176.37,0.481,0.00243,-12.35,10.6,3,0.284
2021-09-02,BUY_CE_CPR,17250,17234.15,29.31,52.75,538.59,0.444,0.00446,-18.84,9.8,1,0.248
2021-09-06,BUY_CE_CPR,17400,17377.8,63.76,114.77,1227.26,0.479,0.00232,-10.03,9.4,4,0.182
2021-09-07,BUY_PE_CPR,17350,17362.1,49.97,89.95,951.58,-0.442,0.00262,-11.28,9.6,3,0.037
2021-09-08,BUY_PE_CPR,17350,17353.5,44.82,80.67,848.59,-0.467,0.0032,-13.79,9.7,2,0.001
2021-09-09,BUY_CE_CPR,17350,17369.25,47.19,40.11,-224.75,0.602,0.00441,-18.74,9.6,1,0.133
2021-09-14,BUY_CE_CPR,17400,17380.0,52.98,95.37,1011.78,0.472,0.00273,-11.12,9.3,3,0.121
2021-09-15,BUY_CE_CPR,17500,17519.45,63.09,113.57,1213.9,0.584,0.00316,-13.84,9.5,2,0.087
2021-09-16,BUY_CE_CPR,17650,17629.5,27.42,49.36,500.93,0.424,0.00441,-18.7,9.6,1,0.226
2021-09-23,BUY_CE_CPR,17800,17822.95,58.19,104.75,1115.92,0.595,0.00352,-23.22,11.8,1,0.077
2021-09-24,BUY_CE_CPR,17850,17853.2,47.04,84.67,893.03,0.524,0.00363,-23.51,11.7,1,0.29
2021-09-27,BUY_PE_CPR,17850,17855.1,79.5,143.11,1541.9,-0.465,0.0018,-12.47,11.8,4,0.113
2021-09-28,BUY_PE_CPR,17750,17748.6,70.27,126.48,1357.29,-0.481,0.00214,-13.89,11.6,3,0.068
2021-09-29,BUY_PE_CPR,17700,17711.3,48.88,87.98,929.76,-0.45,0.00276,-15.63,11.0,2,0.016
2021-09-30,BUY_PE_CPR,17600,17618.15,31.19,56.14,576.16,-0.417,0.0038,-21.35,11.1,1,0.062
2021-10-01,BUY_PE_CPR,17550,17532.05,47.87,86.16,909.57,-0.558,0.00394,-21.54,10.9,1,0.173
2021-10-04,BUY_CE_CPR,17700,17691.25,85.44,153.78,1660.44,0.51,0.00191,-12.03,11.3,4,0.102
2021-10-05,BUY_CE_CPR,17800,17822.3,91.49,164.68,1781.47,0.57,0.0021,-14.03,11.6,3,0.094
2021-10-08,BUY_CE_CPR,17900,17895.2,47.4,85.31,900.12,0.496,0.0033,-25.67,12.9,1,0.076
2021-10-11,BUY_CE_CPR,17950,17945.95,100.86,181.54,1968.7,0.517,0.00165,-13.68,12.9,4,0.015
2021-10-12,BUY_CE_CPR,18000,17991.95,84.55,152.2,1642.83,0.505,0.0019,-15.57,12.9,3,0.02
2021-10-13,BUY_CE_CPR,18150,18161.75,79.2,142.56,1535.86,0.543,0.00227,-19.08,13.0,2,0.202
2021-10-14,BUY_CE_CPR,18350,18338.55,46.89,84.41,890.08,0.476,0.00312,-26.93,13.3,1,0.136
2021-10-18,BUY_CE_CPR,18500,18477.05,98.0,176.41,1911.66,0.488,0.00155,-14.43,13.3,4,0.14
2021-10-19,BUY_PE_CPR,18400,18418.75,68.51,123.32,1322.11,-0.443,0.00192,-15.0,12.3,3,0.062
2021-10-20,BUY_PE_CPR,18250,18266.6,57.93,104.28,1110.75,-0.445,0.00229,-18.52,12.8,2,0.264
2021-10-21,BUY_PE_CPR,18200,18178.1,59.38,106.88,1139.61,-0.558,0.00318,-26.28,13.0,1,0.247
2021-10-22,BUY_PE_CPR,18100,18114.9,35.9,64.62,670.4,-0.434,0.00354,-23.3,11.7,1,0.14
2021-10-25,BUY_PE_CPR,18150,18125.4,94.79,170.63,1847.46,-0.518,0.00179,-12.78,11.7,4,0.218
2021-10-26,BUY_CE_CPR,18250,18268.4,94.6,170.28,1843.67,0.558,0.00197,-14.96,12.1,3,0.075
2021-10-28,BUY_PE_CPR,17850,17857.25,49.23,88.61,936.73,-0.468,0.00292,-28.56,14.6,1,0.164
2021-10-29,SELL_PE_CPR,17650,17671.65,44.02,38.75,83.34,-0.428,0.00282,-28.68,15.1,1,0.52
2021-11-03,BUY_PE_CPR,17850,17829.2,88.77,159.79,1727.15,-0.526,0.00195,-21.97,15.4,2,0.153
2021-11-04,BUY_CE_CPR,17900,17916.8,66.45,119.6,1280.88,0.558,0.00282,-29.43,14.9,1,0.164
2021-11-08,BUY_CE_CPR,18050,18068.55,129.27,232.68,2536.49,0.547,0.0014,-15.76,15.0,4,0.027
2021-11-10,BUY_PE_CPR,18000,18017.2,67.51,121.51,1302.07,-0.45,0.002,-21.0,14.8,2,0.013
2021-11-11,BUY_PE_CPR,17850,17873.6,44.08,79.34,833.81,-0.423,0.00276,-29.08,15.1,1,0.108
2021-11-12,BUY_CE_CPR,18100,18102.75,61.89,111.39,1189.74,0.518,0.0027,-31.06,15.6,1,0.041
2021-11-16,BUY_PE_CPR,18000,17999.2,91.47,164.64,1780.96,-0.483,0.00166,-17.52,14.7,3,0.116
2021-11-17,BUY_PE_CPR,17900,17898.65,75.77,136.39,1467.31,-0.488,0.00203,-21.13,14.8,2,0.173
2021-11-18,BUY_PE_CPR,17750,17764.8,46.17,83.1,875.57,-0.446,0.00288,-28.53,14.7,1,0.196
2021-11-22,BUY_PE_CPR,17400,17416.55,106.13,191.03,2074.08,-0.458,0.00132,-16.38,16.5,4,0.2
2021-11-25,BUY_CE_CPR,17550,17536.25,55.96,100.73,1071.3,0.474,0.0026,-31.96,16.7,1,0.237
2021-11-29,SELL_CE_CPR,17250,17053.95,63.04,57.1,99.66,0.298,0.00103,-15.53,18.9,4,0.563
2021-11-29,SELL_PE_CPR,16800,17053.95,40.82,81.64,-1068.87,-0.211,0.00086,-12.86,18.9,4,0.563
2021-12-01,SELL_CE_CPR,17200,17166.9,79.0,86.38,-233.83,0.456,0.00172,-24.19,18.1,2,0.562
2021-12-02,BUY_CE_CPR,17400,17401.65,72.21,129.97,1396.03,0.513,0.00228,-36.47,19.2,1,0.108
2021-12-08,BUY_CE_CPR,17450,17469.75,130.26,234.47,2556.41,0.539,0.00135,-30.74,22.7,2,0.218
2021-12-09,BUY_CE_CPR,17500,17516.85,93.46,168.22,1820.77,0.541,0.0019,-43.02,22.7,1,0.278
2021-12-10,BUY_CE_CPR,17500,17511.3,89.85,76.37,-385.25,0.53,0.00192,-42.76,22.6,1,0.211
2021-12-13,BUY_PE_CPR,17350,17368.25,144.05,259.29,2832.01,-0.465,0.001,-21.26,21.9,4,0.159
2021-12-15,BUY_PE_CPR,17200,17221.4,98.04,176.48,1912.44,-0.457,0.00142,-29.1,21.9,2,0.093
2021-12-16,BUY_CE_CPR,17250,17248.4,79.6,143.28,1543.8,0.505,0.00202,-40.97,21.9,1,0.194
2021-12-17,BUY_PE_CPR,17000,16985.2,85.79,154.42,1667.47,-0.521,0.00199,-41.4,22.5,1,0.132
2021-12-21,BUY_CE_CPR,16750,16770.85,155.57,280.02,3062.19,0.538,0.00113,-24.86,23.1,3,0.044
2021-12-22,BUY_CE_CPR,16950,16955.45,124.41,223.94,2439.44,0.519,0.00134,-31.17,23.7,2,0.163
2021-12-23,BUY_CE_CPR,17050,17072.6,97.82,176.07,1907.95,0.551,0.00187,-43.54,23.7,1,0.235
2021-12-24,BUY_PE_CPR,17000,17003.75,69.2,124.56,1335.98,-0.483,0.00219,-37.72,20.4,1,0.022
2021-12-27,BUY_CE_CPR,17100,17086.25,145.67,262.2,2864.31,0.503,0.00109,-19.81,20.5,4,0.113
2021-12-30,BUY_PE_CPR,17200,17203.95,66.34,119.41,1278.75,-0.482,0.00228,-36.35,19.4,1,0.069
2021-12-31,BUY_CE_CPR,17350,17354.05,73.0,131.39,1411.81,0.518,0.00229,-36.24,19.1,1,0.005
2022-01-03,BUY_CE_CPR,17650,17625.7,131.15,236.07,2574.21,0.49,0.00116,-18.62,18.6,4,0.13
2022-01-06,BUY_PE_CPR,17750,17745.9,65.65,118.16,1264.89,-0.5,0.00244,-34.18,17.6,1,0.295
2022-01-07,BUY_CE_CPR,17800,17812.7,73.78,132.8,1427.39,0.54,0.00242,-34.32,17.6,1,0.072
2022-01-10,BUY_CE_CPR,18000,18003.3,140.54,252.97,2761.83,0.523,0.0012,-18.17,17.6,4,0.029
2022-01-11,BUY_CE_CPR,18050,18055.75,122.18,219.93,2394.97,0.525,0.00139,-20.69,17.5,3,0.203
2022-01-12,BUY_CE_CPR,18200,18212.35,102.99,185.38,2011.25,0.535,0.0017,-24.96,17.4,2,0.121
2022-01-13,BUY_CE_CPR,18250,18257.8,71.77,129.19,1387.38,0.528,0.0024,-34.68,17.3,1,0.124
2022-01-14,BUY_CE_CPR,18250,18255.75,63.9,54.32,-287.63,0.526,0.00268,-31.29,15.6,1,0.145
2022-01-17,BUY_CE_CPR,18300,18308.1,95.01,171.03,1851.91,0.542,0.00188,-12.2,11.0,4,0.191
2022-01-18,BUY_PE_CPR,18100,18113.05,70.98,127.77,1371.6,-0.454,0.00193,-15.03,12.5,3,0.121
2022-01-20,BUY_PE_CPR,17750,17757.0,47.49,85.49,902.07,-0.468,0.00303,-27.62,14.1,1,0.258
2022-01-21,BUY_PE_CPR,17600,17617.15,43.82,78.88,828.74,-0.438,0.00295,-27.75,14.5,1,0.148
2022-01-24,BUY_PE_CPR,17150,17149.1,127.32,229.17,2497.57,-0.483,0.0012,-18.1,18.6,4,0.079
2022-01-25,SELL_CE_CPR,17500,17277.95,39.53,13.41,604.71,0.235,0.00106,-15.55,18.5,3,0.577
2022-01-25,SELL_PE_CPR,16800,17277.95,5.14,1.11,53.33,-0.043,0.00032,-4.56,18.5,3,0.577
2022-01-27,SELL_PE_CPR,17000,17110.15,25.36,50.72,-681.92,-0.25,0.00187,-27.67,18.9,1,0.799
2022-02-01,BUY_CE_CPR,17600,17576.85,115.29,207.53,2257.21,0.486,0.0013,-21.82,19.2,3,0.011
2022-02-02,SELL_CE_CPR,17800,17780.0,94.82,85.07,194.1,0.481,0.00157,-26.85,19.3,2,0.538
2022-02-03,BUY_PE_CPR,17550,17560.2,65.83,118.49,1268.52,-0.469,0.00219,-37.53,19.7,1,0.172
2022-02-07,BUY_PE_CPR,17200,17213.6,134.06,241.32,2632.42,-0.468,0.00108,-19.74,20.4,4,0.092
2022-02-10,BUY_CE_CPR,17600,17605.85,79.74,143.53,1546.55,0.521,0.00211,-39.16,20.4,1,0.211
2022-02-11,BUY_PE_CPR,17350,17374.75,62.61,112.7,1204.18,-0.44,0.00208,-38.82,20.9,1,0.278
2022-02-14,BUY_PE_CPR,16850,16842.8,165.59,298.05,3262.45,-0.49,0.00095,-22.49,23.9,4,0.016
2022-02-16,SELL_CE_CPR,17650,17322.2,34.8,1.68,779.66,0.184,0.00076,-23.83,27.3,2,0.944
2022-02-17,BUY_PE_CPR,17300,17304.6,94.12,169.42,1834.05,-0.485,0.00162,-50.44,27.1,1,0.2
2022-02-18,BUY_PE_CPR,17300,17276.3,107.63,193.73,2104.03,-0.531,0.00164,-49.96,26.9,1,0.134
2022-02-21,BUY_PE_CPR,17200,17206.65,182.78,329.0,3606.08,-0.479,0.00083,-25.49,26.7,4,0.092
2022-02-22,BUY_PE_CPR,17100,17092.2,150.84,271.51,2967.7,-0.494,0.00105,-26.78,24.5,3,0.016
2022-02-24,BUY_PE_CPR,16250,16247.95,105.34,189.61,2058.31,-0.495,0.0015,-54.33,31.2,1,0.25
2022-02-28,BUY_CE_CPR,16800,16793.9,232.68,418.83,4603.54,0.511,0.00069,-30.2,32.8,4,0.178
2022-03-02,SELL_PE_CPR,16550,16605.95,129.15,170.67,-1088.84,-0.433,0.00099,-40.36,32.3,2,0.834
2022-03-03,BUY_PE_CPR,16500,16498.05,108.85,195.93,2128.46,-0.495,0.00146,-56.14,31.7,1,0.111
2022-03-07,BUY_PE_CPR,15850,15863.15,205.88,370.58,4067.81,-0.475,0.00073,-28.58,32.9,4,0.208
2022-03-08,BUY_CE_CPR,16000,16013.45,201.93,363.47,3988.87,0.524,0.00083,-33.21,33.0,3,0.146
2022-03-11,BUY_CE_CPR,16650,16630.45,111.37,200.46,2178.72,0.482,0.00133,-61.05,34.4,1,0.031
2022-03-14,BUY_CE_CPR,16850,16871.3,261.75,471.15,5184.58,0.529,0.00065,-32.09,34.8,4,0.189
2022-03-17,BUY_CE_CPR,17300,17287.05,111.37,200.46,2178.71,0.49,0.00137,-59.57,32.2,1,0.241
2022-03-21,BUY_PE_CPR,17100,17117.6,217.08,390.74,4291.69,-0.473,0.00068,-30.4,32.4,4,0.105
2022-03-23,SELL_CE_CPR,17500,17245.65,72.48,20.81,1242.64,0.282,0.00081,-36.23,32.8,2,0.561
2022-03-23,SELL_PE_CPR,17150,17245.65,120.59,73.87,1117.32,-0.399,0.00092,-41.66,32.8,2,0.561
2022-03-24,BUY_PE_CPR,17200,17222.75,104.98,188.96,2050.99,-0.462,0.00135,-59.92,32.7,1,0.292
2022-03-25,BUY_PE_CPR,17150,17153.0,114.16,205.5,2234.67,-0.488,0.00136,-60.08,32.7,1,0.122
2022-03-28,BUY_CE_CPR,17200,17222.0,197.03,354.65,3890.94,0.536,0.00088,-23.96,25.0,4,0.127
2022-03-30,BUY_CE_CPR,17500,17498.25,122.44,220.4,2400.15,0.509,0.00132,-31.61,23.3,2,0.136
2022-04-01,BUY_CE_CPR,17650,17670.45,95.57,172.03,1863.03,0.547,0.0019,-43.06,22.6,1,0.124
2022-04-06,BUY_PE_CPR,17800,17807.65,97.39,175.29,1899.3,-0.476,0.00152,-27.55,19.8,2,0.191
2022-04-07,BUY_PE_CPR,17650,17639.55,75.82,136.48,1468.32,-0.514,0.00221,-37.65,19.6,1,0.124
2022-04-08,BUY_CE_CPR,17800,17784.35,64.76,116.57,1247.17,0.474,0.00224,-36.81,19.1,1,0.248
2022-04-11,BUY_PE_CPR,17650,17674.95,125.54,225.97,2461.97,-0.454,0.0011,-19.29,19.5,4,0.236
2022-04-12,BUY_PE_CPR,17550,17530.3,127.89,230.21,2509.1,-0.51,0.0013,-22.05,19.3,3,0.152
2022-04-13,BUY_PE_CPR,17500,17475.65,104.78,188.6,2047.05,-0.527,0.00166,-25.45,18.5,2,0.044
2022-04-19,BUY_PE_CPR,16950,16958.65,101.2,182.16,1975.48,-0.471,0.00144,-19.71,17.9,3,0.082
2022-04-21,BUY_CE_CPR,17400,17392.6,64.99,116.99,1251.83,0.492,0.00237,-35.06,18.5,1,0.206
2022-04-25,BUY_PE_CPR,16950,16953.95,132.53,238.55,2601.66,-0.478,0.00113,-19.0,19.8,4,0.237
2022-04-26,BUY_CE_CPR,17200,17200.8,133.93,241.07,2629.71,0.516,0.00123,-23.03,20.7,3,0.068
2022-04-27,BUY_PE_CPR,17050,17038.4,108.52,195.33,2121.76,-0.505,0.00151,-27.98,21.0,2,0.222
2022-04-28,BUY_CE_CPR,17250,17245.05,76.42,137.56,1480.31,0.498,0.00206,-40.19,21.5,1,0.015
2022-04-29,BUY_PE_CPR,17100,17102.55,73.13,131.64,1414.56,-0.486,0.0021,-39.43,21.3,1,0.188
2022-05-04,BUY_PE_CPR,16700,16677.6,118.33,212.99,2317.86,-0.521,0.00145,-28.99,22.3,2,0.257
2022-05-09,BUY_PE_CPR,16300,16301.85,132.09,237.76,2592.98,-0.48,0.00115,-18.74,20.4,4,0.005
2022-05-10,BUY_PE_CPR,16250,16240.05,119.69,215.43,2345.01,-0.498,0.00134,-21.3,20.3,3,0.119
2022-05-11,BUY_PE_CPR,16150,16167.1,82.37,148.26,1599.08,-0.458,0.00169,-24.56,19.6,2,0.251
2022-05-12,BUY_PE_CPR,15800,15808.0,63.56,114.4,1223.14,-0.473,0.00231,-35.69,20.9,1,0.048
2022-05-16,SELL_CE_CPR,15950,15842.3,97.72,165.79,-1751.54,0.397,0.0011,-18.04,21.2,4,0.547
2022-05-17,BUY_CE_CPR,16250,16259.3,149.82,269.67,2947.29,0.525,0.00113,-24.9,23.9,3,0.068
2022-05-18,SELL_CE_CPR,16450,16240.3,39.67,3.7,850.7,0.24,0.0011,-22.69,23.6,2,0.685
2022-05-19,BUY_PE_CPR,15800,15809.4,76.34,137.42,1478.7,-0.474,0.00193,-42.43,24.9,1,0.275
2022-05-20,BUY_CE_CPR,16250,16266.15,102.39,184.3,1999.35,0.536,0.00171,-47.66,27.3,1,0.289
2022-05-23,SELL_CE_CPR,16400,16214.7,109.67,62.7,1124.03,0.358,0.00082,-22.38,27.0,4,0.504
2022-05-23,SELL_PE_CPR,16100,16214.7,125.72,99.99,592.34,-0.386,0.00084,-23.02,27.0,4,0.504
2022-05-25,BUY_PE_CPR,16050,16025.8,131.01,235.81,2571.31,-0.52,0.00131,-31.84,25.7,2,0.189
2022-05-30,BUY_CE_CPR,16650,16661.4,201.13,362.03,3972.87,0.525,0.00084,-25.15,27.2,4,0.225
2022-05-31,BUY_PE_CPR,16600,16584.55,166.82,300.27,3287.07,-0.501,0.00097,-28.76,27.3,3,0.243
2022-06-01,BUY_PE_CPR,16500,16522.75,111.19,200.15,2175.27,-0.46,0.00127,-32.49,25.6,2,0.088
2022-06-02,BUY_CE_CPR,16650,16628.0,80.4,144.71,1559.7,0.469,0.00177,-46.01,25.8,1,0.085
2022-06-07,BUY_PE_CPR,16400,16416.35,135.87,244.56,2668.45,-0.469,0.00107,-26.02,25.0,3,0.17
2022-06-08,BUY_PE_CPR,16350,16356.25,114.44,206.0,2240.25,-0.48,0.00132,-31.49,24.9,2,0.003
2022-06-09,BUY_CE_CPR,16500,16478.1,70.06,126.1,1353.06,0.464,0.002,-40.76,23.0,1,0.192
2022-06-13,BUY_PE_CPR,15750,15774.4,158.88,285.99,3128.47,-0.462,0.0009,-23.27,26.8,4,0.198
2022-06-14,BUY_PE_CPR,15750,15732.1,143.02,257.44,2811.51,-0.507,0.00115,-24.47,24.3,3,0.045
2022-06-15,BUY_PE_CPR,15700,15692.15,113.69,159.17,1088.31,-0.5,0.00141,-29.55,24.3,2,0.113
2022-06-16,BUY_PE_CPR,15350,15360.6,68.45,123.21,1320.9,-0.469,0.00212,-38.66,23.4,1,0.17
2022-06-20,BUY_CE_CPR,15350,15350.15,131.97,237.55,2590.64,0.518,0.00126,-17.18,19.7,4,0.007
2022-06-21,BUY_CE_CPR,15650,15638.8,120.22,216.4,2355.73,0.5,0.00131,-21.64,21.5,3,0.27
2022-06-23,BUY_CE_CPR,15550,15556.65,76.6,137.88,1483.85,0.523,0.00221,-37.28,22.1,1,0.267
2022-06-24,BUY_CE_CPR,15700,15699.25,72.83,131.1,1408.55,0.507,0.00222,-37.3,21.9,1,0.249
2022-06-27,BUY_CE_CPR,15850,15832.05,132.63,238.74,2603.84,0.496,0.00117,-18.36,20.6,4,0.063
2022-06-28,BUY_CE_CPR,15850,15850.2,122.38,220.28,2398.84,0.515,0.00135,-21.09,20.6,3,0.166
2022-06-29,BUY_PE_CPR,15800,15799.1,93.68,168.62,1825.13,-0.489,0.00166,-25.39,20.6,2,0.207
2022-07-01,BUY_PE_CPR,15750,15752.05,64.24,115.63,1236.75,-0.486,0.00239,-34.68,20.3,1,0.123
2022-07-08,BUY_CE_CPR,16200,16220.6,80.33,144.59,1558.35,0.557,0.00232,-35.24,20.1,1,0.143
2022-07-11,BUY_PE_CPR,16200,16216.0,98.14,176.66,1914.47,-0.457,0.00142,-15.19,16.5,4,0.016
2022-07-12,BUY_PE_CPR,16050,16058.3,90.54,162.97,1762.5,-0.47,0.00161,-17.78,17.0,3,0.141
2022-07-13,BUY_PE_CPR,15950,15966.65,70.26,126.47,1357.12,-0.454,0.00195,-21.41,17.2,2,0.153
2022-07-15,BUY_CE_CPR,16050,16049.2,48.77,87.78,927.5,0.508,0.00333,-25.31,14.2,1,0.107
2022-07-18,BUY_CE_CPR,16300,16278.5,97.34,175.22,1898.48,0.488,0.00156,-14.16,15.0,4,0.213
2022-07-19,BUY_CE_CPR,16350,16340.55,79.14,142.45,1534.58,0.501,0.002,-14.69,13.5,3,0.259
2022-07-20,BUY_CE_CPR,16500,16520.85,71.97,129.54,1391.23,0.575,0.00271,-15.84,11.8,2,0.271
2022-07-21,BUY_CE_CPR,16600,16605.25,44.39,79.9,839.99,0.534,0.00395,-21.58,11.6,1,0.075
2022-07-22,BUY_CE_CPR,16700,16719.45,52.04,93.68,993.02,0.59,0.00389,-21.17,11.4,1,0.199
2022-07-25,BUY_PE_CPR,16650,16631.0,84.74,152.53,1646.49,-0.512,0.00196,-11.66,11.7,4,0.152
2022-07-26,BUY_PE_CPR,16500,16483.85,78.62,141.52,1524.21,-0.513,0.00212,-13.99,12.6,3,0.017
2022-07-27,BUY_CE_CPR,16650,16641.8,61.36,110.45,1179.23,0.496,0.00255,-17.08,12.7,2,0.264
2022-08-01,BUY_CE_CPR,17350,17340.05,106.14,191.05,2074.31,0.507,0.00152,-14.66,14.5,4,0.241
2022-08-03,BUY_CE_CPR,17400,17388.15,69.67,125.4,1345.28,0.49,0.0022,-19.61,14.1,2,0.163
2022-08-04,BUY_CE_CPR,17400,17382.0,43.99,79.19,832.13,0.455,0.0031,-26.78,14.1,1,0.274
2022-08-05,BUY_CE_CPR,17400,17397.5,51.52,92.73,982.47,0.503,0.00311,-27.16,14.1,1,0.215
2022-08-08,BUY_CE_CPR,17550,17525.1,97.01,174.62,1891.86,0.484,0.00154,-14.36,14.1,4,0.054
2022-08-10,BUY_CE_CPR,17550,17534.75,62.45,87.43,576.5,0.48,0.00238,-18.18,12.9,2,0.269
2022-08-11,BUY_CE_CPR,17650,17659.0,51.24,92.24,977.0,0.544,0.00352,-24.03,12.2,1,0.114
2022-08-12,BUY_CE_CPR,17700,17698.15,44.63,80.33,844.81,0.506,0.00362,-23.57,11.9,1,0.063
2022-08-16,BUY_CE_CPR,17850,17825.25,69.42,124.96,1340.37,0.471,0.00207,-14.24,11.9,3,0.138
2022-08-17,BUY_CE_CPR,17950,17944.25,60.18,108.32,1155.56,0.503,0.00266,-16.56,11.3,2,0.088
2022-08-18,BUY_CE_CPR,17950,17956.5,47.83,40.65,-227.14,0.537,0.0037,-23.02,11.4,1,0.166
2022-08-19,BUY_PE_CPR,17750,17758.45,41.76,75.16,787.43,-0.46,0.00334,-25.02,12.8,1,0.174
2022-08-25,BUY_PE_CPR,17500,17522.45,39.11,70.39,734.45,-0.419,0.00306,-26.24,13.9,1,0.166
2022-08-29,BUY_PE_CPR,17300,17312.9,87.51,157.52,1701.91,-0.457,0.00159,-13.81,13.8,4,0.168
2022-08-30,BUY_CE_CPR,17750,17759.3,114.4,205.92,2239.32,0.531,0.00151,-19.07,16.3,3,0.149
2022-09-02,BUY_PE_CPR,17550,17539.45,65.34,117.62,1258.85,-0.517,0.00258,-32.37,16.8,1,0.149
2022-09-05,BUY_CE_CPR,17650,17665.8,140.07,252.13,2752.45,0.539,0.00126,-17.28,17.0,4,0.078
2022-09-06,BUY_CE_CPR,17650,17655.6,116.25,209.26,2276.43,0.525,0.00146,-19.7,17.0,3,0.204
2022-09-07,BUY_PE_CPR,17600,17624.4,74.13,133.43,1434.46,-0.443,0.00178,-23.35,17.0,2,0.078
2022-09-08,BUY_CE_CPR,17800,17798.75,65.06,117.11,1253.16,0.507,0.00248,-33.64,17.2,1,0.213
2022-09-09,BUY_CE_CPR,17850,17833.35,57.76,103.96,1107.24,0.468,0.00247,-33.5,17.3,1,0.183
2022-09-12,BUY_CE_CPR,17950,17936.35,128.24,230.84,2516.08,0.503,0.00124,-17.67,17.2,4,0.084
2022-09-13,BUY_CE_CPR,18050,18070.05,128.99,232.18,2530.95,0.545,0.00139,-20.55,17.4,3,0.006
2022-09-14,BUY_PE_CPR,18000,18003.75,86.85,156.32,1688.65,-0.48,0.00173,-24.49,17.3,2,0.067
2022-09-15,BUY_PE_CPR,17900,17877.4,74.89,134.8,1449.61,-0.546,0.00244,-33.88,17.3,1,0.27
2022-09-20,BUY_CE_CPR,17800,17816.25,129.98,233.97,2550.85,0.538,0.00136,-21.05,18.1,3,0.276
2022-09-21,BUY_PE_CPR,17700,17718.35,83.4,150.13,1619.84,-0.456,0.00166,-25.13,18.2,2,0.059
2022-09-22,BUY_PE_CPR,17650,17629.8,76.4,137.52,1479.89,-0.538,0.00235,-35.3,18.3,1,0.124
2022-09-23,BUY_PE_CPR,17350,17327.35,81.13,146.03,1574.35,-0.542,0.00223,-36.93,19.6,1,0.008
2022-09-27,BUY_PE_CPR,17000,17007.4,115.51,207.92,2261.58,-0.475,0.00128,-22.03,20.1,3,0.279
2022-09-28,BUY_PE_CPR,16850,16858.6,76.6,137.88,1483.85,-0.47,0.0019,-22.3,16.8,2,0.206
2022-09-29,BUY_PE_CPR,16800,16818.1,47.28,85.1,897.74,-0.44,0.00275,-29.62,16.3,1,0.279
2022-10-03,SELL_PE_CPR,16850,16887.35,104.19,83.35,470.84,-0.435,0.00123,-17.06,18.1,4,0.501
2022-10-06,BUY_CE_CPR,17350,17331.8,68.09,122.56,1313.76,0.47,0.00211,-39.02,20.8,1,0.277
2022-10-07,BUY_PE_CPR,17300,17314.65,64.89,116.8,1249.72,-0.46,0.00216,-37.96,20.3,1,0.156
2022-10-10,BUY_PE_CPR,17250,17241.0,144.48,260.06,2840.53,-0.492,0.00109,-19.8,20.3,4,0.145
2022-10-11,BUY_PE_CPR,17000,16983.55,131.07,235.92,2572.49,-0.505,0.00125,-22.77,20.7,3,0.269
2022-10-13,BUY_PE_CPR,17000,17014.35,65.67,118.21,1265.47,-0.461,0.00214,-38.26,20.8,1,0.284
2022-10-14,BUY_CE_CPR,17200,17185.7,71.34,128.41,1378.64,0.479,0.00207,-39.8,21.4,1,0.079
2022-10-17,BUY_CE_CPR,17300,17311.8,159.1,286.38,3132.76,0.53,0.00108,-19.91,20.3,4,0.283
2022-10-19,BUY_CE_CPR,17500,17512.25,113.34,204.01,2218.19,0.531,0.00153,-27.53,20.1,2,0.023
2022-10-20,BUY_CE_CPR,17550,17563.95,82.33,148.19,1598.3,0.539,0.00215,-38.25,20.0,1,0.106
2022-10-21,BUY_CE_CPR,17600,17576.3,63.44,114.19,1220.76,0.457,0.00216,-37.82,19.9,1,0.233
2022-10-24,BUY_CE_CPR,17750,17730.75,136.13,245.03,2673.69,0.496,0.00114,-18.97,18.8,4,0.072
2022-10-25,BUY_PE_CPR,17650,17656.35,101.47,182.65,1980.93,-0.474,0.00145,-19.67,17.1,3,0.044
2022-10-27,BUY_CE_CPR,17750,17736.95,58.55,105.4,1123.14,0.477,0.00251,-33.12,17.1,1,0.255
2022-10-28,BUY_CE_CPR,17800,17786.8,56.25,101.24,1077.04,0.476,0.0026,-32.0,16.5,1,0.067
2022-10-31,BUY_CE_CPR,18000,18012.2,139.02,250.24,2731.47,0.535,0.00126,-17.41,16.8,4,0.02
2022-11-01,BUY_CE_CPR,18150,18145.4,107.24,193.04,2096.33,0.511,0.00152,-19.07,16.0,3,0.187
2022-11-02,BUY_PE_CPR,18100,18082.85,84.83,152.69,1648.28,-0.519,0.002,-21.5,14.9,2,0.101
2022-11-03,BUY_PE_CPR,18050,18052.7,44.05,79.3,833.34,-0.479,0.00338,-24.99,12.5,1,0.114
2022-11-04,BUY_CE_CPR,18100,18117.15,58.0,104.4,1112.13,0.57,0.00332,-25.04,12.5,1,0.073
2022-11-07,BUY_CE_CPR,18200,18202.8,102.48,184.46,2001.06,0.529,0.00168,-13.47,12.4,4,0.15
2022-11-09,BUY_PE_CPR,18150,18157.0,59.28,106.7,1137.63,-0.466,0.00241,-17.91,12.3,2,0.157
2022-11-10,BUY_PE_CPR,18050,18028.2,49.86,89.75,949.37,-0.573,0.00393,-21.45,10.6,1,0.185
2022-11-11,BUY_CE_CPR,18350,18349.7,47.54,85.57,902.94,0.512,0.00346,-24.67,12.0,1,0.029
2022-11-15,BUY_CE_CPR,18400,18403.4,80.75,145.35,1566.77,0.53,0.00215,-14.02,11.1,3,0.095
2022-11-16,BUY_CE_CPR,18400,18409.65,68.5,95.89,636.91,0.544,0.00263,-16.7,11.1,2,0.175
2022-11-17,BUY_PE_CPR,18350,18343.9,43.34,78.0,818.97,-0.51,0.0038,-22.62,10.9,1,0.06
2022-11-18,BUY_PE_CPR,18300,18307.65,37.11,66.8,694.56,-0.458,0.00374,-22.56,11.1,1,0.078
2022-11-21,BUY_PE_CPR,18150,18159.95,78.79,141.83,1527.67,-0.457,0.00176,-12.65,11.8,4,0.02
2022-11-22,BUY_CE_CPR,18250,18244.2,80.48,144.86,1561.3,0.51,0.00203,-14.72,11.9,3,0.138
2022-11-23,BUY_CE_CPR,18250,18267.25,74.71,134.48,1446.13,0.562,0.00253,-17.17,11.5,2,0.162
2022-11-24,BUY_CE_CPR,18500,18484.1,40.22,72.39,756.68,0.458,0.00342,-24.49,12.0,1,0.067
2022-11-25,BUY_CE_CPR,18500,18512.75,54.61,76.45,498.19,0.556,0.00341,-24.67,11.9,1,0.26
2022-11-28,BUY_CE_CPR,18550,18562.75,106.06,190.91,2072.67,0.547,0.00171,-13.28,11.9,4,0.082
2022-11-29,BUY_CE_CPR,18600,18618.05,89.36,160.85,1738.9,0.562,0.00211,-14.13,11.1,3,0.261
2022-11-30,BUY_CE_CPR,18750,18758.35,69.21,124.58,1336.21,0.541,0.00258,-17.07,11.1,2,0.01
2022-12-01,BUY_CE_CPR,18800,18812.5,51.1,91.98,974.18,0.56,0.00368,-22.99,10.9,1,0.149
2022-12-02,BUY_PE_CPR,18700,18696.1,44.38,79.88,839.78,-0.501,0.00361,-23.72,11.3,1,0.073
2022-12-05,BUY_CE_CPR,18700,18701.05,95.44,38.18,-1480.0,0.528,0.0018,-12.73,11.3,4,0.052
2022-12-06,BUY_PE_CPR,18650,18642.75,75.2,135.35,1455.78,-0.492,0.00208,-14.4,11.4,3,0.147
2022-12-07,BUY_PE_CPR,18550,18560.5,54.75,98.56,1047.19,-0.455,0.00251,-17.16,11.5,2,0.095
2022-12-08,BUY_CE_CPR,18600,18609.35,49.13,88.44,934.82,0.548,0.00372,-22.91,10.9,1,0.136
2022-12-09,BUY_PE_CPR,18500,18496.6,34.52,62.14,642.83,-0.5,0.00462,-18.89,8.9,1,0.102
2022-12-12,BUY_PE_CPR,18500,18497.15,63.71,114.69,1226.29,-0.474,0.00231,-10.15,8.9,4,0.147
2022-12-13,BUY_CE_CPR,18600,18608.0,70.41,126.75,1360.22,0.548,0.00259,-11.91,9.1,3,0.228
2022-12-14,BUY_CE_CPR,18650,18660.3,59.15,106.46,1135.0,0.555,0.00314,-14.28,9.1,2,0.194
2022-12-15,BUY_PE_CPR,18400,18414.9,32.43,58.37,600.96,-0.429,0.00383,-21.53,10.6,1,0.015
2022-12-19,BUY_CE_CPR,18400,18420.45,102.83,185.1,2008.13,0.565,0.00185,-12.33,11.1,4,0.286
2022-12-21,BUY_PE_CPR,18200,18199.1,60.54,108.98,1162.93,-0.484,0.00251,-17.39,11.8,2,0.299
2022-12-23,BUY_PE_CPR,17800,17806.8,42.11,75.79,794.41,-0.465,0.00338,-24.86,12.6,1,0.248
2022-12-28,BUY_CE_CPR,18100,18122.5,87.25,122.15,824.23,0.566,0.00218,-19.54,13.4,2,0.272
2022-12-29,BUY_CE_CPR,18200,18191.0,48.44,87.2,921.05,0.484,0.0031,-27.17,13.5,1,0.007
2022-12-30,BUY_PE_CPR,18100,18105.3,46.58,83.85,883.86,-0.472,0.00313,-26.84,13.4,1,0.294
2023-01-02,BUY_CE_CPR,18200,18197.45,109.22,196.6,2135.93,0.519,0.00153,-14.64,13.7,4,0.247
2023-01-03,BUY_CE_CPR,18250,18232.55,86.7,156.07,1685.81,0.489,0.00176,-16.65,13.7,3,0.17
2023-01-04,BUY_PE_CPR,18050,18042.95,75.92,136.65,1470.24,-0.499,0.00211,-20.52,14.2,2,0.117
2023-01-06,BUY_PE_CPR,17850,17859.45,46.77,84.18,887.55,-0.461,0.003,-27.77,14.2,1,0.053
2023-01-09,BUY_CE_CPR,18100,18101.2,124.07,223.33,2432.67,0.522,0.00136,-16.26,15.5,4,0.228
2023-01-10,BUY_PE_CPR,17900,17914.15,89.6,161.28,1743.7,-0.46,0.00157,-18.24,15.6,3,0.232
2023-01-11,BUY_PE_CPR,17900,17895.7,80.75,145.35,1566.77,-0.494,0.00195,-22.03,15.5,2,0.289
2023-01-12,BUY_PE_CPR,17850,17858.2,49.37,88.86,939.51,-0.466,0.00289,-28.83,14.7,1,0.017
2023-01-13,BUY_CE_CPR,17950,17956.6,60.19,108.34,1155.86,0.53,0.00288,-29.19,14.7,1,0.017
2023-01-17,BUY_CE_CPR,18050,18053.3,103.27,185.88,2016.81,0.524,0.00164,-17.75,14.8,3,0.21
2023-01-18,BUY_CE_CPR,18150,18165.35,89.22,160.59,1736.0,0.547,0.00203,-21.09,14.5,2,0.271
2023-01-19,BUY_PE_CPR,18100,18107.85,49.39,88.9,939.95,-0.466,0.0029,-28.8,14.5,1,0.211
2023-01-20,BUY_PE_CPR,18050,18027.65,57.24,103.03,1096.84,-0.563,0.00334,-25.04,12.5,1,0.006
2023-01-23,BUY_CE_CPR,18100,18118.55,105.39,189.71,2059.36,0.559,0.00177,-12.77,11.7,4,0.196
2023-01-24,BUY_CE_CPR,18100,18118.3,89.69,161.45,1745.55,0.561,0.0021,-14.14,11.4,3,0.02
2023-01-25,BUY_PE_CPR,17900,17891.95,67.05,120.69,1292.98,-0.502,0.0024,-18.16,12.5,2,0.081
2023-02-01,BUY_PE_CPR,17600,17616.3,60.0,107.99,1151.96,-0.447,0.00223,-18.95,13.6,2,0.097
2023-02-02,BUY_PE_CPR,17600,17610.4,41.61,74.89,784.45,-0.454,0.00329,-25.32,13.1,1,0.176
2023-02-03,BUY_CE_CPR,17850,17854.05,57.37,103.27,1099.51,0.523,0.00296,-28.45,14.4,1,0.226
2023-02-07,BUY_PE_CPR,17700,17721.5,68.47,123.25,1321.35,-0.439,0.00189,-15.08,13.0,3,0.013
2023-02-08,BUY_CE_CPR,17850,17871.7,82.81,149.05,1607.88,0.567,0.00231,-18.53,12.9,2,0.039
2023-02-09,BUY_CE_CPR,17900,17893.45,46.44,83.59,880.98,0.49,0.00331,-25.59,12.9,1,0.187
2023-02-13,BUY_PE_CPR,17750,17770.9,78.98,142.16,1531.31,-0.441,0.00166,-13.14,12.8,4,0.066
2023-02-14,BUY_CE_CPR,17950,17929.85,80.93,145.68,1570.41,0.483,0.00185,-15.86,13.3,3,0.109
2023-02-15,BUY_CE_CPR,18000,18015.85,80.33,144.6,1558.42,0.553,0.0023,-18.77,12.9,2,0.194
2023-02-16,BUY_CE_CPR,18050,18035.85,42.34,76.21,799.04,0.465,0.00333,-25.19,12.6,1,0.266
2023-02-17,BUY_PE_CPR,17950,17944.2,49.04,88.27,932.96,-0.507,0.00333,-25.49,12.7,1,0.118
2023-02-20,BUY_PE_CPR,17850,17844.6,91.8,165.25,1787.74,-0.485,0.00167,-13.48,12.8,4,0.057
2023-02-21,BUY_PE_CPR,17850,17826.7,88.23,123.52,833.99,-0.525,0.00196,-15.18,12.6,3,0.25
2023-02-22,BUY_PE_CPR,17550,17554.3,66.93,120.47,1290.57,-0.475,0.0022,-19.49,13.9,2,0.136
2023-02-24,BUY_PE_CPR,17450,17465.8,32.81,59.06,608.65,-0.427,0.00376,-21.79,11.4,1,0.101
2023-02-27,BUY_PE_CPR,17400,17392.7,80.53,144.96,1562.49,-0.488,0.00192,-11.9,11.4,4,0.172
2023-02-28,BUY_PE_CPR,17300,17303.95,65.87,118.57,1269.41,-0.469,0.00219,-13.47,11.6,3,0.067
2023-03-01,BUY_CE_CPR,17450,17450.9,66.24,119.24,1276.86,0.52,0.00254,-17.24,12.2,2,0.168
2023-03-02,BUY_PE_CPR,17300,17321.9,33.71,60.69,626.67,-0.411,0.00344,-23.29,12.5,1,0.171
2023-03-03,BUY_CE_CPR,17600,17594.35,46.07,82.93,873.67,0.493,0.00336,-25.19,12.9,1,0.205
2023-03-06,BUY_CE_CPR,17700,17711.45,109.15,196.47,2134.47,0.542,0.00164,-13.71,13.1,4,0.219
2023-03-08,BUY_CE_CPR,17750,17754.4,74.04,133.26,1432.58,0.527,0.00232,-18.75,13.1,2,0.092
2023-03-09,BUY_PE_CPR,17600,17589.6,51.84,93.31,988.98,-0.523,0.0033,-25.66,13.1,1,0.265
2023-03-13,BUY_PE_CPR,17150,17154.3,97.15,174.86,1894.5,-0.472,0.00151,-14.58,14.7,4,0.097
2023-03-14,SELL_PE_CPR,16950,17043.3,48.59,1.79,1121.28,-0.324,0.00158,-14.66,14.8,3,0.655
2023-03-15,BUY_PE_CPR,16950,16972.15,56.92,102.45,1090.46,-0.434,0.00224,-18.63,14.0,2,0.246
2023-03-17,BUY_CE_CPR,17100,17100.05,52.22,94.0,996.62,0.511,0.00314,-26.87,14.2,1,0.114
2023-03-20,BUY_PE_CPR,17000,16988.4,100.81,181.46,1967.8,-0.496,0.00157,-14.15,14.2,4,0.189
2023-03-21,BUY_CE_CPR,17100,17107.5,99.6,179.28,1943.58,0.532,0.00174,-16.74,14.7,3,0.159
2023-03-22,BUY_CE_CPR,17150,17151.9,79.23,142.61,1536.36,0.519,0.00211,-20.34,14.8,2,0.139
2023-03-23,BUY_PE_CPR,17100,17076.9,59.66,107.39,1145.23,-0.563,0.00321,-25.89,13.7,1,0.022
2023-03-24,BUY_PE_CPR,16950,16945.05,50.4,90.72,960.17,-0.505,0.00322,-26.24,14.0,1,0.191
2023-03-27,BUY_CE_CPR,17000,16985.7,98.63,177.53,1924.13,0.499,0.0016,-13.96,14.1,4,0.268
2023-03-28,BUY_PE_CPR,16950,16951.7,80.59,145.06,1563.62,-0.478,0.00185,-15.75,14.0,3,0.075
2023-03-29,BUY_CE_CPR,17100,17080.7,66.02,118.83,1272.32,0.473,0.00219,-19.49,14.4,2,0.141
2023-03-31,BUY_CE_CPR,17350,17359.75,62.88,113.19,1209.68,0.538,0.00282,-29.65,15.5,1,0.182
2023-04-03,BUY_CE_CPR,17400,17398.05,115.95,208.71,2270.38,0.518,0.00144,-15.41,15.2,4,0.255
2023-04-05,BUY_CE_CPR,17550,17557.05,80.86,145.55,1569.05,0.531,0.00214,-20.1,14.3,2,0.105
2023-04-06,BUY_CE_CPR,17600,17599.15,52.72,94.9,1006.59,0.509,0.00309,-27.37,14.0,1,0.267
2023-04-10,BUY_CE_CPR,17600,17624.05,122.3,220.15,2397.34,0.559,0.00153,-14.48,14.0,4,0.107
2023-04-11,BUY_CE_CPR,17700,17722.3,104.21,187.57,2035.6,0.56,0.0018,-16.17,13.6,3,0.083
2023-04-12,BUY_CE_CPR,17800,17812.4,78.11,140.6,1513.99,0.545,0.00231,-18.7,13.0,2,0.076
2023-04-13,BUY_CE_CPR,17850,17828.0,32.3,45.21,275.35,0.429,0.00382,-21.52,11.0,1,0.153
2023-04-17,BUY_PE_CPR,17700,17706.85,72.37,130.26,1399.22,-0.46,0.00194,-11.63,11.1,4,0.159
2023-04-18,BUY_PE_CPR,17650,17660.15,60.4,108.71,1159.95,-0.453,0.00227,-12.99,10.9,3,0.044
2023-04-19,BUY_PE_CPR,17600,17618.75,45.86,82.55,869.43,-0.429,0.00272,-15.52,11.1,2,0.107
2023-04-20,BUY_CE_CPR,17600,17624.45,55.27,99.49,1057.59,0.61,0.00383,-21.15,10.9,1,0.016
2023-04-21,BUY_PE_CPR,17600,17624.05,25.95,46.71,471.51,-0.387,0.00401,-19.46,10.3,1,0.038
2023-04-24,BUY_CE_CPR,17750,17743.4,79.48,143.07,1541.44,0.515,0.00208,-11.16,10.3,4,0.058
2023-04-25,BUY_CE_CPR,17750,17769.25,81.57,146.82,1583.1,0.571,0.00236,-12.66,10.3,3,0.225
2023-04-26,BUY_CE_CPR,17800,17813.6,62.98,113.36,1211.57,0.562,0.003,-14.72,10.0,2,0.027
2023-04-27,BUY_CE_CPR,17900,17915.05,43.95,79.1,831.16,0.586,0.00456,-18.5,9.1,1,0.164
2023-04-28,BUY_CE_CPR,18050,18065.0,45.22,81.4,856.69,0.582,0.0044,-19.18,9.4,1,0.186
2023-05-02,BUY_CE_CPR,18150,18147.65,63.7,114.67,1226.09,0.521,0.00265,-11.65,9.1,3,0.286
2023-05-03,BUY_PE_CPR,18100,18089.85,51.72,93.1,986.61,-0.51,0.00319,-14.11,9.3,2,0.025
2023-05-04,BUY_CE_CPR,18250,18255.8,35.23,63.41,656.91,0.548,0.00518,-16.91,8.0,1,0.038
2023-05-08,BUY_CE_CPR,18250,18264.4,88.52,159.34,1722.19,0.561,0.00212,-10.96,9.7,4,0.245
2023-05-09,BUY_CE_CPR,18250,18265.95,77.96,140.33,1511.1,0.565,0.00244,-12.41,9.7,3,0.258
2023-05-10,BUY_CE_CPR,18300,18315.1,64.18,115.52,1235.6,0.566,0.00298,-14.83,9.7,2,0.076
2023-05-12,BUY_CE_CPR,18300,18314.8,46.31,83.35,878.36,0.579,0.00426,-19.81,9.6,1,0.12
2023-05-15,BUY_CE_CPR,18400,18398.85,80.26,144.47,1557.06,0.528,0.00214,-10.96,9.7,4,0.167
2023-05-16,BUY_PE_CPR,18300,18286.5,65.04,117.07,1252.82,-0.508,0.00252,-12.19,9.5,3,0.093
2023-05-17,BUY_PE_CPR,18200,18181.75,59.1,106.39,1134.13,-0.534,0.00299,-14.94,9.9,2,0.227
2023-05-18,BUY_PE_CPR,18150,18129.95,46.53,83.75,882.78,-0.57,0.00418,-20.31,9.9,1,0.112
2023-05-19,BUY_CE_CPR,18200,18203.4,41.23,74.21,776.81,0.529,0.0042,-20.57,9.9,1,0.26
2023-05-22,BUY_CE_CPR,18300,18314.4,91.56,164.81,1782.93,0.559,0.00204,-11.34,10.1,4,0.234
2023-05-23,BUY_CE_CPR,18350,18348.0,69.45,125.01,1340.94,0.521,0.00243,-12.59,9.9,3,0.208
2023-05-24,BUY_PE_CPR,18300,18285.4,58.61,105.5,1124.3,-0.522,0.00292,-15.31,10.1,2,0.087
2023-05-25,BUY_CE_CPR,18300,18321.15,51.96,93.53,991.34,0.601,0.004,-20.61,10.1,1,0.154
2023-05-26,BUY_CE_CPR,18500,18499.35,41.89,75.41,790.11,0.511,0.00392,-21.95,10.5,1,0.183
2023-05-29,BUY_CE_CPR,18600,18598.65,85.53,153.96,1662.4,0.526,0.002,-11.64,10.2,4,0.281
2023-05-30,BUY_CE_CPR,18650,18633.85,65.34,117.62,1258.87,0.487,0.00233,-13.0,10.1,3,0.045
2023-05-31,BUY_PE_CPR,18550,18534.4,61.28,110.31,1177.68,-0.524,0.0028,-15.88,10.4,2,0.054
2023-06-01,BUY_PE_CPR,18500,18487.75,42.76,76.96,807.4,-0.536,0.00416,-20.75,9.9,1,0.034
2023-06-02,BUY_CE_CPR,18550,18534.1,27.76,49.96,507.61,0.442,0.00468,-18.11,8.7,1,0.125
2023-06-05,BUY_CE_CPR,18600,18593.85,65.72,118.3,1266.43,0.52,0.00256,-9.47,8.0,4,0.029
2023-06-06,BUY_PE_CPR,18600,18599.0,49.45,89.02,941.24,-0.472,0.00295,-10.52,8.0,3,0.063
2023-06-07,BUY_CE_CPR,18750,18726.4,36.81,66.26,688.61,0.441,0.00352,-12.53,8.1,2,0.078
2023-06-08,BUY_PE_CPR,18650,18634.55,39.2,70.57,736.4,-0.558,0.00481,-18.07,8.4,1,0.139
2023-06-09,BUY_PE_CPR,18550,18563.4,25.79,46.42,468.3,-0.42,0.00466,-17.81,8.6,1,0.223
2023-06-12,BUY_CE_CPR,18600,18601.5,73.65,132.57,1424.93,0.537,0.0024,-9.99,8.5,4,0.189
2023-06-13,BUY_CE_CPR,18700,18716.15,70.08,126.14,1353.52,0.575,0.00279,-11.09,8.3,3,0.017
2023-06-14,BUY_CE_CPR,18750,18755.9,50.87,91.56,969.52,0.546,0.00357,-12.82,8.0,2,0.127
2023-06-15,BUY_PE_CPR,18700,18688.1,35.7,64.26,666.32,-0.543,0.00507,-17.33,8.0,1,0.093
2023-06-16,BUY_CE_CPR,18800,18823.6,47.11,84.79,894.34,0.633,0.00472,-17.15,8.1,1,0.154
2023-06-19,BUY_PE_CPR,18750,18754.2,55.45,99.81,1061.11,-0.455,0.00248,-9.46,8.2,4,0.125
2023-06-20,BUY_CE_CPR,18850,18833.7,53.12,95.62,1014.56,0.484,0.00283,-10.97,8.2,3,0.159
2023-06-21,BUY_CE_CPR,18850,18862.1,54.58,76.41,497.88,0.568,0.00352,-12.88,8.0,2,0.297
2023-06-22,BUY_PE_CPR,18800,18779.35,42.13,75.84,794.92,-0.583,0.00476,-17.97,8.3,1,0.095
2023-06-23,BUY_PE_CPR,18650,18668.55,21.46,38.62,381.65,-0.389,0.0049,-16.29,8.0,1,0.157
2023-06-26,BUY_CE_CPR,18700,18694.7,66.54,119.77,1282.69,0.522,0.00254,-9.52,8.0,4,0.11
2023-06-27,BUY_CE_CPR,18800,18818.6,70.86,127.54,1369.05,0.583,0.00281,-10.97,8.1,3,0.035
2023-06-28,BUY_CE_CPR,19000,18993.0,47.4,85.32,900.25,0.5,0.00335,-13.56,8.5,2,0.164
2023-06-30,BUY_CE_CPR,19200,19183.2,29.85,53.73,549.38,0.442,0.00436,-19.38,9.0,1,0.198
2023-07-03,BUY_CE_CPR,19350,19330.65,72.55,130.59,1402.84,0.49,0.00211,-11.08,9.3,4,0.236
2023-07-04,BUY_CE_CPR,19400,19385.55,63.32,113.98,1218.48,0.492,0.00244,-12.57,9.3,3,0.128
2023-07-05,BUY_CE_CPR,19400,19415.3,65.08,91.11,602.76,0.567,0.00295,-15.08,9.3,2,0.064
2023-07-06,BUY_CE_CPR,19500,19486.25,32.12,57.82,594.79,0.457,0.00427,-19.98,9.1,1,0.118
2023-07-07,BUY_PE_CPR,19300,19324.65,26.44,47.6,481.33,-0.386,0.00392,-19.98,9.6,1,0.148
2023-07-11,BUY_CE_CPR,19450,19448.15,70.24,126.44,1356.8,0.522,0.00241,-12.76,9.4,3,0.047
2023-07-12,BUY_PE_CPR,19400,19384.75,58.47,105.25,1121.47,-0.523,0.00293,-15.34,9.5,2,0.045
2023-07-13,BUY_CE_CPR,19450,19443.2,36.84,66.31,689.16,0.487,0.00413,-20.91,9.5,1,0.155
2023-07-14,BUY_CE_CPR,19600,19587.35,34.21,61.58,636.57,0.463,0.0041,-20.83,9.4,1,0.113
2023-07-17,BUY_CE_CPR,19700,19719.1,94.99,170.98,1851.44,0.57,0.00203,-11.51,9.4,4,0.247
2023-07-18,BUY_CE_CPR,19750,19751.55,70.79,127.43,1367.79,0.531,0.00246,-12.59,9.0,3,0.241
2023-07-19,BUY_CE_CPR,19850,19847.15,55.25,99.45,1057.09,0.514,0.00299,-15.08,9.1,2,0.008
2023-07-20,BUY_CE_CPR,19950,19969.95,51.08,91.94,973.74,0.598,0.00404,-20.64,9.2,1,0.196
2023-07-24,BUY_PE_CPR,19650,19665.4,68.66,123.59,1325.2,-0.441,0.00191,-11.77,10.1,4,0.042
2023-07-25,BUY_PE_CPR,19700,19678.85,77.17,138.9,1495.21,-0.522,0.00222,-13.78,10.1,3,0.188
2023-07-26,BUY_CE_CPR,19750,19773.1,74.5,134.1,1441.84,0.583,0.00267,-16.28,10.0,2,0.02
2023-07-27,BUY_PE_CPR,19700,19700.2,38.62,69.52,724.72,-0.484,0.00393,-21.92,9.8,1,0.007
2023-07-28,BUY_PE_CPR,19650,19638.0,42.86,77.15,809.51,-0.534,0.00412,-21.03,9.4,1,0.12
2023-07-31,BUY_CE_CPR,19750,19740.75,77.7,139.87,1505.89,0.512,0.00211,-11.19,9.1,4,0.034
2023-08-01,BUY_CE_CPR,19750,19736.1,63.39,114.09,1219.72,0.493,0.00245,-12.56,9.1,3,0.186
2023-08-02,BUY_PE_CPR,19500,19514.8,49.48,89.06,941.71,-0.441,0.00263,-16.31,10.4,2,0.045
2023-08-03,BUY_PE_CPR,19400,19394.45,43.9,79.02,830.3,-0.507,0.00371,-23.18,10.6,1,0.118
2023-08-04,BUY_CE_CPR,19500,19510.05,48.91,88.04,930.36,0.552,0.00377,-22.64,10.3,1,0.078
2023-08-07,BUY_CE_CPR,19600,19597.95,90.96,163.72,1770.8,0.524,0.00187,-12.41,10.4,4,0.077
2023-08-08,BUY_PE_CPR,19550,19570.8,58.19,104.75,1115.95,-0.43,0.00215,-13.46,10.3,3,0.086
2023-08-09,BUY_CE_CPR,19650,19630.95,53.46,96.22,1021.29,0.469,0.00268,-16.4,10.2,2,0.04
2023-08-10,BUY_PE_CPR,19550,19549.2,40.92,73.66,770.75,-0.489,0.00377,-22.83,10.4,1,0.253
2023-08-11,BUY_PE_CPR,19400,19424.25,29.03,52.26,533.08,-0.394,0.0037,-21.35,10.2,1,0.034
2023-08-14,BUY_PE_CPR,19400,19413.65,66.02,118.84,1272.44,-0.443,0.00199,-11.32,9.8,4,0.207
2023-08-16,BUY_CE_CPR,19450,19447.0,57.99,104.39,1111.92,0.513,0.00284,-15.76,9.8,2,0.178
2023-08-17,BUY_PE_CPR,19350,19346.2,38.96,70.13,731.53,-0.5,0.0041,-21.12,9.6,1,0.16
2023-08-18,BUY_PE_CPR,19300,19281.5,44.59,80.26,843.97,-0.564,0.0043,-19.98,9.1,1,0.155
2023-08-21,BUY_CE_CPR,19400,19380.15,68.61,123.51,1324.22,0.488,0.00222,-10.62,8.8,4,0.11
2023-08-22,BUY_CE_CPR,19400,19390.05,60.6,109.09,1164.14,0.503,0.00263,-11.79,8.6,3,0.066
2023-08-23,BUY_CE_CPR,19450,19442.3,49.61,89.3,944.39,0.499,0.00318,-14.22,8.7,2,0.077
2023-08-24,BUY_PE_CPR,19400,19380.4,42.88,77.18,809.82,-0.574,0.00458,-18.79,8.4,1,0.08
2023-08-28,BUY_CE_CPR,19300,19302.65,79.87,143.77,1549.2,0.538,0.00222,-10.72,8.9,4,0.14
2023-08-29,BUY_CE_CPR,19350,19352.95,67.07,120.73,1293.45,0.537,0.00263,-11.83,8.6,3,0.02
2023-08-30,BUY_PE_CPR,19350,19342.0,49.68,89.42,945.71,-0.502,0.00324,-14.02,8.6,2,0.036
2023-08-31,BUY_PE_CPR,19300,19279.55,41.44,74.59,781.08,-0.583,0.00484,-17.76,8.0,1,0.178
2023-09-01,BUY_CE_CPR,19450,19435.3,27.17,48.9,495.8,0.446,0.00486,-17.62,8.0,1,0.092
2023-09-04,BUY_CE_CPR,19550,19528.8,61.68,111.03,1185.71,0.484,0.00244,-9.82,8.0,4,0.267
2023-09-05,BUY_CE_CPR,19550,19574.9,76.01,136.81,1471.97,0.6,0.00272,-11.22,8.0,3,0.136
2023-09-06,BUY_CE_CPR,19600,19611.05,55.88,100.59,1069.73,0.563,0.00339,-13.39,8.0,2,0.063
2023-09-07,BUY_CE_CPR,19750,19727.05,24.16,43.49,435.73,0.408,0.0047,-17.46,8.0,1,0.159
2023-09-08,BUY_CE_CPR,19800,19819.95,46.14,83.06,875.11,0.612,0.00462,-18.05,8.0,1,0.281
2023-09-11,BUY_CE_CPR,20000,19996.35,72.22,130.0,1396.3,0.527,0.00238,-10.2,8.0,4,0.075
2023-09-12,BUY_CE_CPR,20000,19993.2,59.81,107.65,1148.15,0.512,0.00275,-11.45,8.0,3,0.199
2023-09-13,BUY_CE_CPR,20050,20070.0,62.18,111.93,1195.71,0.592,0.00327,-13.64,8.0,2,0.064
2023-09-14,BUY_CE_CPR,20100,20103.1,37.02,66.64,692.79,0.532,0.00472,-18.64,8.0,1,0.164
2023-09-15,BUY_CE_CPR,20200,20192.35,31.75,57.15,587.35,0.482,0.00471,-18.57,8.0,1,0.008
2023-09-18,BUY_PE_CPR,20150,20133.3,68.45,123.21,1321.0,-0.504,0.00237,-10.23,8.0,4,0.054
2023-09-20,BUY_PE_CPR,19900,19901.4,49.32,88.78,938.6,-0.473,0.00297,-15.02,9.1,2,0.074
2023-09-21,BUY_PE_CPR,19750,19742.35,42.64,76.75,805.04,-0.515,0.00392,-22.07,9.8,1,0.214
2023-09-22,BUY_PE_CPR,19650,19674.25,28.08,50.54,513.99,-0.391,0.00378,-20.85,9.9,1,0.125
2023-09-25,BUY_PE_CPR,19650,19674.55,58.42,105.16,1120.47,-0.418,0.00204,-10.8,9.3,4,0.182
2023-09-26,BUY_PE_CPR,19650,19664.7,53.98,97.17,1031.8,-0.438,0.00239,-12.38,9.3,3,0.023
2023-09-27,BUY_CE_CPR,19700,19716.45,66.43,119.57,1280.58,0.57,0.00291,-15.26,9.3,2,0.013
2023-09-28,BUY_PE_CPR,19500,19523.55,29.61,53.29,544.53,-0.397,0.00368,-21.57,10.2,1,0.253
2023-10-03,BUY_PE_CPR,19550,19528.75,77.52,139.53,1502.21,-0.522,0.00221,-13.81,10.2,3,0.001
2023-10-04,BUY_PE_CPR,19450,19436.1,62.02,111.64,1192.52,-0.517,0.00272,-16.4,10.2,2,0.078
2023-10-05,BUY_CE_CPR,19550,19545.75,42.13,75.84,794.9,0.498,0.00374,-22.98,10.4,1,0.138
2023-10-06,BUY_CE_CPR,19650,19653.5,47.24,85.04,897.05,0.527,0.00364,-23.62,10.6,1,0.046
2023-10-09,BUY_PE_CPR,19500,19512.35,74.91,134.83,1450.01,-0.45,0.00181,-12.42,10.7,4,0.071
2023-10-10,BUY_CE_CPR,19700,19689.85,80.24,144.43,1556.58,0.503,0.00199,-15.09,11.2,3,0.076
2023-10-11,BUY_CE_CPR,19800,19811.35,73.38,132.08,1419.39,0.547,0.00248,-17.75,10.9,2,0.162
2023-10-12,BUY_PE_CPR,19800,19794.0,46.31,83.37,878.5,-0.508,0.00353,-24.33,10.9,1,0.045
2023-10-13,BUY_PE_CPR,19750,19751.05,42.12,75.82,794.67,-0.482,0.00358,-23.87,10.8,1,0.047
2023-10-17,BUY_CE_CPR,19800,19811.5,87.98,158.36,1711.29,0.548,0.00207,-14.57,10.7,3,0.016
2023-10-18,BUY_PE_CPR,19650,19671.1,50.46,90.82,961.31,-0.428,0.00246,-17.14,10.9,2,0.004
2023-10-19,BUY_PE_CPR,19600,19624.7,28.43,51.17,520.95,-0.391,0.00373,-21.11,10.0,1,0.27
2023-10-20,BUY_PE_CPR,19550,19542.65,41.28,74.3,777.8,-0.515,0.00405,-21.44,9.6,1,0.094
2023-10-23,BUY_PE_CPR,19300,19281.75,90.39,162.7,1759.46,-0.506,0.00181,-12.77,10.9,4,0.047
2023-10-27,BUY_CE_CPR,19050,19047.25,53.0,95.41,1012.2,0.503,0.00302,-28.04,13.2,1,0.289
2023-10-30,BUY_CE_CPR,19150,19140.9,106.41,191.55,2079.77,0.51,0.00153,-14.73,13.0,4,0.16
2023-11-01,BUY_PE_CPR,19000,18989.15,73.12,131.61,1414.26,-0.507,0.00224,-19.49,12.7,2,0.23
2023-11-02,BUY_CE_CPR,19150,19133.25,45.91,82.64,870.47,0.461,0.00303,-27.58,13.1,1,0.159
2023-11-03,BUY_CE_CPR,19250,19230.6,44.8,80.64,848.23,0.453,0.00302,-27.55,13.0,1,0.047
2023-11-06,BUY_CE_CPR,19400,19411.75,122.32,220.17,2397.66,0.54,0.00145,-15.42,13.5,4,0.045
2023-11-07,BUY_CE_CPR,19400,19406.7,101.11,85.95,-427.64,0.532,0.00172,-17.17,13.2,3,0.156
2023-11-08,BUY_CE_CPR,19450,19443.5,72.46,130.42,1401.06,0.503,0.0022,-19.79,12.6,2,0.104
2023-11-09,BUY_PE_CPR,19400,19395.3,50.26,90.47,957.41,-0.503,0.00321,-26.56,12.3,1,0.036
2023-11-10,BUY_CE_CPR,19450,19425.35,40.05,72.09,753.25,0.434,0.00315,-26.1,12.3,1,0.089
2023-11-13,BUY_PE_CPR,19450,19443.55,98.81,177.85,1927.72,-0.486,0.00155,-14.5,12.6,4,0.011
2023-11-15,BUY_CE_CPR,19700,19675.45,70.09,126.16,1353.69,0.467,0.00202,-21.18,13.5,2,0.037
2023-11-16,BUY_CE_CPR,19750,19765.2,64.83,116.7,1248.67,0.555,0.00287,-29.18,13.3,1,0.132
2023-11-17,BUY_PE_CPR,19750,19731.8,62.49,112.49,1201.9,-0.541,0.00289,-29.18,13.3,1,0.048
2023-11-20,BUY_PE_CPR,19700,19694.0,104.6,188.29,2043.55,-0.485,0.00146,-15.29,13.2,4,0.017
2023-11-21,BUY_CE_CPR,19800,19783.4,81.99,147.58,1591.55,0.491,0.00187,-15.87,11.9,3,0.066
2023-11-22,BUY_CE_CPR,19800,19811.85,75.0,135.0,1451.91,0.548,0.00243,-18.09,11.1,2,0.028
2023-11-23,BUY_CE_CPR,19800,19802.0,39.8,71.63,748.22,0.525,0.0043,-20.29,8.9,1,0.159
2023-11-24,BUY_PE_CPR,19800,19794.7,35.56,64.0,663.46,-0.507,0.00459,-19.12,8.4,1,0.098
2023-11-28,BUY_CE_CPR,19900,19889.7,60.43,108.78,1160.69,0.502,0.00264,-11.81,8.4,3,0.021
2023-11-29,BUY_CE_CPR,20100,20096.6,53.78,96.8,1027.74,0.513,0.00307,-14.79,8.7,2,0.104
2023-11-30,BUY_CE_CPR,20150,20133.15,28.12,50.61,514.83,0.44,0.00458,-18.54,8.2,1,0.219
2023-12-01,BUY_CE_CPR,20250,20267.9,46.03,82.85,872.73,0.6,0.0045,-18.73,8.1,1,0.151
2023-12-04,BUY_CE_CPR,20700,20686.8,94.08,169.34,1833.16,0.505,0.00171,-13.51,10.8,4,0.098
2023-12-05,BUY_CE_CPR,20850,20855.1,89.01,160.22,1731.86,0.534,0.00197,-15.36,10.7,3,0.261
2023-12-06,BUY_CE_CPR,20950,20937.7,62.94,113.3,1210.9,0.49,0.00244,-18.14,10.6,2,0.215
2023-12-07,BUY_PE_CPR,20900,20901.15,44.66,80.39,845.46,-0.482,0.00338,-25.31,10.8,1,0.098
2023-12-08,BUY_CE_CPR,20950,20969.4,58.28,104.91,1117.74,0.581,0.0034,-24.59,10.5,1,0.016
2023-12-11,BUY_CE_CPR,21000,20997.1,97.96,176.33,1910.85,0.523,0.00173,-13.4,10.5,4,0.111
2023-12-12,BUY_PE_CPR,20900,20906.4,74.47,134.05,1441.31,-0.464,0.00191,-15.52,11.0,3,0.071
2023-12-13,BUY_CE_CPR,20950,20926.35,57.39,22.95,-908.73,0.462,0.00243,-17.92,10.5,2,0.147
2023-12-14,BUY_CE_CPR,21200,21182.7,40.38,72.69,759.93,0.455,0.00338,-24.97,10.6,1,0.21
2023-12-15,BUY_CE_CPR,21450,21456.65,55.69,100.25,1065.95,0.534,0.00315,-27.09,11.2,1,0.124
2023-12-19,BUY_CE_CPR,21450,21453.1,92.73,166.91,1806.24,0.529,0.00186,-16.18,11.0,3,0.017
2023-12-20,BUY_PE_CPR,21150,21150.15,79.47,143.05,1541.22,-0.483,0.00191,-22.63,13.3,2,0.1
2023-12-21,SELL_CE_CPR,21450,21255.05,7.01,0.05,126.69,0.1,0.00119,-13.4,13.3,1,0.596
2023-12-26,BUY_CE_CPR,21450,21441.35,102.94,185.29,2010.28,0.507,0.00157,-18.84,13.1,3,0.118
2023-12-27,BUY_CE_CPR,21650,21654.75,91.48,164.66,1781.25,0.525,0.00187,-23.25,13.3,2,0.117
2023-12-28,BUY_CE_CPR,21800,21778.7,51.17,92.1,975.52,0.455,0.00266,-31.29,13.1,1,0.211
2023-12-29,BUY_PE_CPR,21750,21731.4,67.98,122.36,1311.47,-0.537,0.00263,-32.11,13.3,1,0.12
2024-01-01,BUY_CE_CPR,21750,21741.9,124.44,224.0,2440.14,0.513,0.00132,-17.05,13.3,4,0.024
2024-01-02,BUY_PE_CPR,21650,21665.8,76.28,137.31,1477.48,-0.449,0.00177,-16.52,11.4,3,0.048
2024-01-03,BUY_PE_CPR,21500,21517.35,62.49,112.49,1201.86,-0.445,0.00212,-20.13,11.7,2,0.032
2024-01-04,BUY_CE_CPR,21650,21658.6,60.01,108.01,1152.19,0.538,0.00296,-28.72,11.8,1,0.22
2024-01-05,BUY_CE_CPR,21700,21710.8,60.92,109.65,1170.4,0.545,0.00297,-28.57,11.8,1,0.103
2024-01-08,BUY_PE_CPR,21500,21513.0,99.23,178.61,1936.12,-0.458,0.0014,-15.8,12.6,4,0.066
2024-01-10,BUY_CE_CPR,21600,21618.7,92.72,166.9,1806.1,0.555,0.002,-21.65,12.4,2,0.235
2024-01-11,BUY_CE_CPR,21650,21647.2,56.36,101.45,1079.3,0.504,0.00285,-29.85,12.4,1,0.226
2024-01-12,BUY_CE_CPR,21900,21894.55,55.16,99.3,1055.4,0.497,0.00285,-29.89,12.2,1,0.039
2024-01-15,BUY_CE_CPR,22100,22097.45,114.95,206.92,2250.43,0.522,0.00147,-15.55,11.7,4,0.22
2024-01-16,BUY_PE_CPR,22050,22032.3,97.02,174.64,1892.0,-0.508,0.00169,-17.68,11.8,3,0.175
2024-01-17,BUY_PE_CPR,21550,21571.95,81.13,146.04,1574.43,-0.448,0.00166,-25.36,15.0,2,0.045
2024-01-19,BUY_CE_CPR,21600,21622.4,77.14,138.85,1494.63,0.567,0.00248,-33.31,14.0,1,0.153
2024-01-23,BUY_PE_CPR,21250,21238.8,117.53,211.55,2301.85,-0.497,0.00135,-21.5,15.3,3,0.186
2024-01-24,SELL_CE_CPR,21550,21453.95,59.46,47.56,248.41,0.361,0.00154,-24.15,15.3,2,0.723
2024-01-29,BUY_CE_CPR,21750,21737.6,155.92,280.65,3069.2,0.507,0.00103,-21.23,17.0,4,0.001
2024-02-02,BUY_CE_CPR,21850,21853.8,84.6,152.27,1643.68,0.517,0.00197,-42.31,17.7,1,0.148
2024-02-06,BUY_CE_CPR,21950,21929.4,134.42,241.95,2639.48,0.493,0.00115,-25.03,17.5,3,0.225
2024-02-07,BUY_CE_CPR,21950,21930.5,107.62,193.72,2103.87,0.486,0.0014,-30.2,17.5,2,0.258
2024-02-08,BUY_PE_CPR,21700,21717.95,71.07,127.93,1373.39,-0.456,0.00194,-42.3,18.0,1,0.081
2024-02-12,BUY_PE_CPR,21600,21616.05,143.89,258.99,2828.71,-0.465,0.001,-21.64,17.6,4,0.201
2024-02-13,BUY_CE_CPR,21750,21743.25,138.95,250.1,2729.99,0.509,0.00117,-24.69,17.4,3,0.267
2024-02-14,BUY_CE_CPR,21850,21840.05,111.54,200.77,2182.24,0.5,0.00141,-30.08,17.5,2,0.269
2024-02-16,BUY_CE_CPR,22050,22040.7,66.32,119.38,1278.46,0.489,0.00231,-36.38,15.0,1,0.11
2024-02-19,BUY_CE_CPR,22100,22122.25,156.4,281.52,3078.9,0.547,0.00116,-19.09,14.8,4,0.066
2024-02-20,BUY_CE_CPR,22200,22196.95,122.79,221.01,2406.99,0.515,0.00134,-21.72,14.7,3,0.055
2024-02-21,BUY_PE_CPR,22050,22055.05,80.27,144.49,1557.29,-0.474,0.00183,-23.48,13.3,2,0.2
2024-02-22,BUY_CE_CPR,22200,22217.45,71.79,129.22,1387.73,0.557,0.0026,-32.14,13.0,1,0.206
2024-02-26,BUY_PE_CPR,22100,22122.05,83.84,150.91,1628.51,-0.439,0.00155,-14.31,11.0,4,0.088
2024-02-27,BUY_CE_CPR,22200,22198.35,85.53,153.96,1662.42,0.522,0.00198,-15.42,10.0,3,0.05
2024-02-28,BUY_PE_CPR,21950,21951.15,64.82,116.68,1248.48,-0.478,0.0023,-19.16,10.7,2,0.141
2024-03-01,BUY_CE_CPR,22350,22338.75,53.01,95.42,1012.4,0.481,0.00281,-30.15,12.1,1,0.066
2024-03-04,BUY_CE_CPR,22400,22405.6,120.35,216.63,2358.26,0.534,0.00145,-15.72,11.7,4,0.044
2024-03-05,BUY_PE_CPR,22350,22356.3,86.13,155.03,1674.32,-0.467,0.00167,-17.66,11.8,3,0.018
2024-03-06,BUY_CE_CPR,22450,22474.05,89.57,161.22,1743.03,0.572,0.00216,-20.1,10.9,2,0.039
2024-03-11,BUY_PE_CPR,22350,22332.65,101.82,183.27,1987.87,-0.5,0.00157,-14.64,10.8,4,0.047
2024-03-12,BUY_PE_CPR,22350,22335.7,87.61,157.7,1703.94,-0.502,0.00184,-16.42,10.7,3,0.252
2024-03-13,BUY_PE_CPR,22000,21997.7,78.82,141.87,1528.16,-0.487,0.00195,-22.3,12.6,2,0.056
2024-03-14,SELL_CE_CPR,22300,22146.65,12.26,9.81,13.76,0.158,0.00163,-18.51,12.8,1,0.537
2024-03-15,BUY_PE_CPR,22000,22023.35,46.15,83.08,875.29,-0.425,0.00266,-30.57,12.8,1,0.259
2024-03-18,BUY_CE_CPR,22050,22055.7,128.01,230.42,2511.44,0.532,0.00136,-16.65,12.7,4,0.009
2024-03-19,BUY_PE_CPR,21800,21817.45,91.2,164.17,1775.72,-0.454,0.0015,-19.19,13.3,3,0.109
2024-03-20,BUY_PE_CPR,21850,21839.1,86.25,155.25,1676.75,-0.504,0.00188,-23.14,13.1,2,0.208
2024-03-21,BUY_CE_CPR,22000,22011.95,68.86,123.95,1329.19,0.543,0.00261,-32.25,13.2,1,0.056
2024-03-22,BUY_CE_CPR,22100,22096.75,61.74,111.13,1186.76,0.503,0.00259,-32.67,13.3,1,0.002
2024-03-26,BUY_PE_CPR,22000,22004.7,97.87,176.16,1908.93,-0.473,0.0015,-19.48,13.3,3,0.196
2024-03-27,BUY_CE_CPR,22100,22123.65,104.33,187.79,2038.1,0.559,0.00179,-23.88,13.4,2,0.017
2024-03-28,BUY_CE_CPR,22350,22326.9,51.83,93.3,988.8,0.452,0.00259,-32.01,13.1,1,0.001
2024-04-01,BUY_CE_CPR,22450,22462.0,138.53,249.35,2721.61,0.539,0.00128,-17.57,13.2,4,0.038
2024-04-02,BUY_PE_CPR,22450,22453.3,86.41,155.53,1679.85,-0.472,0.00169,-17.51,11.6,3,0.05
2024-04-03,BUY_PE_CPR,22450,22434.65,80.27,144.48,1557.13,-0.514,0.00208,-21.19,11.5,2,0.031
2024-04-04,BUY_CE_CPR,22500,22514.65,64.48,116.06,1241.6,0.555,0.00288,-29.29,11.6,1,0.003
2024-04-05,BUY_CE_CPR,22500,22513.7,63.74,54.18,-287.01,0.553,0.0029,-29.19,11.6,1,0.158
2024-04-08,BUY_CE_CPR,22650,22666.3,127.73,229.91,2505.74,0.549,0.00143,-15.94,11.7,4,0.091
2024-04-10,BUY_CE_CPR,22750,22753.8,82.66,148.78,1604.92,0.526,0.00207,-21.22,11.4,2,0.139
2024-04-12,BUY_PE_CPR,22500,22519.4,46.84,84.3,888.92,-0.435,0.00272,-30.27,12.3,1,0.086
2024-04-15,BUY_PE_CPR,22250,22272.5,88.27,158.89,1717.12,-0.44,0.00148,-14.92,11.4,4,0.286
2024-04-16,BUY_PE_CPR,22150,22147.9,86.47,155.64,1681.06,-0.481,0.00174,-17.11,11.4,3,0.214
2024-04-18,BUY_PE_CPR,22000,21995.85,53.02,95.44,1012.53,-0.499,0.00301,-28.42,11.5,1,0.004
2024-04-22,SELL_CE_CPR,22350,22336.4,106.57,129.47,-622.63,0.506,0.00151,-15.17,11.3,4,0.503
2024-04-23,BUY_CE_CPR,22350,22368.0,107.11,192.8,2093.69,0.554,0.00172,-17.29,11.3,3,0.148
2024-04-24,BUY_CE_CPR,22400,22402.4,77.62,139.72,1504.23,0.524,0.0022,-20.13,10.9,2,0.091
2024-04-25,BUY_CE_CPR,22550,22570.35,65.84,118.52,1268.86,0.574,0.00296,-28.24,11.2,1,0.082
2024-04-29,BUY_CE_CPR,22650,22643.4,117.35,211.23,2298.37,0.516,0.00141,-16.12,11.9,4,0.244
2024-05-02,BUY_CE_CPR,22650,22648.2,54.18,97.53,1035.76,0.508,0.003,-28.56,11.2,1,0.209
2024-05-03,BUY_PE_CPR,22500,22475.85,65.55,117.99,1263.02,-0.557,0.00287,-29.4,11.7,1,0.027
2024-05-06,BUY_PE_CPR,22450,22442.7,105.37,147.52,1005.21,-0.485,0.00145,-15.66,11.7,4,0.284
2024-05-07,BUY_PE_CPR,22300,22302.5,88.66,159.59,1724.88,-0.474,0.00166,-17.82,11.9,3,0.169
2024-05-08,BUY_PE_CPR,22300,22302.5,73.03,131.46,1412.52,-0.477,0.00203,-21.41,11.9,2,0.188
2024-05-09,BUY_PE_CPR,21950,21957.5,53.78,96.8,1027.64,-0.468,0.00267,-31.41,12.9,1,0.078
2024-05-13,BUY_CE_CPR,22100,22104.05,130.04,234.07,2551.91,0.529,0.00132,-17.01,13.0,4,0.043
2024-05-16,BUY_CE_CPR,22400,22403.85,61.04,109.87,1172.78,0.523,0.00279,-30.55,12.2,1,0.072
2024-05-21,BUY_CE_CPR,22550,22529.05,85.64,154.15,1664.48,0.486,0.00177,-16.93,11.0,3,0.034
2024-05-22,BUY_CE_CPR,22600,22597.8,76.97,138.54,1491.17,0.514,0.00215,-20.55,11.1,2,0.092
2024-05-23,BUY_CE_CPR,22950,22967.65,72.92,131.26,1410.38,0.557,0.00256,-32.69,12.8,1,0.12
2024-05-27,BUY_PE_CPR,22950,22932.45,117.07,210.73,2292.78,-0.499,0.00137,-16.62,12.2,4,0.029
2024-05-28,BUY_PE_CPR,22900,22888.15,95.9,172.62,1869.65,-0.497,0.00166,-18.06,11.6,3,0.171
2024-05-29,BUY_PE_CPR,22700,22704.7,74.88,134.79,1449.54,-0.473,0.00196,-22.17,12.1,2,0.119
2024-05-30,BUY_PE_CPR,22500,22488.65,63.44,114.2,1220.87,-0.518,0.00266,-31.9,12.7,1,0.151
2024-05-31,BUY_CE_CPR,22550,22530.7,50.76,91.37,967.44,0.459,0.00273,-30.72,12.3,1,0.215
2024-06-03,BUY_CE_CPR,23250,23263.9,189.49,341.08,3740.17,0.532,0.00091,-23.84,17.9,4,0.082
2024-06-04,BUY_PE_CPR,21900,21884.5,249.35,448.83,4936.67,-0.497,0.00064,-43.22,31.3,3,0.193
2024-06-05,SELL_CE_CPR,22950,22620.35,104.25,83.4,471.1,0.293,0.0006,-50.42,34.2,2,1.02
2024-06-06,SELL_CE_CPR,23100,22821.4,59.76,0.05,1443.83,0.251,0.00079,-64.98,33.6,1,1.137
2024-06-07,BUY_CE_CPR,23300,23290.15,164.69,296.44,3244.55,0.498,0.00095,-85.79,34.4,1,0.129
2024-06-10,SELL_CE_CPR,23600,23259.2,199.73,95.31,2557.83,0.357,0.00044,-40.61,34.5,4,0.675
2024-06-11,BUY_PE_CPR,23250,23264.85,276.48,497.67,5478.98,-0.479,0.00055,-50.31,34.5,3,0.173
2024-06-12,BUY_CE_CPR,23300,23322.95,253.06,455.51,5010.88,0.526,0.00067,-61.33,34.5,2,0.095
2024-06-13,BUY_CE_CPR,23400,23398.9,169.29,304.72,3336.41,0.506,0.00095,-85.95,34.3,1,0.131
2024-06-14,BUY_CE_CPR,23450,23465.6,178.24,320.83,3515.38,0.522,0.00094,-86.14,34.3,1,0.053
2024-06-18,BUY_CE_CPR,23550,23557.9,302.82,545.08,6005.43,0.517,0.00054,-50.84,34.3,3,0.151
2024-06-19,BUY_PE_CPR,23500,23516.0,226.63,407.93,4482.51,-0.479,0.00067,-61.65,34.4,2,0.053
2024-06-20,BUY_CE_CPR,23550,23567.0,179.9,323.82,3548.6,0.524,0.00094,-86.6,34.4,1,0.064
2024-06-21,BUY_PE_CPR,23500,23501.1,163.6,294.49,3222.85,-0.491,0.00096,-85.19,33.9,1,0.096
2024-06-24,BUY_CE_CPR,23550,23537.85,335.23,284.94,-1308.49,0.509,0.00048,-43.68,33.9,4,0.089
2024-06-25,BUY_CE_CPR,23700,23721.3,308.41,555.14,6117.15,0.525,0.00055,-50.62,34.0,3,0.236
2024-06-26,BUY_CE_CPR,23850,23868.8,253.18,455.72,5013.15,0.523,0.00066,-61.93,34.0,2,0.177
2024-06-27,BUY_CE_CPR,24050,24044.5,168.8,303.85,3326.75,0.502,0.00094,-86.82,33.7,1,0.246
2024-07-01,BUY_CE_CPR,24150,24141.95,341.09,613.95,6770.24,0.511,0.00047,-44.19,33.4,4,0.191
2024-07-02,BUY_CE_CPR,24100,24123.85,289.56,521.21,5740.45,0.527,0.00059,-47.28,31.1,3,0.176
2024-07-03,BUY_CE_CPR,24300,24286.5,107.29,193.12,2097.19,0.495,0.00145,-29.54,15.3,2,0.062
2024-07-04,BUY_CE_CPR,24300,24302.15,52.01,93.61,992.29,0.522,0.00326,-26.57,9.6,1,0.078
2024-07-05,BUY_CE_CPR,24300,24323.85,63.02,113.44,1212.47,0.594,0.00325,-25.72,9.4,1,0.106
2024-07-08,BUY_CE_CPR,24300,24320.55,101.52,86.29,-429.17,0.575,0.00192,-12.45,8.0,4,0.159
2024-07-09,BUY_CE_CPR,24450,24433.2,68.85,123.92,1328.87,0.493,0.00225,-13.91,8.0,3,0.076
2024-07-10,BUY_PE_CPR,24300,24324.45,42.39,76.3,800.01,-0.408,0.0027,-15.76,8.0,2,0.125
2024-07-12,BUY_CE_CPR,24500,24502.15,44.26,79.68,837.54,0.526,0.00388,-22.71,8.0,1,0.048
2024-07-15,BUY_CE_CPR,24600,24586.7,84.26,151.68,1637.03,0.51,0.00194,-12.48,8.0,4,0.11
2024-07-16,BUY_CE_CPR,24600,24613.0,85.01,153.02,1651.94,0.56,0.00221,-14.17,8.0,3,0.021
2024-07-18,BUY_CE_CPR,24800,24800.85,44.11,79.4,834.5,0.521,0.00384,-22.98,8.0,1,0.031
2024-07-26,BUY_CE_CPR,24850,24834.85,49.31,88.75,938.33,0.47,0.00291,-29.24,10.5,1,0.235
2024-07-29,SELL_CE_CPR,25100,24836.1,27.37,2.95,562.48,0.185,0.00098,-9.89,10.5,4,0.534
2024-07-30,BUY_CE_CPR,24850,24857.3,103.46,186.23,2020.68,0.537,0.00171,-17.77,10.3,3,0.137
2024-07-31,BUY_CE_CPR,24950,24951.15,81.17,146.1,1575.14,0.523,0.00209,-21.29,10.3,2,0.075
2024-08-01,BUY_CE_CPR,25000,25010.9,60.77,109.39,1167.45,0.547,0.003,-28.62,10.1,1,0.082
2024-08-02,BUY_PE_CPR,24700,24717.7,48.75,87.75,927.15,-0.44,0.00266,-31.19,11.5,1,0.017
2024-08-05,BUY_PE_CPR,24050,24055.6,151.43,272.58,2979.58,-0.474,0.00098,-22.35,16.2,4,0.143
2024-08-06,BUY_PE_CPR,24000,23992.55,137.96,193.14,1330.67,-0.491,0.00113,-25.56,16.2,3,0.184
2024-08-08,BUY_PE_CPR,24100,24117.0,76.11,136.99,1473.98,-0.459,0.00183,-44.94,17.2,1,0.1
2024-08-09,BUY_CE_CPR,24350,24367.5,101.39,182.5,1979.29,0.54,0.00176,-47.14,17.7,1,0.255
2024-08-12,BUY_PE_CPR,24350,24347.0,169.88,305.79,3348.37,-0.483,0.0009,-24.23,17.4,4,0.006
2024-08-13,BUY_PE_CPR,24150,24139.0,153.08,275.55,3012.57,-0.495,0.00103,-27.83,17.6,3,0.013
2024-08-14,BUY_PE_CPR,24150,24143.75,124.52,174.33,1196.46,-0.494,0.00127,-33.57,17.6,2,0.274
2024-08-16,BUY_CE_CPR,24550,24541.15,93.62,168.51,1823.98,0.495,0.00166,-50.06,18.7,1,0.012
2024-08-20,BUY_CE_CPR,24700,24698.85,169.28,304.71,3336.36,0.515,0.00097,-29.42,18.3,3,0.022
2024-08-21,BUY_CE_CPR,24750,24770.2,148.69,267.64,2924.75,0.537,0.00118,-35.64,18.3,2,0.076
2024-08-22,BUY_CE_CPR,24800,24811.5,102.62,184.72,2003.94,0.529,0.00168,-49.44,18.2,1,0.132
2024-08-23,BUY_CE_CPR,24800,24823.15,108.87,195.96,2128.76,0.548,0.00167,-49.31,18.2,1,0.039
2024-08-26,BUY_CE_CPR,25000,25010.6,192.69,346.84,3804.15,0.529,0.00089,-24.54,17.1,4,0.022
2024-08-27,BUY_CE_CPR,25000,25017.75,170.34,306.62,3357.56,0.535,0.00103,-27.99,17.1,3,0.137
2024-08-28,BUY_CE_CPR,25050,25052.35,131.95,237.51,2590.16,0.517,0.00126,-33.82,17.1,2,0.015
2024-08-29,BUY_CE_CPR,25150,25151.95,92.91,167.25,1809.92,0.513,0.00177,-47.1,17.1,1,0.014
2024-08-30,BUY_CE_CPR,25250,25235.9,85.39,153.71,1659.62,0.485,0.00177,-47.18,17.1,1,0.149
2024-09-02,BUY_CE_CPR,25300,25278.7,170.14,306.25,3353.5,0.5,0.00093,-23.69,16.3,4,0.005
2024-09-03,BUY_PE_CPR,25300,25279.85,102.78,185.0,2007.11,-0.509,0.0016,-18.87,10.9,3,0.015
2024-09-04,BUY_PE_CPR,25200,25198.7,77.5,139.5,1501.82,-0.483,0.00196,-22.49,10.9,2,0.003
2024-09-05,BUY_PE_CPR,25150,25145.1,53.48,96.27,1021.82,-0.5,0.00299,-28.89,10.1,1,0.129
2024-09-06,BUY_PE_CPR,24850,24852.15,53.54,96.37,1022.89,-0.48,0.0028,-30.49,10.9,1,0.152
2024-09-10,BUY_CE_CPR,25050,25041.1,95.89,172.59,1869.31,0.509,0.0017,-17.86,10.3,3,0.216
2024-09-11,BUY_PE_CPR,24900,24918.45,59.33,106.79,1138.62,-0.439,0.00218,-19.79,9.8,2,0.073
2024-09-12,BUY_CE_CPR,25400,25388.9,60.46,108.83,1161.29,0.485,0.0025,-34.0,12.0,1,0.213
2024-09-16,BUY_CE_CPR,25400,25383.75,112.45,202.41,2200.39,0.505,0.00143,-16.2,10.5,4,0.013
2024-09-17,BUY_CE_CPR,25400,25418.55,112.59,202.65,2203.1,0.555,0.00165,-18.3,10.4,3,0.019
2024-09-18,BUY_PE_CPR,25400,25377.55,85.33,153.6,1658.4,-0.526,0.00203,-21.96,10.5,2,0.057
2024-09-19,BUY_CE_CPR,25400,25415.8,66.27,119.28,1277.28,0.559,0.00283,-29.98,10.5,1,0.017
2024-09-20,BUY_CE_CPR,25800,25790.95,61.38,110.49,1179.65,0.49,0.0025,-34.02,11.8,1,0.202
2024-09-24,BUY_CE_CPR,25950,25940.4,111.75,201.15,2186.39,0.508,0.00145,-20.59,11.7,3,0.096
2024-09-25,BUY_CE_CPR,26000,26004.15,96.57,173.83,1883.01,0.525,0.00177,-24.8,11.7,2,0.023
2024-09-26,BUY_CE_CPR,26200,26216.05,76.19,137.15,1475.73,0.552,0.00242,-34.96,11.9,1,0.132
2024-09-30,BUY_PE_CPR,25800,25810.85,133.09,239.56,2612.9,-0.466,0.00108,-20.51,13.7,4,0.091
2024-10-03,BUY_PE_CPR,25250,25250.1,84.24,151.63,1636.54,-0.49,0.00184,-45.47,16.4,1,0.07
2024-10-07,SELL_CE_CPR,25300,24795.75,28.46,80.17,-1340.68,0.133,0.0005,-12.1,16.5,4,0.568
2024-10-07,SELL_PE_CPR,24750,24795.75,141.17,199.37,-1506.27,-0.438,0.00092,-23.1,16.5,4,0.568
2024-10-10,BUY_PE_CPR,25000,24998.45,85.54,119.76,807.16,-0.493,0.00183,-45.7,16.7,1,0.29
2024-10-11,BUY_PE_CPR,24950,24964.25,67.3,121.13,1297.89,-0.46,0.00207,-40.01,14.6,1,0.156
2024-10-14,BUY_CE_CPR,25150,25127.95,154.75,278.55,3045.92,0.499,0.00101,-21.81,14.9,4,0.027
2024-10-15,BUY_PE_CPR,25050,25057.35,125.38,225.68,2458.77,-0.473,0.00117,-24.67,15.0,3,0.105
2024-10-16,BUY_PE_CPR,24950,24971.3,95.9,172.62,1869.62,-0.454,0.00143,-29.46,15.0,2,0.141
2024-10-17,BUY_PE_CPR,24750,24749.85,77.09,138.76,1493.58,-0.49,0.00201,-41.76,15.3,1,0.08
2024-10-22,BUY_PE_CPR,24450,24472.1,108.0,194.4,2111.42,-0.453,0.00127,-22.66,14.1,3,0.13
2024-10-23,SELL_CE_CPR,24700,24435.5,21.32,28.2,-219.9,0.16,0.00096,-16.17,14.1,2,0.523
2024-10-23,SELL_PE_CPR,24250,24435.5,32.33,0.82,739.66,-0.22,0.00116,-19.81,14.1,2,0.523
2024-10-24,BUY_PE_CPR,24400,24399.4,68.91,124.03,1330.06,-0.49,0.00225,-37.52,13.9,1,0.152
2024-10-25,BUY_PE_CPR,24200,24180.8,74.31,133.77,1438.16,-0.534,0.00238,-35.48,13.2,1,0.032
2024-10-28,BUY_CE_CPR,24350,24339.15,143.99,259.18,2830.83,0.51,0.00113,-19.77,13.8,4,0.209
2024-10-29,BUY_CE_CPR,24450,24466.85,135.13,243.24,2653.72,0.542,0.00132,-22.17,13.5,3,0.069
2024-10-31,BUY_PE_CPR,24200,24205.35,51.08,91.95,973.82,-0.471,0.00285,-29.86,11.0,1,0.17
2024-11-01,BUY_CE_CPR,24300,24304.35,59.51,107.11,1142.19,0.526,0.00288,-29.74,10.9,1,0.184
2024-11-04,BUY_PE_CPR,24000,23995.35,108.44,195.2,2120.33,-0.48,0.00139,-16.38,11.4,4,0.055
2024-11-05,BUY_CE_CPR,24200,24213.3,114.18,205.52,2234.95,0.544,0.00157,-18.99,11.5,3,0.196
2024-11-11,BUY_PE_CPR,24150,24141.3,125.44,225.79,2460.0,-0.487,0.00123,-18.32,12.9,4,0.064
2024-11-12,BUY_PE_CPR,23900,23883.45,117.2,210.96,2295.29,-0.503,0.00138,-21.37,13.3,3,0.082
2024-11-18,BUY_PE_CPR,23450,23453.8,123.07,221.53,2412.75,-0.473,0.00119,-18.6,13.6,4,0.135
2024-11-19,BUY_CE_CPR,23500,23518.5,133.37,240.06,2618.52,0.545,0.00135,-21.68,13.8,3,0.07
2024-11-21,BUY_PE_CPR,23350,23349.9,62.7,112.87,1206.1,-0.489,0.00246,-34.39,13.3,1,0.298
2024-11-22,BUY_CE_CPR,23900,23907.25,90.65,163.18,1764.76,0.523,0.00187,-44.54,17.0,1,0.099
2024-11-25,SELL_CE_CPR,24250,24221.9,176.15,251.9,-1945.82,0.494,0.00088,-24.78,17.9,4,0.687
2024-11-26,BUY_PE_CPR,24200,24194.5,149.95,269.91,2949.88,-0.489,0.00104,-27.73,17.6,3,0.06
2024-11-27,BUY_CE_CPR,24250,24274.9,142.13,255.83,2793.56,0.545,0.00127,-33.31,17.4,2,0.109
2024-11-28,BUY_PE_CPR,23900,23914.15,82.15,147.86,1594.72,-0.466,0.00174,-47.38,18.2,1,0.069
2024-11-29,SELL_CE_CPR,24150,24131.1,86.68,46.12,964.31,0.477,0.00169,-48.84,18.6,1,0.54
2024-12-02,BUY_CE_CPR,24300,24276.05,185.77,334.38,3665.79,0.498,0.00084,-25.75,18.6,4,0.201
2024-12-04,BUY_CE_CPR,24450,24467.45,143.19,257.74,2814.8,0.535,0.00122,-34.62,18.0,2,0.208
2024-12-05,BUY_CE_CPR,24700,24708.4,99.5,179.09,1941.46,0.524,0.00171,-48.69,18.0,1,0.006
2024-12-09,BUY_PE_CPR,24600,24619.0,154.69,278.43,3044.57,-0.463,0.00092,-23.52,16.8,4,0.022
2024-12-10,BUY_PE_CPR,24600,24610.05,137.57,247.63,2702.49,-0.472,0.00107,-26.86,16.7,3,0.064
2024-12-11,BUY_CE_CPR,24650,24641.8,122.0,219.6,2391.32,0.503,0.00131,-32.61,16.7,2,0.043
2024-12-12,BUY_PE_CPR,24550,24548.7,80.98,145.77,1571.49,-0.492,0.00193,-43.42,16.1,1,0.011
2024-12-13,BUY_CE_CPR,24750,24768.3,89.4,160.93,1739.78,0.548,0.00204,-40.9,15.0,1,0.142
2024-12-16,SELL_PE_CPR,24450,24668.25,65.26,62.53,19.01,-0.27,0.00084,-17.39,15.2,4,0.761
2024-12-17,BUY_PE_CPR,24350,24336.0,144.54,260.18,2841.86,-0.498,0.0011,-26.19,16.4,3,0.064
2024-12-19,BUY_PE_CPR,23950,23951.7,81.89,147.39,1589.48,-0.487,0.00187,-44.49,17.0,1,0.204
2024-12-20,BUY_PE_CPR,23600,23587.5,79.81,143.66,1548.02,-0.516,0.0021,-39.94,15.3,1,0.04
2024-12-23,SELL_CE_CPR,23900,23753.45,89.29,71.43,396.75,0.364,0.00104,-18.52,14.6,4,0.601
2024-12-24,BUY_PE_CPR,23750,23727.65,129.96,233.93,2550.44,-0.51,0.00127,-23.01,14.6,3,0.014
2024-12-26,BUY_CE_CPR,23750,23750.2,74.04,133.28,1432.77,0.511,0.00222,-38.04,14.5,1,0.137
2024-12-27,BUY_CE_CPR,23800,23813.4,75.07,135.13,1453.28,0.544,0.0024,-35.04,13.3,1,0.011
2024-12-30,BUY_PE_CPR,23650,23644.9,121.68,219.02,2384.85,-0.483,0.00125,-17.98,12.9,4,0.159
2025-01-01,BUY_CE_CPR,23750,23742.9,86.45,155.61,1680.74,0.504,0.00186,-23.56,12.2,2,0.196
2025-01-02,BUY_CE_CPR,24200,24188.65,70.92,127.66,1370.4,0.486,0.00214,-39.25,14.7,1,0.138
2025-01-03,SELL_PE_CPR,23950,24004.75,45.85,36.68,180.76,-0.37,0.0021,-35.46,14.3,1,0.554
2025-01-06,BUY_PE_CPR,23600,23616.05,137.1,246.79,2693.18,-0.463,0.00104,-21.02,15.5,4,0.23
2025-01-07,SELL_CE_CPR,23900,23707.9,64.1,45.12,425.61,0.301,0.00103,-20.86,15.7,3,0.576
2025-01-08,BUY_PE_CPR,23700,23688.95,111.22,200.2,2175.85,-0.501,0.00145,-29.61,15.7,2,0.024
2025-01-09,BUY_PE_CPR,23550,23526.5,87.56,157.6,1702.82,-0.538,0.00204,-40.84,15.8,1,0.184
2025-01-10,BUY_PE_CPR,23450,23431.5,84.6,152.27,1643.65,-0.528,0.00206,-40.72,15.8,1,0.199
2025-01-13,BUY_PE_CPR,23100,23085.95,151.05,271.89,2971.88,-0.494,0.00105,-21.09,15.8,4,0.113
2025-01-15,BUY_CE_CPR,23200,23213.2,117.49,211.47,2301.05,0.534,0.00149,-28.7,15.5,2,0.067
2025-01-16,BUY_CE_CPR,23300,23311.8,84.57,152.23,1643.22,0.535,0.00208,-40.24,15.7,1,0.02
2025-01-17,BUY_PE_CPR,23200,23203.2,70.62,127.12,1364.4,-0.483,0.00214,-39.09,15.3,1,0.058
2025-01-20,BUY_CE_CPR,23350,23344.75,146.34,263.41,2877.76,0.516,0.00113,-19.68,14.4,4,0.02
2025-01-21,BUY_PE_CPR,23000,23024.65,107.28,193.11,2097.1,-0.45,0.00126,-22.53,15.0,3,0.185
2025-01-22,SELL_CE_CPR,23250,23155.35,67.21,53.77,286.98,0.373,0.00144,-26.34,15.3,2,0.509
2025-01-23,BUY_CE_CPR,23200,23205.35,79.12,142.42,1534.24,0.522,0.00214,-39.24,15.3,1,0.23
2025-01-24,BUY_PE_CPR,23100,23092.2,75.7,136.27,1465.93,-0.506,0.00216,-39.01,15.3,1,0.071
2025-01-28,BUY_CE_CPR,22950,22957.25,142.47,256.44,2800.4,0.526,0.0012,-24.17,16.0,3,0.198
2025-01-29,BUY_CE_CPR,23150,23163.1,122.94,221.29,2410.02,0.533,0.00142,-30.08,16.4,2,0.117
2025-01-30,BUY_CE_CPR,23250,23249.5,70.73,127.32,1366.55,0.51,0.00231,-36.54,14.2,1,0.238
2025-01-31,BUY_CE_CPR,23500,23508.4,79.69,143.45,1545.64,0.529,0.00217,-38.73,14.9,1,0.054
2025-02-03,BUY_PE_CPR,23350,23361.05,117.47,211.45,2300.81,-0.464,0.00121,-18.25,13.4,4,0.019
2025-02-04,BUY_CE_CPR,23750,23739.25,130.35,234.62,2558.11,0.505,0.00123,-23.67,15.1,3,0.166
2025-02-06,BUY_PE_CPR,23600,23603.35,69.17,124.51,1335.38,-0.482,0.00218,-38.45,14.8,1,0.134
2025-02-07,BUY_PE_CPR,23550,23559.95,58.69,105.65,1125.9,-0.464,0.00242,-34.6,13.3,1,0.174
2025-02-10,BUY_PE_CPR,23400,23381.6,134.72,242.5,2645.57,-0.499,0.00119,-18.83,13.7,4,0.025
2025-02-11,BUY_PE_CPR,23050,23071.8,107.09,192.76,2093.26,-0.453,0.00128,-22.32,14.8,3,0.176
2025-02-13,BUY_CE_CPR,23050,23031.4,63.06,113.51,1213.29,0.469,0.00226,-36.83,14.6,1,0.213
2025-02-14,BUY_PE_CPR,22950,22929.25,77.53,139.55,1502.43,-0.537,0.0023,-36.48,14.4,1,0.24
2025-02-17,BUY_CE_CPR,22950,22959.5,140.62,119.53,-576.3,0.535,0.00124,-18.02,13.3,4,0.073
2025-02-19,BUY_CE_CPR,22950,22932.9,83.65,150.57,1624.79,0.486,0.00181,-23.96,13.0,2,0.14
2025-02-20,BUY_PE_CPR,22900,22913.15,53.31,95.96,1018.41,-0.454,0.00257,-32.44,12.9,1,0.001
2025-02-21,BUY_PE_CPR,22800,22795.9,57.87,104.16,1109.44,-0.499,0.00275,-30.96,12.2,1,0.131
2025-02-24,BUY_PE_CPR,22550,22553.35,109.46,197.03,2140.63,-0.471,0.00133,-16.75,12.6,4,0.073
2025-02-25,BUY_PE_CPR,22550,22547.55,92.42,129.39,875.85,-0.482,0.00164,-18.13,11.9,3,0.118
2025-02-27,BUY_PE_CPR,22550,22545.05,55.69,100.24,1065.91,-0.501,0.00288,-29.63,11.7,1,0.065
2025-02-28,BUY_PE_CPR,22100,22124.7,44.16,79.48,835.37,-0.42,0.00272,-29.77,12.4,1,0.048
2025-03-04,BUY_PE_CPR,22100,22082.65,102.03,183.65,1992.05,-0.507,0.0016,-18.54,12.4,3,0.042
2025-03-05,BUY_CE_CPR,22350,22337.3,72.12,129.82,1394.33,0.492,0.00214,-20.55,11.3,2,0.143
2025-03-10,BUY_PE_CPR,22450,22460.3,103.64,186.56,2024.39,-0.462,0.00136,-16.34,12.4,4,0.01
2025-03-11,BUY_CE_CPR,22500,22497.9,105.11,42.04,-1625.2,0.518,0.00159,-18.72,12.3,3,0.274
2025-03-13,BUY_PE_CPR,22400,22397.2,52.3,94.14,998.14,-0.495,0.00301,-28.43,11.3,1,0.051
2025-03-17,BUY_CE_CPR,22500,22508.75,121.87,219.36,2388.63,0.539,0.00145,-15.71,11.6,4,0.209
2025-03-18,BUY_CE_CPR,22850,22834.3,106.54,191.76,2082.19,0.497,0.00147,-20.05,13.1,3,0.128
2025-03-20,BUY_CE_CPR,23200,23190.65,65.73,118.31,1266.49,0.489,0.00233,-36.14,14.1,1,0.096
2025-03-21,BUY_CE_CPR,23350,23350.4,72.15,129.87,1394.92,0.512,0.00228,-37.03,14.3,1,0.272
2025-03-24,BUY_CE_CPR,23650,23658.35,162.4,292.33,3198.86,0.53,0.00106,-20.85,15.1,4,0.233
2025-03-25,BUY_CE_CPR,23650,23668.65,143.46,258.23,2820.28,0.542,0.00124,-23.36,14.9,3,0.246
2025-03-26,BUY_PE_CPR,23500,23486.85,102.79,185.03,2007.4,-0.505,0.00159,-27.22,14.5,2,0.19
2025-03-28,BUY_PE_CPR,23500,23519.35,60.54,108.97,1162.84,-0.446,0.0022,-37.42,14.6,1,0.178
2025-04-01,BUY_PE_CPR,23150,23165.7,101.51,182.71,1981.66,-0.459,0.00138,-20.99,13.7,3,0.087
2025-04-02,SELL_CE_CPR,23400,23332.35,68.64,54.92,294.09,0.404,0.00162,-24.79,13.8,2,0.529
2025-04-03,BUY_PE_CPR,23250,23250.1,65.62,118.11,1264.31,-0.489,0.00235,-35.88,13.9,1,0.224
2025-04-04,BUY_PE_CPR,22900,22904.45,68.12,122.62,1314.36,-0.48,0.0022,-38.08,15.1,1,0.07
2025-04-09,BUY_PE_CPR,22400,22399.15,138.69,249.65,2724.92,-0.489,0.00112,-37.52,21.5,2,0.154
2025-04-11,BUY_CE_CPR,22850,22828.55,100.63,181.14,1964.2,0.477,0.00146,-56.36,22.9,1,0.035
2025-04-15,BUY_CE_CPR,23350,23328.55,201.4,362.52,3978.29,0.497,0.00077,-36.33,24.4,3,0.054
2025-04-16,BUY_CE_CPR,23450,23437.2,166.09,298.96,3272.52,0.499,0.00095,-44.13,24.3,2,0.116
2025-04-17,BUY_CE_CPR,23850,23851.65,127.91,230.23,2509.36,0.51,0.00127,-64.6,25.1,1,0.208
2025-04-21,SELL_CE_CPR,24150,24125.55,247.1,287.98,-1076.06,0.501,0.00063,-33.44,24.9,4,0.736
2025-04-22,BUY_CE_CPR,24150,24167.25,232.76,418.97,4605.14,0.527,0.00073,-38.39,24.9,3,0.218
2025-04-23,BUY_CE_CPR,24350,24328.95,170.71,307.28,3364.9,0.492,0.0009,-46.29,24.6,2,0.027
2025-04-25,BUY_PE_CPR,24050,24039.35,126.18,227.13,2474.85,-0.506,0.00129,-63.66,24.5,1,0.098
2025-04-28,BUY_CE_CPR,24350,24328.5,251.06,451.9,4970.77,0.503,0.00063,-33.77,24.9,4,0.184
2025-04-30,BUY_PE_CPR,24350,24334.2,180.36,324.64,3557.65,-0.503,0.0009,-46.4,24.6,2,0.105
2025-05-02,BUY_CE_CPR,24350,24346.7,125.17,225.31,2454.73,0.504,0.00128,-64.49,24.5,1,0.101
2025-05-05,BUY_CE_CPR,24450,24461.15,253.84,456.92,5026.5,0.524,0.00066,-32.11,23.4,4,0.183
2025-05-06,BUY_PE_CPR,24400,24379.6,210.78,379.4,4165.7,-0.501,0.00077,-36.72,23.5,3,0.006
2025-05-07,BUY_CE_CPR,24400,24414.4,180.1,324.19,3552.64,0.525,0.00094,-44.26,23.4,2,0.112
2025-05-08,BUY_PE_CPR,24250,24273.8,100.15,180.27,1954.51,-0.458,0.00139,-58.55,22.4,1,0.219
2025-05-09,BUY_PE_CPR,24000,24008.0,81.87,147.36,1589.11,-0.476,0.00181,-45.91,17.5,1,0.069
2025-05-12,BUY_CE_CPR,24900,24924.7,247.7,445.87,4903.8,0.534,0.0007,-30.48,21.7,4,0.112
2025-05-15,BUY_CE_CPR,25050,25062.1,118.77,213.78,2326.64,0.526,0.00144,-57.37,21.1,1,0.041
2025-05-19,BUY_PE_CPR,24950,24945.45,205.94,370.69,4068.99,-0.486,0.00075,-28.75,20.4,4,0.022
2025-05-20,BUY_PE_CPR,24700,24683.9,185.7,334.27,3664.55,-0.499,0.00086,-32.93,20.6,3,0.12
2025-05-22,BUY_PE_CPR,24600,24609.7,100.59,181.06,1963.34,-0.477,0.00148,-55.78,20.9,1,0.006
2025-05-23,BUY_CE_CPR,24850,24853.15,113.72,204.7,2225.77,0.513,0.00145,-57.18,21.2,1,0.026
2025-05-26,BUY_CE_CPR,25000,25001.15,226.94,408.5,4488.8,0.518,0.00073,-29.42,20.8,4,0.244
2025-05-27,BUY_PE_CPR,24850,24826.2,190.91,343.64,3768.62,-0.505,0.00086,-33.19,20.7,3,0.03
2025-05-28,BUY_PE_CPR,24750,24752.45,145.92,204.29,1410.18,-0.485,0.00105,-40.02,20.7,2,0.154
2025-05-29,BUY_CE_CPR,24850,24833.6,101.73,183.12,1986.23,0.484,0.00148,-55.88,20.7,1,0.129
2025-05-30,BUY_PE_CPR,24750,24750.7,105.08,189.14,2053.06,-0.49,0.00148,-55.98,20.8,1,0.131
2025-06-02,BUY_PE_CPR,24700,24716.6,197.62,355.72,3902.73,-0.47,0.00074,-28.84,20.8,4,0.108
2025-06-03,BUY_PE_CPR,24550,24542.5,183.15,329.66,3613.44,-0.491,0.00086,-33.17,20.9,3,0.207
2025-06-05,BUY_CE_CPR,24750,24750.9,110.63,199.14,2164.11,0.51,0.00147,-56.2,20.9,1,0.088
2025-06-06,BUY_CE_CPR,25000,25003.05,111.04,199.86,2172.12,0.513,0.00148,-55.87,20.5,1,0.015
2025-06-10,BUY_PE_CPR,25100,25104.25,104.3,187.73,2037.43,-0.473,0.00141,-20.91,12.4,3,0.041
2025-06-11,BUY_CE_CPR,25150,25141.4,92.19,165.95,1795.51,0.502,0.00173,-25.24,12.4,2,0.061
2025-06-12,BUY_PE_CPR,24900,24888.2,63.02,113.44,1212.49,-0.519,0.00268,-31.91,11.4,1,0.028
2025-06-16,BUY_CE_CPR,24950,24946.5,135.4,243.72,2659.1,0.52,0.00124,-18.29,12.3,4,0.28
2025-06-18,BUY_PE_CPR,24800,24812.05,73.49,132.27,1421.58,-0.459,0.00189,-22.81,11.4,2,0.119
2025-06-19,BUY_PE_CPR,24800,24793.25,57.34,103.22,1098.98,-0.505,0.00283,-30.32,10.8,1,0.099
2025-06-20,BUY_CE_CPR,25100,25112.4,68.34,123.01,1318.73,0.546,0.00265,-32.0,11.4,1,0.013
2025-06-24,BUY_CE_CPR,25050,25044.35,103.69,186.64,2025.26,0.514,0.00159,-18.9,11.0,3,0.082
2025-06-26,BUY_CE_CPR,25550,25549.0,66.66,119.98,1285.1,0.51,0.00245,-34.73,12.2,1,0.127
2025-06-30,BUY_PE_CPR,25500,25517.05,113.47,204.24,2220.74,-0.455,0.00121,-18.28,12.2,4,0.128
2025-07-01,BUY_CE_CPR,25550,25541.8,110.5,198.9,2161.39,0.51,0.00148,-20.26,11.7,3,0.142
2025-07-02,BUY_PE_CPR,25450,25453.4,83.04,149.48,1612.63,-0.476,0.00178,-24.42,11.9,2,0.015
2025-07-03,BUY_PE_CPR,25400,25405.3,58.0,104.4,1112.1,-0.474,0.00253,-33.49,11.8,1,0.105
2025-07-04,BUY_CE_CPR,25450,25461.0,67.76,121.97,1307.16,0.543,0.00265,-32.12,11.2,1,0.211
2025-07-07,BUY_CE_CPR,25450,25461.3,133.81,113.74,-550.67,0.542,0.00133,-17.17,11.2,4,0.157
2025-07-08,BUY_CE_CPR,25500,25522.5,122.1,219.77,2393.19,0.558,0.00153,-19.52,11.2,3,0.033
2025-07-09,BUY_PE_CPR,25500,25476.1,92.03,165.65,1792.19,-0.526,0.00188,-23.45,11.2,2,0.095
2025-07-10,BUY_PE_CPR,25350,25355.25,50.85,91.53,969.19,-0.471,0.00285,-29.87,10.5,1,0.027
2025-07-11,BUY_PE_CPR,25150,25149.85,53.96,97.13,1031.32,-0.487,0.00284,-30.22,10.7,1,0.204
2025-07-14,BUY_PE_CPR,25100,25082.3,106.21,191.18,2075.74,-0.498,0.0015,-15.53,10.1,4,0.202
2025-07-15,BUY_CE_CPR,25200,25195.8,97.05,174.68,1892.49,0.518,0.00172,-17.68,10.1,3,0.015
2025-07-16,BUY_CE_CPR,25200,25212.05,86.03,154.86,1672.41,0.546,0.00211,-21.08,10.1,2,0.077
2025-07-17,BUY_PE_CPR,25100,25111.45,46.19,83.14,875.96,-0.452,0.00294,-28.73,10.3,1,0.063
2025-07-18,BUY_PE_CPR,24950,24968.4,37.04,66.67,693.1,-0.423,0.00328,-25.25,9.1,1,0.155
2025-07-21,BUY_CE_CPR,25100,25090.7,99.31,178.75,1937.69,0.516,0.00167,-14.15,9.1,4,0.168
2025-07-22,BUY_CE_CPR,25050,25060.9,94.31,169.76,1837.82,0.549,0.00193,-15.94,9.0,3,0.25
2025-07-23,BUY_CE_CPR,25200,25219.9,80.76,145.37,1567.01,0.571,0.0024,-18.63,8.8,2,0.127
2025-07-24,BUY_PE_CPR,25050,25062.1,34.09,61.37,634.24,-0.436,0.00375,-22.62,8.0,1,0.161
2025-07-25,BUY_PE_CPR,24850,24837.0,45.93,82.67,870.76,-0.532,0.00382,-23.04,8.0,1,0.189
2025-07-28,BUY_PE_CPR,24700,24680.9,83.37,150.06,1619.1,-0.501,0.00193,-12.54,8.0,4,0.193
2025-07-29,BUY_CE_CPR,24800,24821.1,94.65,170.37,1844.62,0.573,0.00205,-15.02,8.5,3,0.234
2025-07-30,BUY_CE_CPR,24850,24855.05,69.75,125.56,1347.0,0.537,0.00253,-17.94,8.5,2,0.263
2025-07-31,BUY_PE_CPR,24750,24768.35,33.87,60.97,629.78,-0.418,0.00351,-23.55,8.6,1,0.048
2025-08-01,BUY_PE_CPR,24550,24565.35,36.38,65.48,679.9,-0.431,0.00344,-24.33,8.9,1,0.074
2025-08-04,BUY_CE_CPR,24700,24722.75,119.23,214.61,2335.88,0.567,0.0016,-14.53,9.5,4,0.254
2025-08-06,BUY_PE_CPR,24550,24574.2,52.66,94.78,1005.26,-0.422,0.0023,-18.5,9.4,2,0.033
2025-08-07,BUY_CE_CPR,24600,24596.15,48.18,86.72,915.73,0.503,0.00332,-26.15,9.3,1,0.084
2025-08-08,BUY_PE_CPR,24350,24363.3,40.08,72.15,753.93,-0.441,0.00325,-25.86,9.5,1,0.293
2025-08-11,BUY_CE_CPR,24600,24585.05,108.48,195.26,2121.03,0.506,0.00148,-15.59,10.4,4,0.266
2025-08-13,BUY_CE_CPR,24600,24619.35,91.68,165.03,1785.35,0.56,0.00205,-21.44,10.6,2,0.262
2025-08-14,BUY_CE_CPR,24650,24631.3,47.27,85.09,897.67,0.459,0.00293,-28.92,10.5,1,0.053
2025-08-18,BUY_CE_CPR,24900,24876.95,113.71,204.67,2225.5,0.495,0.00137,-16.71,11.2,4,0.011
2025-08-19,BUY_CE_CPR,25000,24980.65,97.72,175.9,1906.05,0.493,0.00158,-18.95,11.1,3,0.161
2025-08-20,BUY_CE_CPR,25050,25050.55,87.67,157.8,1705.08,0.52,0.00192,-22.99,11.2,2,0.099
2025-08-21,BUY_CE_CPR,25100,25083.75,51.34,92.41,978.88,0.468,0.00278,-30.5,10.9,1,0.11
2025-08-22,BUY_PE_CPR,24850,24870.1,46.4,83.53,880.29,-0.432,0.00271,-30.43,11.1,1,0.055
2025-08-25,BUY_CE_CPR,24950,24967.75,129.36,232.85,2538.37,0.553,0.00142,-16.16,10.6,4,0.272
2025-08-26,BUY_PE_CPR,24700,24712.05,87.64,157.76,1704.59,-0.458,0.00159,-18.57,11.2,3,0.026
2025-08-28,BUY_PE_CPR,24500,24500.9,55.85,100.53,1069.13,-0.484,0.00272,-31.33,11.4,1,0.252
2025-08-29,BUY_PE_CPR,24450,24426.85,68.2,122.76,1315.96,-0.55,0.00271,-31.33,11.4,1,0.249
2025-09-01,BUY_CE_CPR,24650,24625.05,119.03,214.26,2332.01,0.493,0.0013,-17.47,11.9,4,0.167
2025-09-03,BUY_CE_CPR,24700,24715.05,95.47,171.85,1861.01,0.547,0.0019,-23.01,11.4,2,0.161
2025-09-04,BUY_CE_CPR,24750,24734.3,52.96,95.32,1011.26,0.47,0.00272,-31.19,11.3,1,0.215
2025-09-05,BUY_PE_CPR,24750,24741.0,60.32,108.58,1158.44,-0.511,0.00274,-31.25,11.2,1,0.297
2025-09-08,BUY_CE_CPR,24750,24773.15,137.61,247.69,2703.21,0.558,0.00136,-16.81,11.2,4,0.038
2025-09-09,BUY_CE_CPR,24850,24868.6,110.89,199.59,2169.12,0.556,0.00167,-17.98,10.5,3,0.122
2025-09-10,BUY_CE_CPR,24950,24973.1,90.72,163.3,1766.14,0.57,0.00213,-20.65,10.0,2,0.042
2025-09-11,BUY_CE_CPR,25000,25005.5,56.18,101.13,1075.71,0.532,0.00311,-27.81,9.8,1,0.006
2025-09-12,BUY_CE_CPR,25100,25114.0,60.65,109.18,1165.1,0.559,0.00309,-27.66,9.7,1,0.045
2025-09-15,BUY_PE_CPR,25050,25069.2,84.78,152.6,1647.32,-0.441,0.00154,-14.63,9.8,4,0.067
2025-09-16,BUY_CE_CPR,25250,25239.1,86.49,155.69,1681.56,0.507,0.00187,-16.46,9.3,3,0.064
2025-09-17,BUY_CE_CPR,25350,25330.25,64.35,115.83,1239.02,0.477,0.00228,-19.5,9.3,2,0.193
2025-09-18,BUY_CE_CPR,25400,25423.6,64.89,116.81,1249.85,0.59,0.00313,-26.82,9.3,1,0.051
2025-09-19,BUY_PE_CPR,25350,25327.05,60.11,108.2,1154.31,-0.557,0.00313,-27.44,9.5,1,0.09
2025-09-22,BUY_PE_CPR,25200,25202.35,85.07,153.13,1653.15,-0.464,0.00167,-13.91,9.0,4,0.081
2025-09-23,BUY_PE_CPR,25150,25169.5,65.91,118.63,1270.14,-0.434,0.00193,-15.33,8.9,3,0.103
2025-09-24,BUY_PE_CPR,25050,25056.9,51.6,92.89,984.23,-0.456,0.00267,-16.76,8.0,2,0.01
2025-09-25,BUY_PE_CPR,24900,24890.85,43.99,79.17,831.96,-0.517,0.00382,-23.07,8.0,1,0.085
2025-09-26,BUY_PE_CPR,24650,24654.7,39.83,71.69,748.87,-0.466,0.00359,-24.09,8.6,1,0.256
2025-09-29,BUY_PE_CPR,24650,24634.9,81.08,113.51,762.6,-0.494,0.00193,-12.47,8.0,4,0.255
2025-09-30,BUY_PE_CPR,24600,24611.1,59.71,83.6,549.17,-0.445,0.00221,-13.71,8.0,3,0.173
2025-10-01,BUY_CE_CPR,24850,24836.3,59.78,107.6,1147.59,0.489,0.00256,-17.69,8.5,2,0.131
2025-10-03,BUY_CE_CPR,24900,24894.25,43.62,61.07,388.44,0.496,0.00359,-24.33,8.5,1,0.266
2025-10-06,BUY_CE_CPR,25100,25077.65,91.89,165.4,1789.47,0.494,0.00169,-13.95,9.0,4,0.181
2025-10-07,BUY_CE_CPR,25100,25108.3,92.87,167.16,1808.94,0.544,0.00194,-15.93,9.0,3,0.236
2025-10-08,BUY_PE_CPR,25050,25046.15,63.79,114.81,1227.71,-0.487,0.0024,-18.75,9.0,2,0.107
2025-10-09,BUY_CE_CPR,25200,25181.8,41.15,74.07,775.24,0.455,0.00332,-25.72,9.1,1,0.144
2025-10-10,BUY_CE_CPR,25300,25285.35,43.61,78.5,824.46,0.468,0.00327,-26.27,9.2,1,0.185
2025-10-13,BUY_PE_CPR,25250,25227.35,98.31,176.96,1917.78,-0.506,0.00166,-14.28,9.1,4,0.11
2025-10-14,BUY_PE_CPR,25150,25145.5,79.11,142.4,1534.01,-0.481,0.0019,-16.07,9.2,3,0.047
2025-10-15,BUY_CE_CPR,25300,25323.55,86.42,155.55,1680.09,0.576,0.00227,-19.51,9.2,2,0.105
2025-10-16,BUY_CE_CPR,25600,25585.3,48.66,87.59,925.37,0.471,0.00296,-28.85,10.0,1,0.16
2025-10-17,BUY_CE_CPR,25700,25709.85,61.74,111.14,1186.87,0.543,0.00292,-29.44,10.1,1,0.218
2025-10-20,BUY_CE_CPR,25850,25843.15,114.72,206.5,2245.81,0.519,0.00146,-15.96,10.1,4,0.167
2025-10-21,BUY_CE_CPR,25850,25868.6,108.37,195.07,2118.87,0.558,0.00172,-17.61,9.8,3,0.037
2025-10-23,BUY_CE_CPR,25900,25891.4,50.46,90.84,961.45,0.489,0.00303,-28.45,9.7,1,0.03
2025-10-24,BUY_PE_CPR,25800,25795.15,51.95,93.51,991.2,-0.5,0.00307,-28.22,9.6,1,0.238
2025-10-27,BUY_CE_CPR,25950,25966.05,117.64,211.75,2304.15,0.557,0.00158,-14.86,9.2,4,0.092
2025-10-29,BUY_CE_CPR,26050,26053.9,68.35,123.03,1318.92,0.535,0.00258,-17.8,8.0,2,0.026
2025-10-30,BUY_PE_CPR,25900,25877.85,55.62,100.12,1064.5,-0.559,0.0034,-25.49,8.6,1,0.064
2025-10-31,BUY_PE_CPR,25700,25722.1,34.85,62.72,649.3,-0.41,0.0033,-24.78,8.8,1,0.158
2025-11-03,BUY_CE_CPR,25750,25763.35,110.77,199.38,2166.73,0.555,0.00167,-14.18,8.7,4,0.286
2025-11-04,BUY_PE_CPR,25600,25597.65,77.78,140.0,1507.41,-0.477,0.00191,-16.05,9.0,3,0.102
2025-11-06,BUY_PE_CPR,25500,25509.7,42.11,75.8,794.53,-0.453,0.00323,-26.35,9.2,1,0.223
2025-11-07,BUY_PE_CPR,25500,25492.3,50.04,90.07,952.96,-0.509,0.00328,-26.53,9.1,1,0.198
2025-11-10,BUY_CE_CPR,25550,25574.35,118.31,212.95,2317.47,0.572,0.00164,-14.34,9.0,4,0.15
2025-11-11,BUY_CE_CPR,25700,25694.95,87.98,158.37,1711.36,0.518,0.0019,-16.27,9.0,3,0.011
2025-11-12,BUY_CE_CPR,25900,25875.8,63.32,113.98,1218.5,0.468,0.00225,-19.72,9.2,2,0.29
2025-11-13,BUY_CE_CPR,25900,25879.15,41.19,74.14,776.07,0.448,0.00323,-26.28,9.0,1,0.046
2025-11-14,BUY_CE_CPR,25900,25910.05,54.83,98.69,1048.66,0.55,0.00335,-25.92,8.7,1,0.078
2025-11-17,BUY_CE_CPR,26000,26013.45,103.78,186.8,2027.0,0.56,0.00181,-13.32,8.0,4,0.178
2025-11-18,BUY_PE_CPR,25900,25910.05,63.6,114.48,1223.96,-0.448,0.0021,-14.47,8.0,3,0.124
2025-11-19,BUY_CE_CPR,26050,26052.65,67.68,121.83,1305.59,0.532,0.00258,-17.79,8.0,2,0.11
2025-11-20,BUY_CE_CPR,26200,26192.15,43.36,78.05,819.43,0.49,0.00354,-24.73,8.2,1,0.222
2025-11-21,BUY_PE_CPR,26050,26068.15,35.74,64.34,667.25,-0.421,0.00337,-24.64,8.5,1,0.095
2025-11-24,BUY_PE_CPR,25950,25959.5,79.22,142.59,1536.14,-0.45,0.00171,-13.58,8.5,4,0.122
2025-11-25,BUY_PE_CPR,25900,25884.8,77.32,139.18,1498.23,-0.501,0.00208,-15.1,8.2,3,0.175
2025-11-26,BUY_CE_CPR,26200,26205.3,81.94,147.5,1590.67,0.533,0.00213,-21.01,9.6,2,0.153
2025-11-28,BUY_PE_CPR,26200,26202.95,45.36,38.56,-217.86,-0.474,0.00324,-26.71,9.0,1,0.027
2025-12-01,BUY_PE_CPR,26200,26175.75,96.2,173.16,1875.56,-0.508,0.0017,-14.05,8.5,4,0.06
2025-12-02,BUY_PE_CPR,26050,26032.2,85.93,154.67,1670.33,-0.506,0.0019,-16.35,8.9,3,0.126
2025-12-03,BUY_PE_CPR,26000,25986.0,67.4,121.32,1299.99,-0.51,0.00245,-18.62,8.5,2,0.113
2025-12-04,BUY_CE_CPR,26050,26033.75,39.47,71.05,741.77,0.46,0.00352,-24.53,8.3,1,0.019
2025-12-05,BUY_CE_CPR,26200,26186.45,42.04,75.68,793.17,0.47,0.00342,-25.29,8.5,1,0.039
2025-12-08,BUY_PE_CPR,25950,25960.55,87.53,157.56,1702.35,-0.453,0.00156,-14.7,9.4,4,0.237
2025-12-09,BUY_PE_CPR,25850,25839.65,86.53,155.76,1682.35,-0.492,0.0018,-16.99,9.4,3,0.193
2025-12-10,BUY_PE_CPR,25750,25758.0,60.78,109.4,1167.65,-0.459,0.00229,-19.29,9.1,2,0.036
2025-12-11,BUY_CE_CPR,25900,25898.55,52.26,94.07,997.32,0.511,0.00314,-27.67,9.4,1,0.214
2025-12-12,BUY_CE_CPR,26050,26046.95,53.25,95.85,1017.14,0.506,0.00303,-28.56,9.6,1,0.232
2025-12-16,BUY_PE_CPR,25850,25860.1,79.68,143.43,1545.48,-0.457,0.00174,-17.22,9.7,3,0.132
2025-12-17,BUY_PE_CPR,25800,25818.55,59.08,106.35,1133.69,-0.438,0.00218,-19.84,9.5,2,0.123
2025-12-18,BUY_PE_CPR,25800,25815.55,39.79,71.63,748.17,-0.434,0.00319,-26.28,9.1,1,0.081
2025-12-19,BUY_CE_CPR,25950,25966.4,61.79,111.22,1187.84,0.567,0.0031,-27.56,9.3,1,0.003
2025-12-22,BUY_CE_CPR,26150,26172.4,127.97,230.35,2510.61,0.563,0.00148,-15.72,9.7,4,0.075
2025-12-23,BUY_CE_CPR,26200,26177.15,86.75,156.16,1686.78,0.486,0.00175,-17.43,9.6,3,0.148
2025-12-24,BUY_PE_CPR,26150,26142.1,62.67,112.8,1205.4,-0.495,0.00251,-18.16,8.2,2,0.002
2025-12-26,BUY_PE_CPR,26050,26042.3,46.92,84.45,890.53,-0.51,0.00351,-25.05,8.3,1,0.096
2025-12-29,BUY_PE_CPR,25950,25942.1,86.51,155.71,1681.88,-0.48,0.00173,-13.68,8.5,4,0.088
2025-12-30,BUY_PE_CPR,25950,25938.85,78.05,140.49,1512.84,-0.493,0.002,-15.52,8.5,3,0.184
2025-12-31,BUY_CE_CPR,26150,26129.6,62.04,111.67,1192.8,0.475,0.00236,-19.02,8.7,2,0.029
2026-01-01,BUY_CE_CPR,26150,26146.55,48.1,86.57,914.1,0.505,0.00335,-26.09,8.7,1,0.13
2026-01-02,BUY_CE_CPR,26350,26328.55,42.09,75.76,794.04,0.448,0.00316,-26.88,9.1,1,0.023
2026-01-06,BUY_PE_CPR,26200,26178.7,81.18,146.12,1575.29,-0.514,0.00205,-15.31,8.2,3,0.105
2026-01-07,BUY_PE_CPR,26150,26140.75,61.73,111.11,1186.55,-0.499,0.00258,-17.77,8.0,2,0.053
2026-01-08,BUY_PE_CPR,25900,25876.85,58.24,104.83,1116.89,-0.56,0.00325,-26.51,9.0,1,0.034
2026-01-12,BUY_CE_CPR,25800,25790.25,101.6,182.89,1983.6,0.516,0.00164,-14.5,9.0,4,0.255
2026-01-14,BUY_PE_CPR,25650,25665.6,54.65,98.38,1045.2,-0.44,0.00237,-18.41,8.8,2,0.05
2026-01-16,BUY_CE_CPR,25700,25694.35,46.43,83.58,880.88,0.497,0.00339,-25.75,8.8,1,0.084
2026-01-19,BUY_PE_CPR,25600,25585.5,93.29,167.91,1817.35,-0.492,0.00167,-14.15,8.9,4,0.192
2026-01-20,BUY_PE_CPR,25250,25232.5,93.6,168.48,1823.62,-0.505,0.00174,-17.55,10.0,3,0.031
2026-01-22,BUY_CE_CPR,25300,25289.9,48.16,86.68,915.3,0.484,0.00312,-27.6,9.6,1,0.124
2026-01-23,BUY_PE_CPR,25050,25048.65,51.57,92.82,983.53,-0.49,0.003,-28.74,10.2,1,0.033
2026-01-28,BUY_CE_CPR,25350,25342.75,83.32,149.98,1618.21,0.505,0.00193,-22.87,11.0,2,0.226
2026-01-29,BUY_CE_CPR,25400,25418.9,71.55,128.79,1382.91,0.564,0.00266,-31.72,11.1,1,0.165
2026-02-04,SELL_PE_CPR,25350,25776.0,14.69,0.27,312.89,-0.094,0.0005,-14.4,17.5,2,0.682
2026-02-05,BUY_PE_CPR,25650,25642.8,95.63,172.13,1864.16,-0.503,0.00169,-49.46,17.6,1,0.22
2026-02-06,BUY_CE_CPR,25700,25693.7,91.39,164.49,1779.38,0.499,0.00173,-48.39,17.2,1,0.067
2026-02-09,BUY_CE_CPR,25850,25867.3,203.39,366.11,4018.12,0.534,0.00086,-25.48,17.1,4,0.247
2026-02-10,BUY_CE_CPR,25950,25935.15,159.79,287.63,3146.69,0.502,0.00099,-29.0,17.1,3,0.04
2026-02-11,BUY_CE_CPR,25950,25953.85,137.32,247.18,2697.54,0.518,0.00122,-35.01,17.1,2,0.013
2026-02-12,BUY_PE_CPR,25800,25807.2,86.86,156.35,1688.96,-0.478,0.00171,-48.47,17.2,1,0.002
2026-02-13,BUY_PE_CPR,25450,25471.1,83.59,150.47,1623.6,-0.456,0.00165,-49.74,18.0,1,0.058
