date,type,strike,spot,entry_premium,exit_premium,pnl,delta,iv,dte
2020-10-28,BUY_CE_GTZ,60000,60138.0,2168.48,2819.03,584877.13,0.527,43.3,15
2020-10-29,BUY_CE_GTZ,60000,60172.0,1895.83,3412.5,1364457.05,0.529,38.6,14
2021-01-06,BUY_PE_GTZ,69500,69417.0,1659.52,2987.14,1194377.16,-0.496,37.2,9
2021-01-15,BUY_CE_GTZ,65000,64915.0,1620.72,2106.94,437125.5,0.504,54.9,5
2021-01-28,BUY_PE_GTZ,67500,67595.0,2791.89,5025.41,2009388.49,-0.472,52.1,15
2021-03-18,BUY_PE_GTZ,67500,67720.0,812.04,1055.66,218992.49,-0.455,29.1,5
2021-03-25,BUY_CE_GTZ,65000,64910.0,793.1,1427.58,570777.35,0.489,27.6,5
2021-03-31,BUY_CE_GTZ,63500,63715.0,1255.75,2260.34,903763.02,0.538,24.9,12
2021-04-20,BUY_PE_GTZ,69000,68760.0,1001.51,1301.97,270100.06,-0.537,27.3,5
2021-04-22,BUY_PE_GTZ,69000,69185.0,791.52,1424.73,569637.02,-0.46,27.3,5
2021-05-10,BUY_PE_GTZ,71500,71632.0,1060.13,1378.17,285911.44,-0.473,33.7,5
2021-05-11,BUY_PE_GTZ,72000,71950.0,1127.7,1071.31,-51087.81,-0.499,32.8,5
2021-05-12,BUY_PE_GTZ,71000,71120.0,1051.03,1366.34,283456.26,-0.475,33.5,5
2021-05-18,BUY_PE_GTZ,73000,73249.0,1047.76,1362.09,282574.25,-0.458,34.2,5
2021-05-21,BUY_CE_GTZ,71000,71100.0,1235.03,1605.54,333088.03,0.521,35.7,5
2021-05-28,BUY_CE_GTZ,71500,71530.0,2054.38,2670.7,554099.95,0.515,35.4,15
2021-06-03,BUY_CE_GTZ,71000,70850.0,1205.38,1566.99,325090.95,0.489,25.0,12
2021-07-08,BUY_PE_GTZ,69000,68965.0,1110.97,1444.26,299624.56,-0.497,28.7,7
2021-07-12,BUY_PE_GTZ,69500,69400.0,983.27,934.11,-44550.94,-0.51,28.8,5
2021-07-16,BUY_CE_GTZ,68500,68345.0,435.23,565.8,117350.54,0.455,15.9,5
2021-07-22,BUY_CE_GTZ,67500,67409.0,536.08,964.95,385792.72,0.479,18.4,5
2021-07-23,BUY_CE_GTZ,67000,67050.0,605.11,786.64,163173.22,0.518,18.5,5
2021-08-04,BUY_PE_GTZ,67500,67605.0,924.59,1664.26,665413.63,-0.475,20.9,11
2021-08-27,BUY_PE_GTZ,64000,63751.0,1016.78,965.94,-46067.77,-0.537,29.8,5
2021-09-08,BUY_PE_GTZ,64000,64150.0,890.32,1602.58,640753.53,-0.467,27.2,7
2021-09-13,BUY_CE_GTZ,63500,63300.0,632.77,1138.99,455384.59,0.462,24.6,5
2021-09-14,BUY_CE_GTZ,63500,63660.0,812.03,1461.66,584404.54,0.54,24.6,5
2021-09-24,BUY_CE_GTZ,60000,59920.0,770.11,1001.15,207682.63,0.491,28.9,5
2021-09-28,BUY_CE_GTZ,60500,60450.0,1415.95,2548.71,1019066.43,0.505,29.5,15
2021-10-22,BUY_PE_GTZ,65500,65620.0,786.71,1416.08,566178.32,-0.471,27.6,5
2021-11-16,BUY_PE_GTZ,66500,66285.0,965.31,1737.56,694723.04,-0.533,27.6,5
2021-11-22,BUY_CE_GTZ,64500,64655.0,870.99,827.44,-39469.25,0.537,26.3,5
2021-12-09,BUY_CE_GTZ,61000,60806.0,665.69,865.4,179516.09,0.465,24.4,6
2021-12-10,BUY_CE_GTZ,61000,61122.0,725.48,943.13,195644.25,0.534,23.3,5
2021-12-14,BUY_CE_GTZ,61000,60814.0,592.17,769.83,159685.05,0.462,24.0,5
2021-12-16,BUY_CE_GTZ,62000,62149.0,930.4,1674.72,669599.47,0.534,29.5,5
2021-12-21,BUY_PE_GTZ,62000,61780.0,964.76,1254.19,260187.22,-0.534,29.5,5
2021-12-27,BUY_PE_GTZ,62500,62342.0,756.85,983.9,204104.73,-0.531,23.2,5
2021-12-28,BUY_PE_GTZ,62500,62512.0,1147.84,2066.12,826101.49,-0.488,22.9,15
2022-01-03,BUY_CE_GTZ,62000,61802.0,969.42,1260.25,261443.34,0.478,23.8,12
2022-02-01,BUY_CE_GTZ,61500,61418.0,1408.78,1831.41,379955.48,0.502,30.3,14
2022-05-04,BUY_CE_GTZ,62000,62080.0,2274.59,2160.86,-102997.41,0.523,52.1,11
2022-05-05,BUY_CE_GTZ,62500,62342.0,2059.24,1956.28,-93250.44,0.505,52.0,10
2022-05-06,BUY_CE_GTZ,62500,62520.0,2040.35,2652.46,550314.81,0.517,51.9,9
2022-05-23,BUY_PE_GTZ,61500,61365.0,1553.89,2020.06,419097.38,-0.502,51.8,5
2022-05-27,BUY_PE_GTZ,62000,62179.0,1286.51,1672.47,346975.59,-0.468,47.4,5
2022-05-31,BUY_CE_GTZ,61000,61124.0,1306.51,1698.46,352368.64,0.525,28.2,12
2022-06-01,BUY_CE_GTZ,61500,61590.0,1363.74,2454.73,981490.42,0.52,27.5,14
2022-06-03,BUY_PE_GTZ,61500,61660.0,1190.65,2143.16,856907.22,-0.469,28.5,12
2022-06-06,BUY_PE_GTZ,62500,62332.0,1168.85,1519.51,315238.49,-0.515,27.7,9
2022-06-09,BUY_CE_GTZ,61500,61445.0,647.82,842.16,174694.68,0.492,21.5,6
2022-06-10,BUY_CE_GTZ,62000,61920.0,572.94,1031.3,412321.76,0.484,21.2,5
2022-06-13,BUY_CE_GTZ,60500,60309.0,514.53,668.89,138741.61,0.455,21.5,5
2022-06-15,BUY_CE_GTZ,61000,60869.0,640.78,1153.4,461145.85,0.476,24.8,5
2022-06-23,BUY_CE_GTZ,59500,59483.0,722.77,686.63,-32760.63,0.502,26.3,5
2022-06-24,BUY_CE_GTZ,60000,59755.0,617.26,1111.07,444220.72,0.453,26.2,5
2022-07-12,BUY_CE_GTZ,56500,56471.0,968.24,1258.71,261124.27,0.504,37.3,5
2022-07-21,BUY_CE_GTZ,55500,55440.0,966.26,1739.27,695407.61,0.499,38.5,5
2022-07-25,BUY_CE_GTZ,54500,54400.0,908.51,1181.06,245013.67,0.492,37.7,5
2022-07-26,BUY_CE_GTZ,55000,54750.0,848.95,1103.64,228947.87,0.467,37.8,5
2022-07-27,BUY_CE_GTZ,55000,54911.0,930.32,1209.42,250896.31,0.494,38.0,5
2022-08-02,BUY_PE_GTZ,57500,57500.0,1973.4,3552.12,1420287.65,-0.482,45.7,13
2022-08-04,BUY_PE_GTZ,58000,58010.0,1340.13,1742.17,361438.64,-0.486,33.6,11
2022-08-26,BUY_CE_GTZ,55000,54816.0,606.62,576.29,-27503.61,0.464,27.1,5
2022-09-23,BUY_PE_GTZ,56500,56275.0,1049.43,1888.98,755271.0,-0.53,35.5,5
2022-09-26,BUY_CE_GTZ,55500,55315.0,841.33,799.26,-38126.49,0.476,36.0,5
2022-09-27,BUY_CE_GTZ,55500,55430.0,890.38,845.86,-40346.68,0.496,35.7,5
2022-09-28,BUY_CE_GTZ,56500,56530.0,1654.24,2977.63,1190571.25,0.516,36.0,15
2022-11-11,BUY_PE_GTZ,61500,61619.0,664.03,1195.25,477877.64,-0.468,25.1,5
2022-11-15,BUY_PE_GTZ,61500,61576.0,725.96,1306.74,522457.47,-0.478,26.6,5
2022-12-22,BUY_PE_GTZ,68500,68470.0,1076.96,1938.52,775081.69,-0.496,33.2,5
2022-12-27,BUY_PE_GTZ,70000,69780.0,1139.76,1481.68,307389.26,-0.526,31.5,5
2022-12-28,BUY_PE_GTZ,69000,69127.0,1711.45,2224.88,461597.51,-0.475,31.9,15
2022-12-30,BUY_PE_GTZ,69500,69370.0,1605.07,2086.59,432901.81,-0.501,29.5,13
2023-01-03,BUY_PE_GTZ,70000,69920.0,1328.44,2391.2,956084.76,-0.5,25.5,12
2023-01-18,BUY_CE_GTZ,68000,68250.0,798.41,758.49,-36183.9,0.564,21.0,5
2023-01-19,BUY_CE_GTZ,68500,68410.0,573.13,1031.63,412453.39,0.481,19.3,5
2023-01-23,BUY_CE_GTZ,68000,68080.0,651.86,1173.35,469121.27,0.525,19.3,5
2023-02-14,BUY_CE_GTZ,66500,66297.0,613.25,797.22,165369.21,0.46,22.9,5
2023-02-17,BUY_CE_GTZ,65500,65600.0,753.27,1355.89,542110.68,0.528,23.0,5
2023-03-10,BUY_CE_GTZ,63000,62851.0,610.65,1099.17,439461.02,0.47,23.3,5
2023-04-25,BUY_CE_GTZ,74500,74340.0,752.88,978.75,203035.13,0.475,23.9,5
2023-05-10,BUY_PE_GTZ,76500,76690.0,688.21,1238.77,495281.54,-0.456,21.8,5
2023-05-11,BUY_CE_GTZ,74000,73781.0,840.99,798.94,-38111.22,0.469,27.5,5
2023-05-16,BUY_CE_GTZ,72500,72575.0,936.68,889.84,-42442.13,0.519,26.6,5
2023-05-19,BUY_CE_GTZ,73500,73350.0,874.46,1574.03,629335.36,0.481,27.7,5
2023-05-23,BUY_CE_GTZ,72000,72150.0,1008.33,1814.99,725685.05,0.532,27.7,5
2023-06-15,BUY_CE_GTZ,72000,72130.0,887.69,1597.85,638861.25,0.53,24.4,5
2023-07-20,BUY_PE_GTZ,75500,75425.0,942.59,1696.66,678372.56,-0.507,25.7,5
2023-07-27,BUY_CE_GTZ,74000,73779.0,839.27,1091.05,226335.52,0.469,27.4,5
2023-08-01,BUY_CE_GTZ,74000,73970.0,1713.85,1628.16,-77617.75,0.508,30.0,14
2023-08-10,BUY_CE_GTZ,70000,69945.0,719.94,683.94,-32632.28,0.493,22.9,5
2023-08-17,BUY_CE_GTZ,70000,70050.0,736.53,957.49,198624.52,0.516,21.8,5
2023-09-06,BUY_CE_GTZ,72500,72465.0,925.97,1203.76,249722.55,0.5,20.8,9
2023-09-11,BUY_CE_GTZ,72000,71940.0,692.76,900.59,186817.76,0.491,21.5,5
2023-09-12,BUY_CE_GTZ,72000,71905.0,675.73,878.45,182222.93,0.484,21.5,5
2023-09-13,BUY_CE_GTZ,71500,71410.0,681.75,886.27,183846.18,0.485,21.8,5
2023-09-21,BUY_PE_GTZ,73000,73099.0,529.93,503.43,-24032.21,-0.468,17.0,5
2023-09-25,BUY_PE_GTZ,72000,72126.0,569.25,1024.66,409667.3,-0.463,18.7,5
2023-09-28,BUY_CE_GTZ,70500,70610.0,1100.3,1430.39,296745.83,0.523,18.4,15
2023-09-29,BUY_PE_GTZ,70000,69870.0,1074.7,1934.45,773452.78,-0.512,18.5,14
2023-10-18,BUY_PE_GTZ,72000,71860.0,1097.64,1426.93,296028.38,-0.514,30.6,5
2023-11-03,BUY_CE_GTZ,72500,72287.0,1106.35,1991.42,796234.04,0.479,23.2,12
2023-11-09,BUY_CE_GTZ,71500,71390.0,850.97,1531.75,612432.23,0.486,24.8,6
2023-11-14,BUY_PE_GTZ,71500,71562.0,766.3,996.19,206653.9,-0.482,23.9,5
2023-11-15,BUY_PE_GTZ,72500,72335.0,909.07,1181.79,245163.54,-0.526,24.4,5
2023-12-20,BUY_PE_GTZ,75500,75491.0,1107.61,1439.9,298719.28,-0.494,31.3,5
2023-12-21,BUY_PE_GTZ,75500,75450.0,1128.67,1467.27,304398.37,-0.499,31.3,5
2023-12-22,BUY_PE_GTZ,75500,75448.0,1109.71,1442.62,299284.87,-0.5,30.8,5
2024-01-02,BUY_CE_GTZ,74000,74155.0,1717.09,1631.24,-77764.4,0.525,29.5,13
2024-01-12,BUY_CE_GTZ,72500,72573.0,633.17,1139.7,455669.16,0.523,17.6,5
2024-01-24,BUY_CE_GTZ,72000,71845.0,529.24,952.62,380864.49,0.463,18.0,5
2024-02-01,BUY_CE_GTZ,72000,72240.0,913.9,1645.02,657722.89,0.552,14.0,14
2024-02-02,BUY_CE_GTZ,71500,71294.0,722.57,939.34,194858.22,0.465,15.3,13
2024-02-08,BUY_CE_GTZ,71000,70841.0,574.91,1034.84,413738.36,0.465,16.6,7
2024-02-14,BUY_CE_GTZ,70000,70152.0,630.89,1135.6,454029.14,0.547,16.9,5
2024-03-07,BUY_PE_GTZ,74500,74315.0,1200.83,1561.08,323863.08,-0.518,25.2,8
2024-03-12,BUY_PE_GTZ,74000,73850.0,887.68,1597.83,638853.54,-0.523,23.5,5
2024-03-21,BUY_PE_GTZ,75000,75081.0,720.84,1297.51,518768.76,-0.478,21.7,5
2024-03-22,BUY_CE_GTZ,75000,74787.0,666.65,866.64,179774.12,0.461,22.0,5
2024-03-26,BUY_CE_GTZ,74500,74518.0,710.85,924.1,191696.05,0.508,20.2,5
2024-03-28,BUY_CE_GTZ,75000,75048.0,1172.36,1524.07,316183.69,0.513,19.0,15
2024-04-01,BUY_CE_GTZ,75500,75532.0,1116.78,1451.82,301192.55,0.511,18.7,14
2024-04-12,BUY_PE_GTZ,83000,82813.0,751.79,1353.22,541046.11,-0.541,16.9,5
2024-05-28,BUY_PE_GTZ,95500,95448.0,3262.73,4241.55,880037.52,-0.484,42.0,15
2024-05-29,BUY_PE_GTZ,96000,96162.0,3064.56,2911.33,-138752.23,-0.474,42.0,14
2024-05-30,BUY_PE_GTZ,94000,94123.0,3067.45,3987.69,827364.14,-0.476,44.3,13
2024-06-03,BUY_CE_GTZ,92000,92033.0,2943.43,3826.46,793911.72,0.517,44.1,12
2024-06-07,BUY_CE_GTZ,89000,89089.0,2952.33,2804.71,-133672.55,0.52,55.4,8
2024-07-12,BUY_PE_GTZ,93000,93109.0,1161.53,1509.99,313262.83,-0.479,28.0,5
2024-07-16,BUY_PE_GTZ,94000,93860.0,1327.83,1261.44,-60146.08,-0.511,28.7,5
2024-07-29,BUY_CE_GTZ,81500,81287.0,2398.86,3118.52,647020.23,0.501,39.5,14
2024-09-06,BUY_PE_GTZ,83000,82757.0,1805.72,3250.29,1299597.25,-0.512,32.4,9
2024-09-11,BUY_PE_GTZ,84500,84450.0,1292.24,1679.91,348520.16,-0.498,32.2,5
2024-09-19,BUY_PE_GTZ,90000,89968.0,1335.79,1736.53,360268.21,-0.496,31.4,5
2024-09-20,BUY_PE_GTZ,90000,90135.0,1223.03,1589.94,329851.21,-0.476,30.7,5
2024-09-23,BUY_PE_GTZ,89000,89231.0,1186.59,1542.57,320022.41,-0.464,31.2,5
2024-09-26,BUY_PE_GTZ,92500,92664.0,1341.24,1743.61,361737.17,-0.474,32.9,5
2024-10-04,BUY_PE_GTZ,93500,93349.0,1964.11,3535.4,1413599.33,-0.502,29.2,11
2024-10-08,BUY_CE_GTZ,88500,88729.0,1886.76,2452.79,508886.13,0.53,36.2,7
2024-12-11,BUY_PE_GTZ,96000,95802.0,1351.61,1757.1,364535.48,-0.518,27.9,5
2024-12-12,BUY_PE_GTZ,92500,92633.0,1353.33,2435.99,973993.99,-0.477,32.9,5
2025-01-09,BUY_PE_GTZ,91500,91711.0,1316.55,1711.52,355078.7,-0.468,30.3,6
2025-01-27,BUY_CE_GTZ,90000,90223.0,1095.98,1424.78,295582.0,0.541,23.3,5
2025-02-03,BUY_PE_GTZ,94500,94257.0,1705.12,2216.65,459889.68,-0.515,23.2,12
2025-02-14,BUY_PE_GTZ,95500,95586.0,734.08,1321.34,528297.31,-0.478,17.4,5
2025-03-10,BUY_PE_GTZ,96500,96465.0,1029.1,1852.38,740637.94,-0.5,22.5,5
2025-03-11,BUY_PE_GTZ,98000,98132.0,1003.75,1304.87,270702.75,-0.474,23.4,5
2025-03-19,BUY_PE_GTZ,100000,99924.0,1179.41,2122.95,848822.98,-0.504,24.5,5
2025-03-21,BUY_CE_GTZ,98000,97884.0,1096.94,1426.02,295840.37,0.489,25.3,5
2025-03-27,BUY_PE_GTZ,101500,101313.0,1259.28,1196.31,-57043.27,-0.519,24.6,5
2025-03-28,BUY_PE_GTZ,100500,100457.0,2018.9,3634.01,1453030.64,-0.492,24.6,15
2025-05-13,BUY_PE_GTZ,97000,96767.0,1395.1,1813.63,376264.79,-0.522,28.2,5
2025-05-14,BUY_PE_GTZ,95500,95466.0,1309.88,2357.79,942727.84,-0.497,29.0,5
2025-05-20,BUY_PE_GTZ,97500,97288.0,1421.74,1350.66,-64396.74,-0.518,28.9,5
2025-05-29,BUY_PE_GTZ,98000,97826.0,1928.03,2506.43,520016.49,-0.504,24.1,14
2025-06-12,BUY_PE_GTZ,106000,105885.0,1409.41,1832.23,380125.76,-0.507,27.3,5
2025-07-08,BUY_PE_GTZ,108000,107985.0,1245.92,1619.7,336026.99,-0.496,20.8,7
2025-07-25,BUY_PE_GTZ,113000,113052.0,1232.44,2218.39,886986.34,-0.487,23.9,5
2025-08-07,BUY_PE_GTZ,114500,114286.0,1981.84,2576.4,534533.43,-0.509,27.8,8
2025-08-20,BUY_CE_GTZ,112500,112553.0,1302.71,2344.88,937564.05,0.512,24.3,5
2025-09-16,BUY_PE_GTZ,129000,128820.0,1320.15,1716.2,356048.84,-0.518,20.4,5
2025-09-19,BUY_PE_GTZ,130000,129838.0,1449.94,1377.45,-65673.08,-0.513,22.6,5
2025-10-07,BUY_PE_GTZ,146000,145792.0,2582.77,3357.6,696626.87,-0.504,28.8,8
