date,type,strike,spot,entry_premium,exit_premium,pnl,delta,iv,dte,cpr_width
2020-09-25,BUY_PE_CPR,49500,49539.0,343.72,618.7,274831.95,-0.479,15.7,5,0.397
2020-09-28,BUY_CE_CPR,49900,49928.0,663.84,1194.92,530835.27,0.512,16.1,15,0.15
2020-10-01,BUY_CE_CPR,50300,50345.0,700.65,1261.17,560269.46,0.516,17.3,14,0.084
2020-10-05,BUY_CE_CPR,50800,50793.0,588.96,1060.13,470953.06,0.503,17.7,10,0.027
2020-10-07,BUY_PE_CPR,50100,50114.0,512.93,923.27,410144.75,-0.49,17.6,8,0.233
2020-10-08,BUY_CE_CPR,50300,50260.0,470.03,846.06,375842.33,0.491,17.7,7,0.078
2020-10-09,BUY_CE_CPR,50900,50872.0,460.23,828.41,367999.56,0.495,18.2,6,0.046
2020-10-12,BUY_CE_CPR,51200,51166.0,416.65,749.98,333155.96,0.491,18.2,5,0.232
2020-10-13,BUY_PE_CPR,50300,50306.0,444.98,800.97,355810.89,-0.493,19.1,5,0.03
2020-10-15,BUY_CE_CPR,50800,50775.0,446.49,803.69,357018.62,0.495,19.4,5,0.076
2020-10-19,BUY_CE_CPR,50700,50705.0,453.55,816.39,362659.9,0.506,19.1,5,0.116
2020-10-20,BUY_CE_CPR,50900,50937.0,404.61,728.29,323519.55,0.519,16.2,5,0.111
2020-10-21,BUY_CE_CPR,51300,51299.0,393.18,707.72,314380.06,0.503,16.5,5,0.211
2020-10-22,BUY_PE_CPR,50700,50741.0,341.54,614.78,273087.89,-0.478,15.3,5,0.151
2020-10-23,BUY_CE_CPR,50800,50820.0,365.8,658.43,292482.87,0.512,15.0,5,0.185
2020-10-26,BUY_CE_CPR,51000,50953.0,321.2,578.16,256821.39,0.481,14.5,5,0.039
2020-10-27,BUY_CE_CPR,51000,50978.0,327.13,588.83,261558.36,0.493,14.2,5,0.18
2020-10-28,BUY_PE_CPR,50500,50483.0,569.97,1025.95,455764.89,-0.498,13.8,15,0.049
2020-10-29,BUY_PE_CPR,50300,50281.0,539.85,971.74,431678.88,-0.499,13.5,14,0.253
2020-10-30,BUY_CE_CPR,50800,50760.0,516.16,929.08,412728.93,0.492,14.0,13,0.104
2020-11-02,BUY_CE_CPR,51000,51032.0,542.96,977.33,434162.6,0.514,13.7,13,0.354
2020-11-03,BUY_CE_CPR,51500,51509.0,529.73,953.52,423584.73,0.507,14.1,12,0.25
2020-11-05,BUY_CE_CPR,51900,51901.0,574.61,1034.29,459470.89,0.505,16.8,10,0.358
2020-11-09,BUY_PE_CPR,49800,49795.0,648.76,1167.77,518772.87,-0.494,25.4,6,0.076
2020-11-10,SELL_CE_CPR,51400,50521.0,260.7,189.97,70581.79,0.285,25.3,5,1.627
2020-11-11,BUY_PE_CPR,50200,50230.0,576.43,1037.58,460933.62,-0.486,25.2,5,0.154
2020-11-12,BUY_CE_CPR,50600,50610.0,604.82,1088.68,483633.95,0.508,25.4,5,0.086
2020-11-13,BUY_CE_CPR,51000,50956.0,585.23,1053.42,467970.43,0.494,25.5,5,0.063
2020-11-16,BUY_PE_CPR,50900,50870.0,619.98,1115.96,495754.84,-0.501,25.5,5,0.006
2020-11-17,BUY_CE_CPR,50800,50819.0,609.14,852.79,243430.67,0.51,25.3,5,0.325
2020-11-18,BUY_PE_CPR,50400,50394.0,593.89,1069.0,474889.61,-0.495,25.1,5,0.079
2020-11-19,BUY_PE_CPR,50100,50079.0,600.15,1080.26,479894.79,-0.499,25.2,5,0.003
2020-11-20,BUY_CE_CPR,50300,50297.0,591.73,1065.12,473167.62,0.505,25.3,5,0.044
2020-11-23,BUY_PE_CPR,49600,49555.0,622.44,1120.4,497726.31,-0.505,25.9,5,0.067
2020-11-26,BUY_PE_CPR,48500,48528.0,577.41,490.8,-86825.71,-0.486,26.1,5,0.207
2020-11-27,BUY_PE_CPR,48200,48189.0,589.68,1061.43,471528.08,-0.496,26.0,5,0.207
2020-11-30,BUY_PE_CPR,47900,47928.0,902.48,1624.47,721676.84,-0.484,25.5,13,0.136
2020-12-01,BUY_CE_CPR,48700,48727.0,1014.5,1826.1,811260.33,0.513,26.4,14,0.203
2020-12-03,BUY_CE_CPR,49100,49101.0,872.31,1570.16,697550.06,0.508,24.6,12,0.039
2020-12-04,BUY_CE_CPR,49300,49322.0,553.71,996.68,442759.88,0.511,15.9,11,0.007
2020-12-07,SELL_CE_CPR,50400,49923.0,260.76,208.61,52003.85,0.344,15.6,8,0.926
2020-12-08,SELL_CE_CPR,50500,50049.0,240.27,76.36,163770.46,0.341,15.4,7,0.603
2020-12-08,SELL_PE_CPR,49400,50049.0,176.11,252.01,-76014.73,-0.267,15.4,7,0.603
2020-12-09,BUY_PE_CPR,49200,49168.0,434.1,781.38,347106.49,-0.507,16.6,6,0.18
2020-12-11,BUY_CE_CPR,49300,49306.0,380.12,684.21,303935.91,0.506,16.4,5,0.168
2020-12-14,BUY_PE_CPR,48900,48935.0,360.76,649.37,288459.09,-0.481,16.6,5,0.193
2020-12-15,BUY_CE_CPR,49400,49424.0,409.97,737.95,327811.37,0.513,17.3,5,0.059
2020-12-16,BUY_CE_CPR,49500,49544.0,416.36,749.44,332916.47,0.521,17.1,5,0.23
2020-12-17,BUY_CE_CPR,50300,50263.0,403.19,725.75,322389.39,0.49,18.0,5,0.078
2020-12-21,BUY_CE_CPR,50100,50146.0,416.49,749.68,333023.05,0.522,16.8,5,0.019
2020-12-22,BUY_PE_CPR,49800,49768.0,371.74,669.12,297233.67,-0.51,15.3,5,0.074
2020-12-23,BUY_CE_CPR,49900,49915.0,362.9,653.23,290169.86,0.51,15.3,5,0.277
2020-12-28,BUY_PE_CPR,49800,49761.0,618.77,525.95,-93042.12,-0.503,14.9,15,0.004
2020-12-29,BUY_PE_CPR,49700,49722.0,556.89,779.64,222546.21,-0.487,14.7,14,0.329
2020-12-30,BUY_CE_CPR,49900,49881.0,487.27,877.08,389625.27,0.498,13.3,13,0.023
2020-12-31,BUY_CE_CPR,50100,50081.0,471.48,848.67,377003.98,0.497,13.3,12,0.142
2021-01-01,BUY_CE_CPR,50100,50081.0,501.25,902.25,400806.04,0.498,13.1,14,0.196
2021-01-04,BUY_CE_CPR,51300,51349.0,603.84,1086.91,482848.26,0.518,16.3,11,0.028
2021-01-05,BUY_CE_CPR,51500,51456.0,512.33,717.26,204735.14,0.491,15.7,10,0.349
2021-01-06,BUY_PE_CPR,50500,50545.0,533.9,961.02,426915.91,-0.481,17.6,9,0.13
2021-01-07,SELL_CE_CPR,51300,50918.0,313.55,254.86,58520.29,0.38,15.9,8,0.802
2021-01-08,BUY_PE_CPR,49000,48989.0,625.46,1125.83,500138.98,-0.496,22.9,7,0.115
2021-01-13,BUY_CE_CPR,49400,49354.0,500.52,900.94,400226.14,0.491,22.7,5,0.25
2021-01-14,BUY_PE_CPR,49200,49238.0,502.55,904.59,401849.05,-0.483,22.7,5,0.001
2021-01-15,BUY_PE_CPR,48800,48761.0,522.41,940.34,417730.75,-0.507,22.1,5,0.238
2021-01-18,BUY_CE_CPR,48900,48931.0,521.24,938.24,416795.28,0.514,22.2,5,0.277
2021-01-19,BUY_CE_CPR,49000,49011.0,512.11,921.79,409489.75,0.508,22.2,5,0.203
2021-01-20,BUY_CE_CPR,49500,49525.0,531.37,956.47,424897.17,0.512,22.5,5,0.106
2021-01-22,BUY_PE_CPR,49200,49160.0,536.44,965.6,428952.63,-0.507,22.5,5,0.148
2021-01-25,BUY_CE_CPR,49100,49144.0,537.89,457.21,-80887.26,0.518,22.5,5,0.135
2021-01-27,BUY_PE_CPR,48900,48879.0,525.67,946.2,420333.21,-0.501,22.6,5,0.014
2021-01-28,BUY_PE_CPR,48700,48672.0,899.71,1619.48,719459.62,-0.495,22.6,15,0.101
2021-01-29,BUY_CE_CPR,49100,49127.0,888.99,1600.18,710888.06,0.513,22.9,14,0.312
2021-02-01,BUY_PE_CPR,48300,48303.0,893.35,1608.04,714375.99,-0.489,23.8,14,0.02
2021-02-02,BUY_PE_CPR,47800,47771.0,769.75,1385.55,615529.44,-0.497,21.0,13,0.179
2021-02-03,BUY_PE_CPR,47700,47700.0,720.3,1008.41,287862.46,-0.491,20.9,12,0.219
2021-02-04,BUY_PE_CPR,46600,46609.0,692.65,1246.77,553870.33,-0.489,21.6,11,0.161
2021-02-05,SELL_CE_CPR,47100,47068.0,663.49,530.79,132391.8,0.499,21.9,10,0.684
2021-02-08,BUY_CE_CPR,47700,47737.0,475.39,855.7,380124.09,0.517,17.3,7,0.138
2021-02-10,BUY_CE_CPR,47900,47868.0,361.17,650.1,288780.91,0.49,16.9,5,0.07
2021-02-11,BUY_PE_CPR,47400,47410.0,370.9,667.62,296564.84,-0.491,17.0,5,0.077
2021-02-12,BUY_PE_CPR,47200,47198.0,375.9,676.61,300559.97,-0.496,17.0,5,0.327
2021-02-15,BUY_PE_CPR,47100,47108.0,363.18,653.73,290392.03,-0.492,16.7,5,0.025
2021-02-16,BUY_PE_CPR,46800,46760.0,384.89,692.81,307756.93,-0.513,16.7,5,0.103
2021-02-17,BUY_PE_CPR,46100,46113.0,364.93,656.87,291789.94,-0.49,17.3,5,0.318
2021-02-19,BUY_CE_CPR,46100,46140.0,374.31,673.76,299294.76,0.521,16.5,5,0.179
2021-02-22,BUY_CE_CPR,46800,46773.0,375.89,676.6,300554.05,0.493,17.8,5,0.086
2021-02-24,BUY_PE_CPR,46400,46425.0,372.92,671.26,298182.25,-0.485,17.8,5,0.007
2021-02-25,BUY_PE_CPR,46200,46191.0,388.35,699.02,310517.06,-0.499,17.8,5,0.017
2021-02-26,BUY_PE_CPR,45600,45600.0,372.4,670.31,297762.54,-0.495,17.5,5,0.089
2021-03-02,SELL_CE_CPR,45700,45100.0,325.08,355.66,-30762.86,0.344,16.9,13,0.82
2021-03-03,BUY_PE_CPR,44500,44472.0,574.78,1034.6,459608.69,-0.501,17.5,12,0.078
2021-03-05,BUY_PE_CPR,44400,44450.0,400.95,721.71,320595.52,-0.476,14.5,10,0.079
2021-03-08,BUY_PE_CPR,44300,44270.0,322.27,580.08,257672.08,-0.511,12.6,7,0.197
2021-03-09,BUY_CE_CPR,44800,44830.0,338.09,608.56,270327.52,0.518,14.1,6,0.296
2021-03-10,BUY_CE_CPR,44800,44775.0,280.15,238.13,-42151.1,0.489,14.0,5,0.344
2021-03-11,BUY_CE_CPR,44900,44880.0,281.39,506.49,224979.22,0.492,13.9,5,0.009
2021-03-12,BUY_PE_CPR,44800,44767.0,306.94,552.49,245417.04,-0.514,13.9,5,0.119
2021-03-15,BUY_CE_CPR,44900,44925.0,308.38,555.08,246565.48,0.516,14.1,5,0.312
2021-03-16,BUY_PE_CPR,44800,44809.0,287.07,516.72,229523.88,-0.491,13.9,5,0.036
2021-03-17,BUY_CE_CPR,44900,44856.0,251.5,452.69,201075.99,0.477,13.0,5,0.169
2021-03-18,BUY_CE_CPR,45000,44989.0,270.67,487.2,216408.4,0.496,13.2,5,0.027
2021-03-19,BUY_CE_CPR,45000,45014.0,282.16,239.83,-42452.6,0.511,13.1,5,0.039
2021-03-22,BUY_PE_CPR,44900,44915.0,232.28,418.1,185709.05,-0.487,11.4,5,0.063
2021-03-23,BUY_PE_CPR,44700,44692.0,243.87,438.97,194979.91,-0.502,11.5,5,0.134
2021-03-24,BUY_CE_CPR,44800,44847.0,268.02,482.44,214292.76,0.533,11.7,5,0.137
2021-03-25,BUY_PE_CPR,44700,44725.0,229.31,412.76,183334.59,-0.48,11.6,5,0.084
2021-03-26,BUY_PE_CPR,44600,44649.0,195.52,351.94,156313.63,-0.462,10.5,5,0.138
2021-03-29,BUY_PE_CPR,43900,43926.0,372.07,669.73,297501.78,-0.484,11.2,14,0.077
2021-03-30,BUY_PE_CPR,43900,43941.0,348.86,488.4,139395.84,-0.477,11.2,13,0.258
2021-03-31,BUY_CE_CPR,44400,44448.0,375.16,675.28,299969.12,0.525,10.9,12,0.141
2021-04-05,BUY_PE_CPR,44600,44598.0,362.19,651.95,289602.96,-0.496,12.3,10,0.308
2021-04-06,BUY_CE_CPR,45700,45685.0,436.38,785.49,348932.06,0.499,15.5,9,0.33
2021-04-07,BUY_CE_CPR,46100,46128.0,427.8,770.05,342072.39,0.515,15.2,8,0.282
2021-04-08,BUY_CE_CPR,46600,46576.0,387.19,696.94,309589.59,0.494,15.5,7,0.399
2021-04-16,BUY_CE_CPR,47000,47034.0,380.19,684.35,303996.96,0.518,16.5,5,0.05
2021-04-19,BUY_CE_CPR,47100,47116.0,371.62,668.92,297141.48,0.51,16.5,5,0.114
2021-04-20,BUY_CE_CPR,47500,47485.0,359.01,646.23,287060.67,0.497,16.5,5,0.188
2021-04-23,BUY_PE_CPR,47200,47199.0,373.39,672.11,298558.85,-0.496,16.9,5,0.254
2021-04-26,BUY_PE_CPR,47100,47110.0,368.84,663.91,294916.22,-0.491,17.0,5,0.223
2021-04-27,BUY_PE_CPR,46900,46940.0,354.34,637.81,283322.41,-0.479,17.1,5,0.001
2021-04-28,BUY_PE_CPR,46700,46705.0,641.21,1154.18,512736.28,-0.491,17.1,15,0.162
2021-04-29,BUY_PE_CPR,46400,46413.0,623.62,1122.52,498668.81,-0.489,17.4,14,0.004
2021-04-30,BUY_CE_CPR,46500,46495.0,602.32,511.97,-90569.91,0.504,17.3,13,0.155
2021-05-03,BUY_CE_CPR,47000,46980.0,586.05,1054.89,468623.71,0.5,17.6,12,0.067
2021-05-04,BUY_PE_CPR,46500,46500.0,532.78,959.0,426022.26,-0.493,16.6,11,0.245
2021-05-05,BUY_CE_CPR,46700,46691.0,504.85,908.73,403687.6,0.502,16.5,10,0.316
2021-05-06,BUY_CE_CPR,47500,47525.0,526.2,947.16,420758.92,0.512,17.3,9,0.133
2021-05-07,BUY_CE_CPR,47700,47719.0,486.26,875.27,388820.35,0.511,16.9,8,0.347
2021-05-10,BUY_CE_CPR,47900,47898.0,362.56,652.6,289893.56,0.502,16.3,5,0.045
2021-05-11,BUY_PE_CPR,47600,47650.0,287.39,517.29,229777.77,-0.471,14.0,5,0.009
2021-05-12,BUY_PE_CPR,47500,47497.0,307.25,553.05,245663.11,-0.498,13.8,5,0.026
2021-05-13,BUY_PE_CPR,47500,47455.0,319.0,574.21,255063.64,-0.521,13.4,5,0.171
2021-05-14,BUY_CE_CPR,47700,47697.0,292.49,526.48,233856.91,0.501,13.2,5,0.087
2021-05-17,BUY_CE_CPR,48400,48428.0,314.33,565.8,251326.92,0.517,13.3,5,0.229
2021-05-19,BUY_CE_CPR,48600,48615.0,310.44,558.79,248212.4,0.511,13.4,5,0.068
2021-05-21,BUY_PE_CPR,48400,48390.0,302.92,545.25,242199.62,-0.502,13.2,5,0.028
2021-05-24,BUY_CE_CPR,48500,48500.0,297.09,534.76,237538.86,0.503,13.1,5,0.048
2021-05-25,BUY_CE_CPR,48800,48769.0,281.58,506.85,225137.03,0.486,13.0,5,0.03
2021-05-27,BUY_PE_CPR,48600,48563.0,301.41,542.54,240996.25,-0.517,12.5,5,0.309
2021-05-28,BUY_PE_CPR,48600,48577.0,501.11,901.99,400691.61,-0.501,12.5,15,0.067
2021-05-31,BUY_CE_CPR,48900,48874.0,414.7,746.45,331588.67,0.494,12.1,12,0.224
2021-06-01,BUY_CE_CPR,48900,48936.0,434.83,782.69,347686.88,0.517,10.9,14,0.199
2021-06-02,BUY_CE_CPR,49100,49145.0,426.22,767.2,340806.22,0.521,10.9,13,0.094
2021-06-03,BUY_PE_CPR,48300,48260.0,437.57,787.63,349885.09,-0.51,12.0,12,0.136
2021-06-04,SELL_CE_CPR,48900,48650.0,300.95,240.76,60024.46,0.408,12.3,11,0.687
2021-06-07,BUY_CE_CPR,48900,48933.0,373.98,673.16,299028.01,0.518,12.4,8,0.228
2021-06-08,BUY_CE_CPR,48900,48902.0,327.93,590.27,262202.06,0.504,12.1,7,0.232
2021-06-09,BUY_PE_CPR,48900,48910.0,294.21,250.08,-44264.69,-0.491,12.0,6,0.033
2021-06-10,BUY_CE_CPR,49000,48960.0,253.14,455.66,202394.0,0.479,11.9,5,0.029
2021-06-11,BUY_PE_CPR,48700,48699.0,276.53,497.76,221098.99,-0.497,12.2,5,0.276
2021-06-14,BUY_PE_CPR,48300,48316.0,240.73,433.31,192465.28,-0.487,11.0,5,0.295
2021-06-15,BUY_PE_CPR,48200,48235.0,229.83,321.77,91819.89,-0.474,11.0,5,0.007
2021-06-16,BUY_CE_CPR,48300,48334.0,256.25,461.24,204875.39,0.525,10.6,5,0.141
2021-06-17,BUY_PE_CPR,46900,46860.0,379.34,682.81,303312.9,-0.513,16.4,5,0.094
2021-06-21,BUY_CE_CPR,46900,46875.0,350.78,631.4,280471.36,0.492,16.6,5,0.297
2021-06-22,BUY_CE_CPR,46800,46825.0,368.88,663.98,294947.45,0.515,16.3,5,0.219
2021-06-23,BUY_CE_CPR,46900,46915.0,366.11,659.0,292735.03,0.51,16.4,5,0.099
2021-06-24,BUY_PE_CPR,46700,46719.0,348.23,626.82,278437.01,-0.487,16.4,5,0.066
2021-06-25,BUY_CE_CPR,46800,46780.0,349.0,628.2,279049.93,0.495,16.4,5,0.14
2021-06-28,BUY_CE_CPR,46800,46829.0,623.95,1123.11,498930.46,0.513,16.1,15,0.09
2021-06-29,BUY_PE_CPR,46500,46453.0,612.07,1101.72,489428.58,-0.505,16.2,14,0.215
2021-06-30,BUY_CE_CPR,46700,46749.0,601.02,1081.83,480593.8,0.518,16.4,13,0.075
2021-07-01,BUY_CE_CPR,47000,46950.0,530.83,955.49,424460.67,0.49,15.2,14,0.19
2021-07-02,SELL_CE_CPR,47600,47273.0,388.79,311.03,77558.48,0.409,15.0,13,0.66
2021-07-05,BUY_PE_CPR,47100,47075.0,470.57,847.02,376269.97,-0.503,14.8,10,0.147
2021-07-07,SELL_CE_CPR,48000,47900.0,424.94,339.95,84775.05,0.471,16.7,8,1.134
2021-07-08,BUY_PE_CPR,47700,47741.0,420.86,757.55,336520.26,-0.48,16.7,7,0.117
2021-07-09,BUY_CE_CPR,47900,47890.0,406.64,731.95,325145.18,0.5,16.8,6,0.287
2021-07-13,BUY_CE_CPR,47900,47883.0,360.39,648.7,288160.61,0.496,16.5,5,0.135
2021-07-14,BUY_CE_CPR,48300,48268.0,363.81,654.86,290895.84,0.49,16.9,5,0.015
2021-07-15,BUY_CE_CPR,48400,48360.0,360.62,649.12,288345.82,0.487,16.8,5,0.216
2021-07-16,BUY_PE_CPR,48100,48059.0,263.52,474.34,210692.04,-0.524,10.8,5,0.076
2021-07-19,BUY_PE_CPR,48100,48071.0,251.07,451.93,200735.81,-0.517,10.5,5,0.164
2021-07-20,BUY_PE_CPR,47900,47856.0,261.64,470.94,209185.27,-0.526,10.7,5,0.109
2021-07-21,BUY_PE_CPR,47600,47580.0,255.04,459.07,203908.12,-0.51,11.0,5,0.226
2021-07-22,BUY_CE_CPR,47600,47650.0,270.74,487.33,216466.06,0.535,11.0,5,0.104
2021-07-26,BUY_PE_CPR,47400,47430.0,228.14,410.65,182395.68,-0.477,11.0,5,0.043
2021-07-27,BUY_CE_CPR,47500,47549.0,269.19,484.54,215227.55,0.534,11.0,5,0.238
2021-07-28,BUY_PE_CPR,47400,47425.0,387.15,696.87,309561.43,-0.485,10.4,15,0.088
2021-07-29,BUY_CE_CPR,48200,48162.0,425.21,765.38,339996.59,0.49,11.8,14,0.146
2021-07-30,BUY_PE_CPR,48000,47975.0,443.42,798.15,354559.52,-0.504,12.0,13,0.251
2021-08-02,BUY_CE_CPR,48100,48120.0,433.86,780.95,346916.59,0.511,11.7,13,0.093
2021-08-03,BUY_PE_CPR,47900,47900.0,406.53,731.75,325056.63,-0.495,11.8,12,0.242
2021-08-04,BUY_CE_CPR,47900,47925.0,323.3,581.95,258501.97,0.515,9.4,11,0.089
2021-08-05,BUY_CE_CPR,48200,48199.0,302.52,544.53,241879.79,0.502,9.5,10,0.131
2021-08-06,BUY_PE_CPR,46700,46719.0,457.35,823.23,365698.28,-0.488,16.0,9,0.292
2021-08-10,BUY_PE_CPR,45900,45949.0,339.55,611.18,271491.2,-0.474,17.0,5,0.355
2021-08-11,BUY_CE_CPR,46400,46360.0,349.57,629.22,279504.24,0.486,17.1,5,0.03
2021-08-12,BUY_CE_CPR,46300,46349.0,392.38,706.28,313739.49,0.525,17.0,5,0.294
2021-08-13,BUY_CE_CPR,46900,46880.0,378.53,681.35,302664.21,0.496,17.8,5,0.014
2021-08-16,BUY_CE_CPR,47100,47137.0,413.56,744.41,330680.05,0.519,18.0,5,0.329
2021-08-17,BUY_CE_CPR,47200,47200.0,394.56,710.21,315485.34,0.504,17.9,5,0.228
2021-08-18,BUY_PE_CPR,47100,47081.0,400.72,721.29,320408.74,-0.503,17.8,5,0.114
2021-08-19,BUY_CE_CPR,47100,47135.0,408.98,736.16,327016.94,0.518,17.8,5,0.104
2021-08-20,BUY_PE_CPR,47100,47145.0,368.96,664.14,295017.67,-0.477,17.8,5,0.127
2021-08-23,BUY_CE_CPR,47500,47470.0,384.09,691.35,307109.97,0.492,18.0,5,0.005
2021-08-24,BUY_CE_CPR,47500,47526.0,411.73,741.11,329214.15,0.514,18.0,5,0.204
2021-08-25,BUY_PE_CPR,47100,47118.0,393.24,707.82,314427.25,-0.488,18.3,5,0.009
2021-08-26,BUY_PE_CPR,47100,47110.0,368.77,663.78,294859.36,-0.491,17.0,5,0.132
2021-08-27,BUY_CE_CPR,47400,47401.0,381.11,686.0,304731.23,0.504,17.2,5,0.041
2021-08-30,BUY_PE_CPR,47100,47077.0,624.14,1123.45,499082.3,-0.498,17.3,13,0.386
2021-08-31,BUY_PE_CPR,47100,47110.0,582.12,1047.82,465480.42,-0.49,17.3,12,0.224
2021-09-02,BUY_CE_CPR,47200,47160.0,585.56,1054.0,468227.85,0.495,17.1,13,0.317
2021-09-03,BUY_CE_CPR,47500,47500.0,393.83,708.89,314900.65,0.503,11.5,12,0.104
2021-09-07,BUY_PE_CPR,47000,46988.0,287.94,518.29,230220.04,-0.503,10.2,8,0.013
2021-09-08,BUY_CE_CPR,47100,47062.0,231.18,416.12,184829.53,0.478,9.6,7,0.285
2021-09-10,BUY_PE_CPR,46900,46873.0,200.91,361.65,160626.03,-0.52,8.6,5,0.073
2021-09-13,BUY_CE_CPR,47000,46955.0,159.58,287.25,127574.14,0.462,8.3,5,0.067
2021-09-14,BUY_CE_CPR,47300,47290.0,188.65,339.57,150816.58,0.493,8.8,5,0.035
2021-09-16,BUY_PE_CPR,46200,46150.0,273.38,492.09,218579.86,-0.529,11.5,5,0.229
2021-09-20,BUY_CE_CPR,46300,46300.0,244.61,440.3,195570.67,0.502,11.3,5,0.048
2021-09-21,BUY_CE_CPR,46700,46663.0,240.73,433.32,192470.08,0.48,11.9,5,0.209
2021-09-22,BUY_CE_CPR,46700,46699.0,248.41,347.77,99243.76,0.502,11.4,5,0.261
2021-09-23,BUY_PE_CPR,46100,46100.0,268.91,484.03,215000.06,-0.497,12.5,5,0.042
2021-09-24,BUY_PE_CPR,46000,45985.0,267.56,481.61,213922.37,-0.506,12.1,5,0.228
2021-09-27,BUY_CE_CPR,46100,46096.0,255.88,460.58,204579.02,0.5,12.0,5,0.014
2021-09-28,BUY_PE_CPR,45900,45874.0,459.49,827.08,367409.59,-0.503,12.1,15,0.049
2021-09-29,BUY_PE_CPR,45500,45510.0,433.4,780.11,346544.07,-0.49,12.4,14,0.002
2021-09-30,BUY_CE_CPR,46200,46215.0,497.88,896.18,398111.51,0.509,14.1,13,0.309
2021-10-01,BUY_CE_CPR,46300,46270.0,480.25,672.35,191912.78,0.495,13.7,14,0.393
2021-10-04,BUY_CE_CPR,46600,46620.0,467.29,841.12,373649.25,0.511,14.2,11,0.039
2021-10-06,BUY_CE_CPR,46800,46792.0,405.31,729.56,324081.94,0.5,14.0,9,0.04
2021-10-08,BUY_CE_CPR,46900,46927.0,377.54,679.57,301876.0,0.515,14.1,7,0.013
2021-10-11,BUY_PE_CPR,46900,46911.0,301.75,543.14,241262.73,-0.491,14.0,5,0.052
2021-10-12,BUY_CE_CPR,47100,47115.0,311.61,560.9,249151.86,0.511,13.8,5,0.013
2021-10-13,BUY_CE_CPR,47700,47733.0,338.81,609.87,270905.71,0.519,14.5,5,0.006
2021-10-15,BUY_PE_CPR,47100,47100.0,301.32,542.38,240923.11,-0.496,13.7,5,0.083
2021-10-18,BUY_CE_CPR,47200,47195.0,296.89,534.39,237375.23,0.5,13.6,5,0.368
2021-10-19,BUY_CE_CPR,47200,47212.0,298.37,537.06,238560.26,0.509,13.3,5,0.013
2021-10-20,BUY_CE_CPR,47400,47370.0,279.75,503.55,223673.67,0.486,13.3,5,0.17
2021-10-21,BUY_PE_CPR,47300,47302.0,264.34,475.81,211346.31,-0.496,12.0,5,0.082
2021-10-22,BUY_CE_CPR,47700,47660.0,251.13,452.04,200785.55,0.479,12.2,5,0.074
2021-10-25,BUY_CE_CPR,48000,48050.0,304.43,547.97,243407.72,0.531,12.4,5,0.073
2021-10-26,BUY_PE_CPR,47700,47700.0,283.08,509.54,226334.11,-0.497,12.7,5,0.161
2021-10-27,BUY_CE_CPR,47800,47832.0,283.67,397.14,113339.92,0.521,12.0,5,0.143
2021-10-28,BUY_CE_CPR,47800,47835.0,428.65,771.58,342752.28,0.516,10.7,15,0.205
2021-10-29,BUY_PE_CPR,47500,47530.0,398.48,717.27,318624.86,-0.483,11.2,14,0.015
2021-11-01,BUY_PE_CPR,47600,47555.0,424.8,361.08,-63889.85,-0.512,10.8,14,0.107
2021-11-02,BUY_CE_CPR,47700,47679.0,373.51,672.32,298651.29,0.494,10.7,13,0.175
2021-11-03,BUY_PE_CPR,46900,46940.0,402.47,724.45,321813.68,-0.479,12.5,12,0.129
2021-11-04,BUY_CE_CPR,47600,47586.0,440.53,792.95,352245.65,0.499,13.6,11,0.357
2021-11-05,BUY_CE_CPR,47900,47942.0,457.34,823.21,365689.62,0.519,13.8,10,0.301
2021-11-09,BUY_CE_CPR,48300,48271.0,327.05,588.69,261498.47,0.49,13.8,6,0.048
2021-11-10,BUY_CE_CPR,48900,48902.0,316.48,569.66,253042.6,0.504,13.8,5,0.192
2021-11-11,BUY_CE_CPR,49200,49206.0,323.64,582.55,258768.9,0.506,14.0,5,0.267
2021-11-12,BUY_CE_CPR,49300,49266.0,267.98,227.79,-40322.63,0.483,12.4,5,0.11
2021-11-15,BUY_CE_CPR,49300,49261.0,266.43,479.57,213015.94,0.481,12.4,5,0.247
2021-11-16,BUY_PE_CPR,49000,49032.0,274.92,494.86,219811.74,-0.479,12.7,5,0.003
2021-11-17,BUY_CE_CPR,49200,49245.0,315.49,567.88,252251.69,0.527,12.7,5,0.351
2021-11-18,BUY_PE_CPR,49100,49074.0,307.61,553.7,245951.68,-0.511,12.9,5,0.158
2021-11-19,BUY_PE_CPR,48800,48820.0,284.26,511.66,227275.87,-0.486,12.9,5,0.033
2021-11-22,BUY_PE_CPR,48000,48024.0,310.94,559.69,248613.57,-0.484,14.4,5,0.236
2021-11-25,BUY_CE_CPR,47500,47484.0,322.98,274.53,-48588.04,0.495,14.9,5,0.004
2021-11-26,BUY_CE_CPR,47600,47600.0,327.42,589.35,261792.97,0.503,14.7,5,0.049
2021-11-29,BUY_PE_CPR,47600,47602.0,545.95,764.34,218176.1,-0.492,14.7,14,0.345
2021-11-30,BUY_PE_CPR,47500,47459.0,546.78,984.2,437214.6,-0.506,14.8,13,0.251
2021-12-01,BUY_CE_CPR,47600,47557.0,468.3,187.32,-281161.83,0.49,13.2,14,0.344
2021-12-02,BUY_PE_CPR,47300,47257.0,456.08,820.95,364688.51,-0.51,12.2,13,0.042
2021-12-03,BUY_CE_CPR,47400,47423.0,418.45,753.2,334588.61,0.512,11.9,12,0.071
2021-12-07,BUY_CE_CPR,47900,47934.0,377.02,678.63,301457.56,0.518,12.7,8,0.122
2021-12-08,BUY_CE_CPR,47900,47904.0,332.96,599.33,266225.09,0.505,12.5,7,0.17
2021-12-09,BUY_PE_CPR,47800,47826.0,259.07,466.33,207133.4,-0.481,11.1,6,0.102
2021-12-10,BUY_CE_CPR,48000,47980.0,232.99,419.39,186280.06,0.489,10.8,5,0.049
2021-12-13,BUY_CE_CPR,48100,48115.0,252.88,455.18,202180.19,0.512,10.9,5,0.103
2021-12-14,BUY_PE_CPR,47900,47908.0,241.68,435.02,193226.85,-0.492,11.0,5,0.077
2021-12-15,BUY_PE_CPR,47900,47914.0,237.04,426.67,189515.18,-0.488,10.9,5,0.068
2021-12-16,BUY_CE_CPR,48400,48398.0,261.94,471.49,209427.05,0.501,11.6,5,0.007
2021-12-17,BUY_CE_CPR,48500,48464.0,245.28,441.5,196105.69,0.481,11.6,5,0.257
2021-12-20,BUY_PE_CPR,48100,48140.0,244.11,439.41,195173.5,-0.473,11.7,5,0.007
2021-12-21,BUY_PE_CPR,47900,47938.0,199.77,359.59,159710.69,-0.47,9.8,5,0.222
2021-12-22,BUY_CE_CPR,48000,48031.0,200.87,361.57,160592.46,0.528,8.3,5,0.088
2021-12-23,BUY_CE_CPR,48000,48006.0,188.2,338.77,150461.92,0.507,8.3,5,0.133
2021-12-24,BUY_PE_CPR,48000,47995.0,187.77,262.87,75004.73,-0.502,8.3,5,0.044
2021-12-27,BUY_PE_CPR,47900,47937.0,166.76,300.17,133313.19,-0.466,8.3,5,0.028
2021-12-28,BUY_PE_CPR,47900,47894.0,322.7,580.86,258021.03,-0.498,8.3,15,0.06
2021-12-29,BUY_PE_CPR,47600,47647.0,291.56,524.81,233119.21,-0.472,8.5,14,0.1
2021-12-30,BUY_CE_CPR,47700,47695.0,299.98,254.98,-45130.94,0.499,8.4,13,0.023
2021-12-31,BUY_CE_CPR,48000,47972.0,272.34,490.21,217745.75,0.486,8.3,12,0.188
2022-01-03,BUY_PE_CPR,47400,47382.0,342.29,616.13,273688.6,-0.504,9.7,12,0.056
2022-01-05,BUY_CE_CPR,48000,48008.0,307.34,553.22,245739.35,0.506,9.6,10,0.264
2022-05-02,BUY_CE_CPR,50800,50750.0,910.77,1639.39,728307.04,0.5,24.5,13,0.03
2022-05-03,BUY_CE_CPR,50900,50880.0,891.07,1603.93,712552.49,0.504,24.5,12,0.328
2022-05-04,BUY_PE_CPR,50600,50619.0,856.34,1541.41,684775.07,-0.487,24.8,11,0.092
2022-05-05,BUY_CE_CPR,51000,50953.0,804.03,1447.26,642945.33,0.498,24.6,10,0.13
2022-05-06,BUY_CE_CPR,51400,51395.0,791.08,1423.94,632584.53,0.506,24.7,9,0.291
2022-05-09,BUY_PE_CPR,51000,51002.0,648.43,1167.18,518512.58,-0.493,24.9,6,0.192
2022-05-10,BUY_PE_CPR,50700,50685.0,603.02,1085.43,482190.98,-0.498,25.2,5,0.255
2022-05-11,BUY_CE_CPR,50800,50850.0,615.39,1107.7,492083.37,0.519,24.9,5,0.239
2022-05-12,BUY_PE_CPR,50200,50239.0,577.51,1039.52,461794.29,-0.483,25.5,5,0.275
2022-05-16,BUY_CE_CPR,50300,50320.0,613.55,1104.39,490616.47,0.511,25.7,5,0.066
2022-05-18,BUY_CE_CPR,50300,50287.0,596.86,1074.34,477266.08,0.502,25.7,5,0.197
2022-05-19,BUY_CE_CPR,50600,50580.0,596.84,1074.3,477247.9,0.5,25.7,5,0.177
2022-05-20,BUY_CE_CPR,50800,50840.0,624.7,1124.45,499528.19,0.516,25.5,5,0.193
2022-05-23,BUY_CE_CPR,51000,50955.0,583.83,1050.89,466844.09,0.494,25.5,5,0.183
2022-05-24,BUY_CE_CPR,51100,51145.0,630.0,1134.0,503768.97,0.517,25.5,5,0.053
2022-05-25,BUY_PE_CPR,50800,50836.0,572.71,1030.89,457958.26,-0.484,24.9,5,0.042
2022-05-26,BUY_CE_CPR,50900,50916.0,597.13,507.56,-89790.17,0.51,24.8,5,0.055
2022-05-27,BUY_CE_CPR,51000,50967.0,573.91,1033.04,458914.78,0.496,24.8,5,0.196
2022-05-30,BUY_PE_CPR,50900,50900.0,394.31,709.76,315287.45,-0.495,10.3,13,0.024
2022-05-31,BUY_PE_CPR,50900,50910.0,372.07,669.73,297502.33,-0.491,10.3,12,0.098
2022-06-01,BUY_PE_CPR,50700,50737.0,382.29,688.12,305673.7,-0.48,10.1,14,0.141
2022-06-02,BUY_CE_CPR,51300,51296.0,412.6,742.68,329914.26,0.501,10.8,13,0.2
2022-06-03,BUY_PE_CPR,51000,51050.0,356.08,640.94,284710.87,-0.474,10.3,12,0.259
2022-06-07,SELL_PE_CPR,50500,50925.0,130.8,23.74,106966.61,-0.281,9.9,8,0.628
2022-06-08,BUY_CE_CPR,51000,51047.0,293.57,528.42,234721.8,0.53,9.6,7,0.091
2022-06-10,BUY_CE_CPR,51600,51650.0,251.82,453.27,201334.4,0.537,9.4,5,0.039
2022-06-15,BUY_CE_CPR,50500,50475.0,286.92,516.45,229403.74,0.489,12.7,5,0.289
2022-06-16,BUY_CE_CPR,51000,50972.0,302.28,544.1,241688.33,0.489,13.3,5,0.099
2022-06-20,BUY_PE_CPR,50800,50753.0,332.55,598.58,265893.37,-0.521,13.0,5,0.2
2022-06-21,BUY_CE_CPR,50800,50778.0,296.86,534.35,237353.94,0.491,13.0,5,0.091
2022-06-22,BUY_CE_CPR,50900,50912.0,313.29,563.91,250490.14,0.509,12.9,5,0.048
2022-06-23,BUY_PE_CPR,50600,50625.0,292.42,526.36,233804.57,-0.484,12.9,5,0.122
2022-06-24,BUY_PE_CPR,50600,50640.0,284.75,512.54,227666.96,-0.476,12.9,5,0.219
2022-06-27,BUY_CE_CPR,50700,50725.0,317.86,572.16,254152.57,0.516,12.9,5,0.081
2022-06-28,BUY_CE_CPR,50800,50832.0,545.93,982.67,436535.62,0.513,12.9,15,0.068
2022-06-29,BUY_PE_CPR,50800,50800.0,511.84,921.31,409275.79,-0.494,12.9,14,0.004
2022-06-30,BUY_PE_CPR,50700,50699.0,490.91,883.64,392539.96,-0.494,12.9,13,0.204
2022-07-01,BUY_CE_CPR,52000,51961.0,620.45,1116.81,496132.4,0.495,15.8,14,0.148
2022-07-04,SELL_CE_CPR,53300,51971.0,135.04,138.54,-3606.17,0.179,15.6,11,0.604
2022-07-05,BUY_CE_CPR,52000,51999.0,532.64,958.75,425908.89,0.504,15.6,10,0.049
2022-07-08,BUY_CE_CPR,50800,50840.0,549.34,988.81,439265.13,0.517,18.9,7,0.063
2022-07-12,BUY_PE_CPR,50500,50547.0,363.54,654.36,290676.02,-0.476,16.4,5,0.067
2022-07-13,BUY_CE_CPR,50900,50880.0,372.41,670.33,297770.36,0.495,16.1,5,0.159
2022-07-14,BUY_PE_CPR,50300,50340.0,370.52,666.94,296263.02,-0.479,16.6,5,0.384
2022-07-15,BUY_PE_CPR,50200,50185.0,384.4,691.92,307359.5,-0.502,16.1,5,0.181
2022-07-18,BUY_CE_CPR,50400,50434.0,398.81,717.86,318884.12,0.517,16.2,5,0.045
2022-07-19,BUY_PE_CPR,50400,50403.0,379.9,683.82,303762.25,-0.495,16.2,5,0.008
2022-07-20,BUY_PE_CPR,50300,50317.0,372.38,670.28,297745.42,-0.489,16.2,5,0.023
2022-07-21,BUY_CE_CPR,50500,50470.0,367.68,661.82,293989.18,0.491,16.2,5,0.117
2022-07-25,BUY_PE_CPR,50500,50547.0,361.37,650.47,288945.98,-0.476,16.3,5,0.117
2022-07-26,BUY_CE_CPR,50600,50608.0,388.83,699.9,310906.0,0.507,16.3,5,0.136
2022-07-27,BUY_CE_CPR,50800,50750.0,362.11,651.8,289536.39,0.483,16.3,5,0.013
2022-07-28,BUY_CE_CPR,51300,51280.0,687.78,1238.0,549976.85,0.501,16.9,15,0.14
2022-07-29,BUY_CE_CPR,51400,51420.0,685.34,1233.61,548024.73,0.51,16.9,14,0.22
2022-08-01,BUY_PE_CPR,51300,51260.0,556.22,1001.19,444765.19,-0.505,13.4,14,0.135
2022-08-02,BUY_PE_CPR,51300,51280.0,526.86,737.6,210544.06,-0.5,13.4,13,0.261
2022-08-03,BUY_PE_CPR,51200,51225.0,483.17,869.7,386346.65,-0.486,13.4,12,0.044
2022-08-04,BUY_CE_CPR,51900,51903.0,354.36,637.85,283340.54,0.504,9.8,11,0.04
2022-08-05,BUY_PE_CPR,51600,51575.0,362.02,651.64,289467.34,-0.507,10.3,10,0.123
2022-08-09,BUY_CE_CPR,52400,52362.0,296.21,533.18,236837.88,0.483,11.8,6,0.216
2022-08-10,BUY_PE_CPR,52200,52169.0,301.7,543.06,241226.61,-0.514,11.7,5,0.039
2022-08-11,BUY_CE_CPR,52200,52246.0,304.94,548.89,243814.83,0.528,11.5,5,0.161
2022-08-12,BUY_CE_CPR,52500,52466.0,237.41,427.34,189814.78,0.481,10.4,5,0.12
2022-08-16,BUY_PE_CPR,51800,51831.0,268.61,483.49,214761.55,-0.479,11.7,5,0.165
2022-08-17,BUY_PE_CPR,51600,51566.0,305.06,549.11,243912.02,-0.516,12.0,5,0.361
2022-08-18,BUY_CE_CPR,51700,51660.0,268.27,482.88,214488.38,0.48,11.9,5,0.206
2022-08-19,BUY_PE_CPR,51500,51515.0,280.76,505.37,224480.24,-0.488,12.0,5,0.085
2022-08-22,BUY_PE_CPR,51200,51239.0,273.71,492.69,218845.11,-0.476,12.3,5,0.078
2022-08-23,BUY_CE_CPR,51400,51435.0,309.87,557.77,247761.66,0.521,12.2,5,0.032
2022-08-24,BUY_CE_CPR,51500,51465.0,271.75,489.16,217276.35,0.483,12.0,5,0.113
2022-08-25,BUY_CE_CPR,51600,51645.0,313.83,564.9,250928.91,0.527,12.1,5,0.019
2022-08-26,BUY_PE_CPR,51200,51220.0,291.61,524.91,233160.2,-0.486,12.6,5,0.016
2022-08-29,BUY_PE_CPR,51200,51220.0,464.14,835.44,371126.33,-0.487,11.9,14,0.243
2022-08-30,BUY_PE_CPR,50700,50680.0,488.1,878.59,390294.98,-0.501,12.6,13,0.176
2022-08-31,BUY_PE_CPR,50400,50415.0,453.05,815.48,362257.44,-0.489,12.7,12,0.259
2022-09-01,BUY_PE_CPR,50100,50100.0,501.12,902.01,400702.82,-0.494,12.8,14,0.191
2022-09-02,BUY_CE_CPR,50400,50390.0,492.54,886.58,393844.03,0.501,13.1,13,0.093
2022-09-05,BUY_PE_CPR,50300,50300.0,387.67,697.8,309973.85,-0.495,11.7,10,0.076
2022-09-07,BUY_CE_CPR,50600,50553.0,328.96,592.12,263022.73,0.482,11.8,8,0.396
2022-09-09,BUY_CE_CPR,50600,50600.0,252.35,454.23,201761.61,0.502,9.8,6,0.173
2022-09-12,BUY_CE_CPR,50700,50690.0,226.28,407.31,180912.38,0.495,9.8,5,0.012
2022-09-13,BUY_PE_CPR,50200,50228.0,218.85,393.92,174965.84,-0.478,9.9,5,0.055
2022-09-14,BUY_PE_CPR,50100,50099.0,209.87,293.82,83841.0,-0.498,9.0,5,0.208
2022-09-15,BUY_PE_CPR,49400,49371.0,252.82,455.07,202133.3,-0.516,10.3,5,0.065
2022-09-16,BUY_PE_CPR,49400,49422.0,226.22,407.2,180866.43,-0.482,10.3,5,0.362
2022-09-20,BUY_PE_CPR,49200,49236.0,216.66,389.99,173219.59,-0.473,10.2,5,0.102
2022-09-21,BUY_CE_CPR,49400,49375.0,220.62,397.11,176381.57,0.485,10.1,5,0.171
2022-09-22,BUY_CE_CPR,49900,49946.0,291.27,524.29,232886.43,0.53,11.5,5,0.031
2022-09-23,BUY_PE_CPR,49400,49360.0,297.16,534.88,237592.42,-0.52,12.0,5,0.334
2022-09-26,BUY_PE_CPR,49100,49100.0,270.54,486.96,216303.18,-0.497,11.8,5,0.372
2022-09-27,BUY_PE_CPR,49200,49151.0,297.05,415.87,118687.39,-0.525,11.9,5,0.319
2022-09-28,BUY_CE_CPR,49800,49773.0,495.43,891.78,396154.81,0.495,12.7,15,0.066
2022-09-30,BUY_CE_CPR,50000,50020.0,476.07,856.92,380667.91,0.51,12.4,13,0.183
2022-10-03,BUY_CE_CPR,50600,50550.0,447.9,806.23,358146.26,0.487,12.9,12,0.046
2022-10-04,BUY_CE_CPR,51700,51698.0,562.73,1012.91,449971.7,0.504,15.8,11,0.298
2022-10-07,BUY_CE_CPR,51700,51729.0,491.22,884.2,392786.42,0.514,15.6,8,0.102
2022-10-10,BUY_PE_CPR,50900,50891.0,411.79,741.23,329268.51,-0.499,17.2,5,0.108
2022-10-11,BUY_PE_CPR,50900,50895.0,409.52,737.13,327449.08,-0.498,17.1,5,0.284
2022-10-12,BUY_PE_CPR,50700,50721.0,385.81,694.45,308485.79,-0.487,16.7,5,0.172
2022-10-13,BUY_PE_CPR,50600,50639.0,375.71,676.27,300408.11,-0.48,16.7,5,0.057
2022-10-14,BUY_PE_CPR,50100,50089.0,383.89,691.01,306955.63,-0.5,16.2,5,0.105
2022-10-17,BUY_CE_CPR,50200,50195.0,376.88,678.39,301350.48,0.501,16.2,5,0.355
2022-10-18,BUY_PE_CPR,50200,50177.0,390.64,703.14,312347.84,-0.505,16.2,5,0.126
2022-10-19,BUY_PE_CPR,50000,49980.0,388.89,700.0,310950.43,-0.504,16.2,5,0.015
2022-10-20,BUY_PE_CPR,49900,49930.0,363.2,653.76,290409.4,-0.483,16.2,5,0.086
2022-10-21,BUY_CE_CPR,50400,50365.0,357.37,643.27,285744.79,0.488,15.9,5,0.109
2022-10-25,BUY_CE_CPR,50300,50345.0,371.38,668.48,296945.8,0.524,14.8,5,0.084
2022-10-26,BUY_CE_CPR,50400,50405.0,351.49,632.67,281039.47,0.505,14.8,5,0.052
2022-10-27,BUY_CE_CPR,50500,50465.0,313.1,563.57,250338.95,0.486,14.0,5,0.073
2022-10-28,BUY_PE_CPR,50000,49987.0,595.73,1072.32,476366.98,-0.496,14.6,15,0.036
2022-10-31,BUY_PE_CPR,50000,50036.0,508.11,711.35,203048.96,-0.483,14.6,12,0.23
2022-11-01,BUY_CE_CPR,50200,50250.0,572.7,1030.85,457943.29,0.519,14.0,14,0.028
2022-11-02,BUY_CE_CPR,50500,50457.0,367.85,662.13,294127.12,0.485,10.3,13,0.028
2022-11-03,BUY_PE_CPR,49900,49870.0,413.84,744.9,330901.06,-0.507,11.1,12,0.115
2022-11-04,BUY_CE_CPR,50600,50645.0,481.86,867.35,385303.05,0.519,13.1,11,0.192
2022-11-08,BUY_CE_CPR,51600,51571.0,373.16,671.7,298375.75,0.491,13.6,7,0.383
2022-11-10,BUY_CE_CPR,52000,52018.0,351.08,631.95,280717.96,0.511,14.1,5,0.022
2022-11-11,BUY_CE_CPR,52300,52278.0,333.49,600.29,266650.17,0.493,14.1,5,0.273
2022-11-14,BUY_CE_CPR,52600,52599.0,322.15,579.86,257575.77,0.502,13.1,5,0.065
2022-11-16,BUY_CE_CPR,52900,52884.0,319.67,575.41,255596.57,0.495,13.3,5,0.165
2022-11-17,BUY_PE_CPR,52700,52712.0,319.12,574.41,255153.5,-0.491,13.2,5,0.043
2022-11-18,BUY_PE_CPR,52500,52520.0,318.18,572.72,254404.28,-0.487,13.4,5,0.036
2022-11-21,BUY_PE_CPR,52200,52196.0,332.43,598.37,265800.44,-0.498,13.6,5,0.137
2022-11-22,BUY_PE_CPR,52200,52160.0,350.07,490.1,139880.9,-0.516,13.5,5,0.121
2022-11-23,BUY_CE_CPR,52300,52262.0,311.59,560.86,249135.33,0.484,13.5,5,0.123
2022-11-24,BUY_CE_CPR,52500,52510.0,337.79,608.02,270086.6,0.507,13.6,5,0.145
2022-11-25,BUY_PE_CPR,52400,52406.0,331.49,596.69,265050.51,-0.494,13.7,5,0.061
2022-11-28,BUY_PE_CPR,52100,52125.0,541.26,974.26,432801.36,-0.486,13.2,15,0.027
2022-11-29,BUY_CE_CPR,52400,52374.0,526.31,947.36,420850.71,0.496,13.2,14,0.337
2022-11-30,BUY_CE_CPR,52400,52420.0,529.26,952.68,423210.71,0.51,13.2,13,0.008
2022-12-01,BUY_CE_CPR,53300,53349.0,632.07,1137.72,505424.58,0.517,14.6,14,0.096
2022-12-02,BUY_CE_CPR,53400,53372.0,518.77,726.28,207311.14,0.496,13.3,13,0.239
2022-12-05,BUY_PE_CPR,53000,53000.0,449.51,809.13,359433.8,-0.495,12.9,10,0.044
2022-12-07,BUY_CE_CPR,53700,53699.0,355.37,639.66,284144.05,0.502,11.2,8,0.029
2022-12-08,BUY_CE_CPR,53700,53717.0,324.82,584.67,259710.78,0.511,10.7,7,0.175
2022-12-09,BUY_CE_CPR,54000,53970.0,279.19,502.54,223224.38,0.486,10.7,6,0.028
2022-12-12,BUY_PE_CPR,53700,53731.0,253.94,457.09,203031.33,-0.479,10.7,5,0.094
2022-12-13,BUY_CE_CPR,54400,54420.0,307.03,552.65,245484.75,0.513,11.7,5,0.132
2022-12-14,BUY_CE_CPR,54400,54350.0,269.45,377.23,107654.71,0.475,11.6,5,0.264
2022-12-15,BUY_PE_CPR,53800,53805.0,307.89,554.2,246176.41,-0.494,12.4,5,0.05
2022-12-16,BUY_CE_CPR,54000,53950.0,283.26,509.86,226474.76,0.477,12.2,5,0.062
2022-12-20,BUY_CE_CPR,54500,54494.0,310.11,558.19,247949.48,0.499,12.3,5,0.15
2022-12-21,BUY_CE_CPR,54700,54669.0,299.09,538.37,239141.29,0.487,12.3,5,0.234
2022-12-22,BUY_PE_CPR,54000,54014.0,334.96,602.93,267825.9,-0.49,13.6,5,0.007
2022-12-26,BUY_CE_CPR,54200,54243.0,355.07,639.13,283905.49,0.523,13.2,5,0.067
2022-12-27,BUY_CE_CPR,54500,54500.0,334.82,602.68,267713.99,0.503,13.2,5,0.095
2022-12-28,BUY_PE_CPR,54300,54336.0,565.86,1018.55,452477.06,-0.484,13.3,15,0.061
2022-12-29,BUY_CE_CPR,54600,54567.0,474.92,854.86,379750.92,0.493,11.5,14,0.026
2022-12-30,BUY_CE_CPR,54700,54715.0,482.56,868.61,385862.28,0.508,11.6,13,0.127
2023-01-02,BUY_CE_CPR,55000,55015.0,466.71,840.07,373182.68,0.508,11.1,13,0.027
2023-01-03,BUY_CE_CPR,55500,55456.0,421.52,758.74,337046.22,0.487,11.1,12,0.062
2023-01-04,BUY_CE_CPR,55700,55700.0,425.61,766.1,340320.28,0.503,11.1,11,0.103
2023-01-05,BUY_PE_CPR,55100,55145.0,416.16,749.08,332756.2,-0.479,12.1,10,0.015
2023-01-09,BUY_CE_CPR,55800,55819.0,355.2,639.36,284011.63,0.511,12.1,6,0.212
2023-01-10,BUY_PE_CPR,55600,55633.0,278.35,501.03,222553.45,-0.479,11.4,5,0.096
2023-01-11,BUY_CE_CPR,55700,55689.0,288.29,518.93,230505.05,0.496,11.3,5,0.116
2023-01-12,BUY_CE_CPR,55800,55781.0,256.39,461.51,204993.42,0.491,10.2,5,0.03
2023-01-13,BUY_CE_CPR,56200,56240.0,296.81,534.26,237316.46,0.525,10.5,5,0.055
2023-01-16,BUY_CE_CPR,56400,56415.0,283.41,510.14,226599.12,0.511,10.5,5,0.252
2023-01-17,BUY_PE_CPR,56300,56327.0,248.12,446.61,198375.46,-0.481,9.9,5,0.064
2023-01-18,BUY_PE_CPR,56200,56205.0,260.85,469.54,208560.2,-0.494,10.0,5,0.004
2023-01-19,BUY_CE_CPR,56500,56470.0,203.71,366.67,162858.46,0.48,8.3,5,0.091
2023-01-20,BUY_CE_CPR,56600,56618.0,227.57,409.62,181941.77,0.515,8.3,5,0.167
2023-01-23,BUY_CE_CPR,56800,56760.0,199.5,359.1,159493.52,0.472,8.3,5,0.023
2023-01-24,BUY_CE_CPR,56900,56895.0,215.08,387.14,171954.0,0.498,8.2,5,0.197
2023-01-25,BUY_CE_CPR,56900,56929.0,227.21,193.13,-34194.7,0.523,8.0,5,0.092
2023-01-27,BUY_PE_CPR,56800,56755.0,239.72,431.5,191659.54,-0.531,8.2,5,0.164
2023-01-30,BUY_CE_CPR,56800,56817.0,357.37,643.26,285742.38,0.51,8.2,13,0.067
2023-02-01,BUY_CE_CPR,57600,57615.0,421.39,758.5,336942.19,0.508,9.2,14,0.128
2023-02-02,BUY_CE_CPR,57700,57701.0,397.38,715.28,317739.63,0.503,9.2,13,0.191
2023-02-03,SELL_CE_CPR,58400,57300.0,47.21,181.85,-134703.11,0.111,8.5,12,0.694
2023-02-03,SELL_PE_CPR,57000,57300.0,222.42,177.94,44350.53,-0.364,8.5,12,0.694
2023-02-06,BUY_PE_CPR,57000,56951.0,331.59,596.86,265128.4,-0.522,8.6,9,0.346
2023-02-07,BUY_CE_CPR,57100,57129.0,304.06,547.3,243109.26,0.518,8.6,8,0.038
2023-02-08,BUY_CE_CPR,57200,57155.0,242.47,436.45,193859.57,0.475,8.4,7,0.059
2023-02-09,BUY_PE_CPR,56800,56796.0,261.53,470.75,209101.26,-0.5,8.9,6,0.045
2023-02-10,BUY_PE_CPR,56800,56760.0,257.9,464.21,206195.18,-0.524,9.0,5,0.223
2023-02-13,BUY_PE_CPR,56500,56486.0,235.49,423.88,188276.95,-0.507,8.7,5,0.15
2023-02-14,BUY_CE_CPR,56700,56660.0,209.71,377.48,167659.25,0.474,8.7,5,0.196
2023-02-15,BUY_PE_CPR,56100,56135.0,231.17,416.1,184821.28,-0.475,9.5,5,0.002
2023-02-16,BUY_CE_CPR,56200,56217.0,256.77,102.71,-154181.52,0.513,9.5,5,0.277
2023-02-17,BUY_CE_CPR,56200,56245.0,265.81,478.46,212526.16,0.531,9.3,5,0.133
2023-02-20,BUY_CE_CPR,56200,56202.0,241.53,205.3,-36347.43,0.503,9.2,5,0.24
2023-02-21,BUY_PE_CPR,56100,56146.0,215.8,388.43,172526.64,-0.467,9.1,5,0.069
2023-02-22,BUY_PE_CPR,56000,56030.0,221.11,398.0,176776.21,-0.477,9.0,5,0.004
2023-02-23,BUY_PE_CPR,55600,55600.0,244.61,440.29,195566.5,-0.497,9.4,5,0.152
2023-02-24,BUY_PE_CPR,55500,55522.0,232.51,325.51,92888.61,-0.483,9.4,5,0.22
2023-02-27,BUY_PE_CPR,55500,55526.0,229.74,413.53,183677.99,-0.48,9.4,5,0.142
2023-02-28,BUY_CE_CPR,56000,55990.0,452.54,814.58,361856.57,0.499,10.1,15,0.102
2023-03-01,BUY_CE_CPR,56100,56075.0,337.37,472.32,134804.3,0.491,8.0,14,0.39
2023-03-02,BUY_CE_CPR,56000,56050.0,362.19,307.87,-54481.47,0.525,8.0,13,0.123
2023-03-06,BUY_PE_CPR,55800,55765.0,296.93,534.47,237409.97,-0.517,8.0,9,0.002
2023-03-07,BUY_PE_CPR,55100,55055.0,298.79,537.83,238901.87,-0.523,8.5,8,0.037
2023-03-08,BUY_PE_CPR,54900,54940.0,236.01,330.42,94290.08,-0.472,8.4,7,0.374
2023-03-09,BUY_CE_CPR,55300,55300.0,251.22,452.2,200856.33,0.502,8.9,6,0.089
2023-03-10,BUY_CE_CPR,56100,56100.0,286.95,516.51,229427.65,0.502,11.0,5,0.229
2023-03-14,SELL_PE_CPR,56700,57414.0,137.32,155.48,-18257.13,-0.233,14.9,5,0.689
2023-03-15,BUY_CE_CPR,58200,58230.0,427.68,769.83,341973.84,0.515,15.2,5,0.086
2023-03-17,BUY_CE_CPR,59300,59255.0,463.81,834.86,370869.23,0.489,17.6,5,0.182
2023-03-20,SELL_CE_CPR,59900,59400.0,277.78,555.55,-277931.81,0.345,17.5,5,0.645
2023-03-21,BUY_PE_CPR,58500,58535.0,497.74,895.93,397998.62,-0.484,18.9,5,0.364
2023-03-23,BUY_CE_CPR,59500,59490.0,517.18,930.93,413549.05,0.501,18.8,5,0.117
2023-03-27,BUY_PE_CPR,58600,58572.0,558.76,1005.77,446798.54,-0.503,19.9,5,0.249
2023-03-28,BUY_CE_CPR,59000,59040.0,967.88,1742.18,773972.59,0.513,19.9,15,0.29
2023-03-29,BUY_CE_CPR,59000,59020.0,927.19,788.11,-139395.14,0.51,19.9,14,0.32
2023-03-30,BUY_CE_CPR,59400,59419.0,900.62,1621.12,720190.24,0.51,20.0,13,0.16
2023-03-31,BUY_CE_CPR,59700,59670.0,838.09,1508.55,670177.82,0.501,19.8,12,0.274
2023-04-03,BUY_CE_CPR,59600,59622.0,860.98,731.84,-129444.54,0.51,19.8,12,0.236
2023-04-04,BUY_CE_CPR,60400,60450.0,814.75,1466.56,651519.24,0.516,18.9,11,0.25
2023-04-05,BUY_CE_CPR,60400,60350.0,726.58,1307.84,581002.23,0.495,18.9,10,0.396
2023-04-06,BUY_PE_CPR,60300,60295.0,718.85,1293.93,574822.55,-0.494,19.0,9,0.193
2023-04-10,BUY_PE_CPR,59900,59876.0,543.3,977.94,434433.05,-0.502,19.0,5,0.036
2023-04-11,BUY_CE_CPR,60300,60271.0,456.42,821.56,364960.41,0.494,16.7,5,0.098
2023-04-12,BUY_CE_CPR,60400,60390.0,464.37,835.86,371310.82,0.5,16.7,5,0.128
2023-04-13,BUY_CE_CPR,61000,61000.0,462.14,831.86,369533.82,0.503,16.2,5,0.105
2023-04-14,BUY_PE_CPR,60200,60172.0,499.67,899.41,399547.84,-0.505,17.3,5,0.22
2023-04-17,BUY_PE_CPR,60000,60050.0,394.63,710.33,315540.68,-0.477,15.0,5,0.311
2023-04-18,BUY_CE_CPR,60300,60323.0,434.63,782.33,347529.64,0.512,15.0,5,0.06
2023-04-19,BUY_PE_CPR,60200,60186.0,388.49,699.28,310630.83,-0.502,13.6,5,0.078
2023-04-20,BUY_CE_CPR,60400,60375.0,370.66,667.19,296375.76,0.492,13.6,5,0.199
2023-04-21,BUY_PE_CPR,59800,59820.0,357.82,644.08,286106.66,-0.488,13.2,5,0.15
2023-04-24,BUY_CE_CPR,59900,59902.0,367.01,146.81,-220362.35,0.503,13.1,5,0.166
2023-04-25,BUY_CE_CPR,60200,60195.0,333.87,600.97,266954.33,0.5,12.0,5,0.139
2023-04-26,BUY_PE_CPR,59900,59880.0,343.0,617.41,274255.99,-0.506,11.9,5,0.275
2023-04-27,BUY_PE_CPR,59900,59887.0,339.32,610.77,271306.75,-0.503,11.9,5,0.192
2023-04-28,BUY_CE_CPR,60100,60100.0,567.02,1020.64,453407.28,0.503,11.7,15,0.044
2023-05-01,BUY_CE_CPR,60000,60050.0,568.08,1022.54,454249.99,0.518,11.6,14,0.186
2023-05-02,BUY_CE_CPR,60700,60730.0,581.27,1046.28,464798.98,0.512,12.4,13,0.137
2023-05-03,BUY_CE_CPR,61000,61035.0,514.62,926.32,411500.73,0.514,11.3,12,0.382
2023-05-04,BUY_CE_CPR,61600,61650.0,531.67,957.01,425135.52,0.519,11.9,11,0.121
2023-05-05,BUY_PE_CPR,60900,60900.0,524.23,943.61,419181.03,-0.495,13.1,10,0.138
2023-05-08,BUY_PE_CPR,60900,60907.0,422.04,590.85,168644.73,-0.493,12.7,7,0.164
2023-05-09,BUY_CE_CPR,61300,61349.0,423.42,762.15,338563.26,0.522,12.7,6,0.012
2023-05-11,BUY_PE_CPR,60900,60875.0,362.55,652.58,289883.7,-0.508,12.3,5,0.092
2023-05-12,BUY_PE_CPR,60900,60860.0,328.79,591.82,262889.27,-0.518,10.9,5,0.274
2023-05-15,BUY_CE_CPR,61000,60995.0,305.36,549.65,244154.34,0.499,10.8,5,0.086
2023-05-16,BUY_PE_CPR,60300,60269.0,349.32,628.78,279308.53,-0.512,11.9,5,0.093
2023-05-17,BUY_PE_CPR,60200,60217.0,323.85,582.93,258937.19,-0.489,11.8,5,0.355
2023-05-18,BUY_PE_CPR,59700,59748.0,315.5,567.9,252262.08,-0.474,12.2,5,0.002
2023-05-19,BUY_CE_CPR,60400,60400.0,349.48,629.06,279432.1,0.502,12.4,5,0.163
2023-05-23,BUY_PE_CPR,60200,60248.0,321.65,578.97,257178.77,-0.475,12.3,5,0.05
2023-05-24,BUY_PE_CPR,59900,59901.0,343.91,619.04,274983.75,-0.496,12.3,5,0.251
2023-05-25,BUY_PE_CPR,59500,59520.0,339.85,611.73,271735.29,-0.488,12.6,5,0.21
2023-05-26,BUY_PE_CPR,59500,59476.0,358.71,645.68,286819.75,-0.508,12.5,5,0.224
2023-05-29,BUY_PE_CPR,59400,59442.0,557.63,1003.74,445896.64,-0.482,12.5,14,0.022
2023-05-30,BUY_CE_CPR,59900,59871.0,521.53,938.76,417028.37,0.495,11.9,13,0.019
2023-06-01,BUY_PE_CPR,60000,60000.0,539.47,971.05,431373.07,-0.494,11.5,14,0.288
2023-06-02,BUY_PE_CPR,59600,59601.0,483.75,870.75,386813.67,-0.494,10.8,13,0.232
2023-06-06,BUY_CE_CPR,59900,59899.0,397.73,338.07,-59822.55,0.502,10.6,9,0.278
2023-06-07,BUY_PE_CPR,59500,59510.0,375.29,675.52,300077.06,-0.492,10.8,8,0.055
2023-06-08,BUY_CE_CPR,59800,59827.0,378.26,680.86,302447.61,0.514,11.0,7,0.231
2023-06-12,BUY_PE_CPR,59600,59598.0,306.5,551.69,245060.47,-0.498,11.0,5,0.097
2023-06-13,BUY_PE_CPR,59200,59220.0,272.74,490.93,218064.57,-0.486,10.2,5,0.078
2023-06-14,BUY_PE_CPR,59200,59250.0,258.84,362.38,103415.14,-0.469,10.2,5,0.308
2023-06-15,BUY_CE_CPR,59300,59265.0,253.86,215.78,-38200.5,0.481,9.8,5,0.003
2023-06-16,BUY_CE_CPR,59300,59262.0,217.4,304.35,86847.82,0.476,8.5,5,0.337
2023-06-19,BUY_PE_CPR,59100,59064.0,254.81,458.66,203727.88,-0.522,8.6,5,0.032
2023-06-20,BUY_PE_CPR,58700,58744.0,218.61,393.5,174779.15,-0.468,8.8,5,0.09
2023-06-21,BUY_PE_CPR,58600,58644.0,212.4,382.32,169811.95,-0.468,8.5,5,0.189
2023-06-22,BUY_PE_CPR,58200,58167.0,254.88,458.79,203785.71,-0.52,8.8,5,0.115
2023-06-23,BUY_PE_CPR,58200,58192.0,242.72,339.8,96968.83,-0.503,8.8,5,0.242
2023-06-26,BUY_PE_CPR,58200,58213.0,232.79,197.87,-35033.06,-0.489,8.8,5,0.147
2023-06-27,BUY_PE_CPR,58000,57972.0,234.5,422.1,187486.71,-0.518,8.1,5,0.162
2023-06-28,BUY_PE_CPR,57800,57835.0,355.88,640.58,284553.15,-0.481,8.0,15,0.224
2023-06-29,BUY_PE_CPR,57600,57626.0,346.39,623.51,276967.1,-0.484,8.0,14,0.058
2023-06-30,BUY_CE_CPR,58000,58030.0,363.79,654.83,290881.53,0.515,8.0,13,0.038
2023-07-03,BUY_CE_CPR,58100,58110.0,340.54,612.97,272285.0,0.507,8.0,12,0.188
2023-07-04,BUY_CE_CPR,58100,58147.0,345.4,621.72,276172.5,0.525,8.0,11,0.106
2023-07-05,BUY_CE_CPR,58300,58274.0,294.56,530.21,235514.18,0.488,8.0,10,0.039
2023-07-06,BUY_CE_CPR,58400,58396.0,290.2,522.37,232031.3,0.5,8.0,9,0.029
2023-07-07,BUY_CE_CPR,58700,58747.0,301.17,542.1,240800.5,0.529,8.0,8,0.003
2023-07-11,BUY_CE_CPR,58700,58726.0,232.35,418.24,185769.22,0.52,8.0,5,0.075
2023-07-12,BUY_CE_CPR,59100,59128.0,234.89,422.8,187794.79,0.522,8.0,5,0.033
2023-07-13,BUY_CE_CPR,59200,59192.0,216.95,390.51,173450.26,0.496,8.0,5,0.224
2023-07-14,BUY_CE_CPR,59200,59230.0,236.3,425.35,188928.17,0.523,8.0,5,0.011
2023-07-17,BUY_PE_CPR,59100,59051.0,245.82,442.47,196535.01,-0.533,8.0,5,0.032
2023-07-18,BUY_CE_CPR,59700,59655.0,200.96,361.73,160664.73,0.469,8.0,5,0.032
2023-07-19,BUY_CE_CPR,59700,59666.0,206.17,288.64,82360.48,0.477,8.0,5,0.241
2023-07-20,BUY_PE_CPR,59500,59474.0,235.24,423.43,188076.73,-0.516,8.0,5,0.047
2023-07-21,BUY_PE_CPR,59200,59234.0,204.43,367.98,163439.73,-0.473,8.0,5,0.139
2023-07-24,BUY_PE_CPR,59000,59010.0,215.25,387.45,172091.65,-0.49,8.0,5,0.08
2023-07-25,BUY_CE_CPR,59100,59114.0,227.66,409.78,182011.65,0.512,8.0,5,0.115
2023-07-26,BUY_CE_CPR,59300,59321.0,232.0,417.6,185485.61,0.516,8.0,5,0.102
2023-07-27,BUY_PE_CPR,58900,58875.0,232.49,418.48,185875.21,-0.516,8.0,5,0.048
2023-07-28,BUY_CE_CPR,59200,59250.0,407.61,733.69,325919.32,0.523,8.0,15,0.286
2023-07-31,BUY_CE_CPR,59600,59590.0,341.08,613.94,272715.01,0.497,8.0,12,0.142
2023-08-01,BUY_PE_CPR,59000,59045.0,396.86,714.35,317325.14,-0.478,9.1,14,0.234
2023-08-02,BUY_PE_CPR,59100,59112.0,397.54,556.56,158855.33,-0.491,9.1,13,0.263
2023-08-03,BUY_PE_CPR,59000,59000.0,388.74,699.73,310829.41,-0.496,9.1,12,0.122
2023-08-07,BUY_CE_CPR,59200,59200.0,308.22,554.79,246436.67,0.502,8.8,8,0.041
2023-08-08,BUY_PE_CPR,59000,58998.0,292.32,526.17,233720.18,-0.498,8.9,7,0.065
2023-08-09,BUY_PE_CPR,58700,58710.0,256.28,461.31,204903.98,-0.491,8.7,6,0.096
2023-08-10,BUY_PE_CPR,58600,58600.0,238.05,428.49,190322.29,-0.498,8.7,5,0.216
2023-08-11,BUY_CE_CPR,58600,58645.0,261.38,470.48,208979.33,0.532,8.7,5,0.105
2023-08-14,BUY_CE_CPR,58700,58663.0,218.69,393.65,174842.96,0.477,8.6,5,0.035
2023-08-16,BUY_PE_CPR,58400,58406.0,214.98,386.96,171874.58,-0.493,8.0,5,0.031
2023-08-17,BUY_PE_CPR,58100,58053.0,241.03,433.86,192710.09,-0.532,8.0,5,0.108
2023-08-18,BUY_CE_CPR,58100,58110.0,221.88,399.39,177395.96,0.509,8.0,5,0.164
2023-08-21,BUY_CE_CPR,58200,58150.0,193.05,347.49,154336.6,0.465,8.0,5,0.057
2023-08-22,BUY_CE_CPR,58200,58215.0,224.81,404.66,179735.87,0.512,8.0,5,0.001
2023-08-23,BUY_CE_CPR,58400,58450.0,243.93,439.08,195029.53,0.538,8.0,5,0.015
2023-08-24,BUY_CE_CPR,58400,58422.0,229.16,320.83,91550.65,0.517,8.0,5,0.162
2023-08-25,BUY_PE_CPR,58300,58278.0,228.71,411.67,182851.14,-0.514,8.0,5,0.021
2023-08-28,BUY_CE_CPR,58500,58500.0,377.48,679.46,301824.77,0.502,8.0,15,0.077
2023-08-29,BUY_CE_CPR,58800,58850.0,392.25,706.04,313635.93,0.523,8.0,14,0.059
2023-08-30,BUY_CE_CPR,59100,59082.0,346.18,623.13,276797.99,0.494,8.0,13,0.197
2023-08-31,BUY_CE_CPR,59200,59161.0,322.63,580.73,257963.58,0.484,8.0,12,0.096
2023-09-01,BUY_PE_CPR,59100,59070.0,383.55,536.96,153259.95,-0.509,8.0,14,0.033
2023-09-04,BUY_CE_CPR,59400,59401.0,328.96,592.13,263026.83,0.502,8.0,11,0.244
2023-09-06,BUY_PE_CPR,59100,59105.0,293.23,527.82,234452.94,-0.494,8.0,9,0.028
2023-09-07,BUY_PE_CPR,59000,59010.0,273.43,492.18,218620.43,-0.491,8.0,8,0.068
2023-09-08,BUY_PE_CPR,58900,58903.0,258.51,465.32,206687.29,-0.495,8.0,7,0.049
2023-09-11,BUY_CE_CPR,59000,58952.0,196.96,354.52,157459.83,0.467,8.0,5,0.15
2023-09-12,BUY_PE_CPR,58600,58650.0,194.72,350.5,155674.05,-0.461,8.0,5,0.067
2023-09-13,BUY_PE_CPR,58600,58604.0,216.71,390.09,173261.66,-0.495,8.0,5,0.156
2023-09-14,BUY_PE_CPR,58600,58600.0,218.7,393.66,174849.04,-0.498,8.0,5,0.026
2023-09-15,BUY_CE_CPR,59000,59000.0,220.19,396.35,176042.87,0.501,8.0,5,0.102
2023-09-18,BUY_CE_CPR,59200,59191.0,216.46,389.62,173054.16,0.495,8.0,5,0.119
2023-09-19,BUY_CE_CPR,59200,59242.0,242.63,436.74,193988.19,0.532,8.0,5,0.057
2023-09-20,BUY_CE_CPR,59400,59360.0,202.2,363.96,161655.49,0.473,8.0,5,0.054
2023-09-21,BUY_PE_CPR,58800,58832.0,203.89,367.0,163006.0,-0.475,8.0,5,0.131
2023-09-22,BUY_CE_CPR,58900,58905.0,222.34,88.93,-133512.88,0.505,8.0,5,0.205
2023-09-25,BUY_PE_CPR,58700,58680.0,229.17,412.51,183223.63,-0.512,8.0,5,0.08
2023-09-26,BUY_PE_CPR,58500,58487.0,224.86,404.74,179773.85,-0.507,8.0,5,0.149
2023-09-27,BUY_PE_CPR,57900,57869.0,231.87,417.36,185380.56,-0.52,8.0,5,0.104
2023-09-28,BUY_PE_CPR,57200,57212.0,398.48,717.26,318618.57,-0.49,8.8,15,0.234
2023-09-29,BUY_PE_CPR,57000,57050.0,365.68,658.22,292386.77,-0.475,8.8,14,0.022
2023-10-03,BUY_PE_CPR,56300,56251.0,412.52,742.54,329850.56,-0.516,9.5,12,0.254
2023-10-04,BUY_PE_CPR,56200,56205.0,368.73,516.22,147336.54,-0.494,9.6,11,0.142
2023-10-05,BUY_CE_CPR,56300,56300.0,360.29,648.52,288080.07,0.502,9.7,10,0.096
2023-10-06,BUY_CE_CPR,56600,56609.0,366.69,660.04,293197.42,0.506,10.2,9,0.207
2023-10-09,BUY_CE_CPR,57300,57279.0,331.78,597.2,265280.73,0.493,11.7,6,0.243
2023-10-10,BUY_CE_CPR,57300,57348.0,337.52,607.54,269871.58,0.527,11.7,5,0.313
2023-10-11,BUY_CE_CPR,57600,57640.0,339.43,610.97,271398.23,0.522,11.9,5,0.009
2023-10-12,BUY_CE_CPR,57600,57613.0,325.54,585.97,260290.62,0.509,11.9,5,0.115
2023-10-13,BUY_CE_CPR,59000,59010.0,434.74,782.52,347615.3,0.507,15.6,5,0.141
2023-10-16,SELL_PE_CPR,58200,58860.0,170.45,189.72,-19377.04,-0.263,15.4,5,0.774
2023-10-17,BUY_CE_CPR,58900,58929.0,436.32,785.38,348883.91,0.514,15.3,5,0.072
2023-10-18,BUY_CE_CPR,59700,59675.0,438.95,790.12,350988.3,0.495,16.2,5,0.032
2023-10-19,BUY_CE_CPR,60000,59969.0,440.92,793.66,352562.22,0.493,16.3,5,0.21
2023-10-20,BUY_CE_CPR,60400,60375.0,437.34,787.21,349698.43,0.494,16.0,5,0.264
2023-10-23,BUY_CE_CPR,60400,60382.0,441.02,617.42,176230.91,0.497,16.0,5,0.041
2023-10-25,BUY_CE_CPR,60600,60643.0,468.04,842.48,374251.69,0.519,15.8,5,0.176
2023-10-26,BUY_CE_CPR,60700,60721.0,431.29,776.33,344861.14,0.511,14.9,5,0.234
2023-10-27,BUY_CE_CPR,61000,61014.0,395.03,711.05,315861.86,0.508,13.6,5,0.083
2023-10-30,BUY_CE_CPR,61200,61171.0,600.95,1081.72,480541.05,0.496,13.4,13,0.209
2023-10-31,BUY_PE_CPR,60800,60810.0,514.14,925.46,411117.84,-0.492,11.8,12,0.06
2023-11-02,BUY_PE_CPR,60800,60820.0,531.06,743.48,212221.56,-0.489,11.8,13,0.275
2023-11-03,BUY_CE_CPR,61500,61500.0,541.44,974.6,432950.93,0.503,12.2,12,0.07
2023-11-06,SELL_PE_CPR,60600,60791.0,415.75,332.6,82941.4,-0.435,13.3,9,0.77
2023-11-07,BUY_PE_CPR,60400,60388.0,500.08,900.15,399874.64,-0.499,13.9,8,0.082
2023-11-08,BUY_PE_CPR,60000,60030.0,456.99,822.59,365415.57,-0.485,14.2,7,0.094
2023-11-09,BUY_CE_CPR,60300,60310.0,443.9,799.01,354941.52,0.507,14.2,6,0.209
2023-11-10,BUY_PE_CPR,59700,59682.0,336.96,606.53,269424.79,-0.506,11.8,5,0.268
2023-11-13,BUY_CE_CPR,59900,59865.0,309.84,557.72,247737.54,0.485,11.7,5,0.081
2023-11-14,BUY_CE_CPR,60100,60079.0,288.01,518.41,230273.58,0.491,10.6,5,0.163
2023-11-15,BUY_CE_CPR,60100,60125.0,306.11,551.0,244752.72,0.516,10.5,5,0.032
2023-11-16,BUY_CE_CPR,60700,60662.0,285.29,513.53,228104.31,0.482,10.7,5,0.192
2023-11-17,BUY_CE_CPR,60700,60682.0,295.04,531.07,235898.72,0.493,10.7,5,0.237
2023-11-20,BUY_PE_CPR,60700,60684.0,311.81,561.26,249310.39,-0.505,10.7,5,0.112
2023-11-21,BUY_CE_CPR,61200,61200.0,316.4,569.53,252984.28,0.502,11.1,5,0.135
2023-11-23,BUY_CE_CPR,61100,61105.0,315.68,568.22,252404.75,0.505,11.0,5,0.147
2023-11-24,BUY_CE_CPR,61400,61388.0,311.95,561.51,249420.27,0.496,11.1,5,0.02
2023-11-27,BUY_CE_CPR,61600,61581.0,302.06,543.71,241513.77,0.492,10.8,5,0.155
2023-11-28,BUY_CE_CPR,62300,62300.0,588.82,1059.87,470835.29,0.503,11.7,15,0.042
2023-11-29,BUY_CE_CPR,62500,62478.0,560.35,1008.64,448072.66,0.497,11.7,14,0.34
2023-11-30,BUY_CE_CPR,62700,62687.0,511.55,920.8,409047.49,0.499,11.0,13,0.005
2023-12-01,BUY_CE_CPR,63000,62993.0,471.72,849.09,377188.21,0.5,9.7,14,0.137
2023-12-04,BUY_PE_CPR,62300,62270.0,471.02,847.83,376630.29,-0.506,10.6,11,0.313
2023-12-05,SELL_CE_CPR,63400,62145.0,61.64,183.91,-122334.85,0.12,10.2,10,1.104
2023-12-07,BUY_CE_CPR,62300,62311.0,327.25,589.05,261658.77,0.507,8.8,8,0.065
2023-12-08,BUY_PE_CPR,61600,61608.0,347.82,626.07,278104.68,-0.493,10.3,7,0.024
2023-12-11,BUY_PE_CPR,61000,61000.0,323.05,581.49,258299.74,-0.497,11.4,5,0.38
2023-12-12,BUY_PE_CPR,61000,60997.0,323.09,581.56,258332.39,-0.498,11.3,5,0.324
2023-12-13,BUY_CE_CPR,61000,61050.0,347.33,295.23,-52247.09,0.527,11.3,5,0.064
2023-12-14,BUY_CE_CPR,62200,62199.0,379.37,682.86,303338.33,0.502,13.1,5,0.116
2023-12-15,BUY_PE_CPR,61900,61921.0,373.62,317.58,-56199.13,-0.488,13.3,5,0.228
2023-12-18,BUY_PE_CPR,62000,61965.0,402.04,723.67,321466.62,-0.511,13.3,5,0.217
2023-12-19,BUY_CE_CPR,62200,62172.0,361.82,651.27,289302.29,0.491,12.9,5,0.199
2023-12-21,BUY_CE_CPR,62300,62252.0,351.04,631.87,280680.39,0.482,12.9,5,0.078
2023-12-22,BUY_CE_CPR,62700,62674.0,368.13,662.63,294348.25,0.492,13.0,5,0.013
2023-12-26,BUY_CE_CPR,62700,62740.0,400.58,721.04,320298.74,0.519,13.0,5,0.024
2023-12-27,BUY_CE_CPR,63300,63285.0,365.2,657.35,292003.54,0.496,12.6,5,0.203
2023-12-29,BUY_PE_CPR,62900,62935.0,604.76,1088.56,483581.61,-0.485,12.7,14,0.053
2024-01-01,BUY_CE_CPR,63200,63188.0,616.33,1109.39,492835.96,0.501,12.6,14,0.011
2024-01-03,BUY_PE_CPR,62300,62329.0,553.18,995.72,442333.57,-0.486,12.6,12,0.079
2024-01-04,BUY_PE_CPR,62400,62409.0,538.53,753.95,215209.73,-0.492,12.6,11,0.367
2024-01-05,BUY_CE_CPR,62700,62731.0,543.0,977.39,434192.12,0.513,12.8,10,0.024
2024-01-08,BUY_PE_CPR,62200,62155.0,449.72,809.5,359598.14,-0.513,12.4,7,0.241
2024-01-09,BUY_CE_CPR,62200,62200.0,369.26,664.67,295255.37,0.502,11.6,6,0.109
2024-01-10,BUY_PE_CPR,62000,62034.0,322.03,579.66,257486.02,-0.481,11.7,5,0.129
2024-01-11,BUY_PE_CPR,61900,61880.0,350.4,630.73,280174.7,-0.506,11.8,5,0.179
2024-01-12,BUY_CE_CPR,62400,62374.0,264.19,475.54,211229.42,0.487,9.5,5,0.255
2024-01-15,BUY_CE_CPR,62600,62565.0,256.48,461.66,205058.66,0.481,9.4,5,0.01
2024-01-16,BUY_PE_CPR,62100,62066.0,306.78,552.2,245287.49,-0.516,10.0,5,0.02
2024-01-17,BUY_PE_CPR,61500,61520.0,292.01,525.63,233479.77,-0.487,10.5,5,0.223
2024-01-18,BUY_CE_CPR,61800,61825.0,322.73,580.92,258046.62,0.515,10.8,5,0.318
2024-01-19,BUY_CE_CPR,62000,62010.0,317.2,570.96,253621.88,0.507,10.8,5,0.166
2024-01-22,BUY_PE_CPR,61900,61880.0,310.08,558.14,247924.49,-0.508,10.4,5,0.041
2024-01-23,BUY_CE_CPR,62000,61990.0,296.24,533.23,236856.76,0.497,10.4,5,0.013
2024-01-24,BUY_CE_CPR,62000,62050.0,305.29,549.51,244092.48,0.53,9.7,5,0.071
2024-01-25,BUY_PE_CPR,62100,62070.0,295.32,531.57,236120.34,-0.514,9.7,5,0.077
2024-01-29,BUY_CE_CPR,62200,62195.0,465.64,838.15,372328.12,0.501,9.7,14,0.006
2024-01-30,BUY_CE_CPR,62400,62400.0,450.02,810.04,359842.13,0.502,9.6,13,0.056
2024-01-31,BUY_CE_CPR,62900,62860.0,438.74,789.74,350818.95,0.489,10.1,12,0.098
2024-02-01,BUY_CE_CPR,63100,63145.0,466.93,840.47,373361.69,0.518,9.0,14,0.356
2024-02-02,BUY_PE_CPR,62700,62695.0,452.95,815.31,362182.83,-0.497,9.6,13,0.245
2024-02-05,BUY_PE_CPR,62400,62450.0,364.91,510.87,145808.98,-0.476,9.5,10,0.375
2024-02-07,BUY_CE_CPR,62300,62325.0,332.56,598.61,265906.82,0.514,8.7,8,0.111
2024-02-08,BUY_PE_CPR,62200,62211.0,291.96,525.52,233434.23,-0.491,8.7,7,0.002
2024-02-09,BUY_PE_CPR,62100,62126.0,260.7,469.25,208433.4,-0.482,8.6,6,0.047
2024-02-12,BUY_PE_CPR,61900,61856.0,257.2,462.95,205634.3,-0.527,8.1,5,0.008
2024-02-13,BUY_PE_CPR,61300,61267.0,268.02,482.44,214292.76,-0.518,8.8,5,0.055
2024-02-15,BUY_CE_CPR,61300,61282.0,219.86,395.75,175779.53,0.489,8.0,5,0.113
2024-02-16,BUY_CE_CPR,61500,61498.0,228.52,411.34,182703.44,0.5,8.0,5,0.055
2024-02-19,BUY_CE_CPR,61600,61641.0,251.03,451.86,200707.57,0.53,8.0,5,0.182
2024-02-20,BUY_CE_CPR,61800,61810.0,235.69,424.24,188437.14,0.508,8.0,5,0.0
2024-02-22,BUY_PE_CPR,61700,61661.0,250.2,450.37,200043.07,-0.525,8.0,5,0.055
2024-02-23,BUY_CE_CPR,61900,61910.0,236.06,424.92,188735.56,0.508,8.0,5,0.131
2024-02-27,BUY_CE_CPR,61800,61839.0,250.72,451.3,200456.99,0.528,8.0,5,0.044
2024-02-28,BUY_PE_CPR,61800,61792.0,402.75,724.94,322033.27,-0.499,8.0,15,0.016
2024-02-29,BUY_CE_CPR,62300,62335.0,406.25,731.25,324835.19,0.516,8.0,14,0.064
2024-03-01,BUY_CE_CPR,63100,63135.0,445.84,802.52,356498.26,0.515,8.7,14,0.277
2024-03-05,BUY_CE_CPR,64700,64715.0,478.3,860.94,382453.22,0.508,11.0,10,0.234
2024-03-06,BUY_CE_CPR,65000,65042.0,472.32,850.17,377667.99,0.517,11.1,9,0.088
2024-03-07,BUY_CE_CPR,65200,65246.0,445.13,801.23,355924.96,0.52,11.0,8,0.203
2024-03-08,BUY_CE_CPR,65800,65847.0,429.74,773.54,343623.13,0.521,11.2,7,0.009
2024-03-11,BUY_CE_CPR,65900,65872.0,317.99,445.19,127057.74,0.489,10.8,5,0.131
2024-03-12,BUY_PE_CPR,65300,65334.0,303.96,547.13,243033.27,-0.48,10.5,5,0.016
2024-03-13,BUY_CE_CPR,65700,65717.0,326.29,587.33,260892.06,0.51,10.4,5,0.233
2024-03-14,BUY_PE_CPR,65400,65435.0,313.58,564.44,250722.04,-0.48,10.8,5,0.149
2024-03-15,BUY_PE_CPR,65400,65367.0,351.64,298.89,-52895.33,-0.513,11.0,5,0.043
2024-03-18,BUY_CE_CPR,65400,65429.0,350.67,631.2,280384.1,0.516,11.0,5,0.158
2024-03-19,BUY_CE_CPR,65400,65431.0,353.71,300.65,-53205.58,0.517,11.1,5,0.137
2024-03-20,BUY_CE_CPR,65600,65556.0,313.68,564.63,250809.67,0.481,11.0,5,0.05
2024-03-21,BUY_CE_CPR,65900,65939.0,353.48,636.27,282635.56,0.521,10.8,5,0.021
2024-03-22,BUY_PE_CPR,65700,65686.0,351.28,491.79,140361.59,-0.503,11.2,5,0.151
2024-03-25,BUY_CE_CPR,65900,65862.0,319.51,575.12,255470.67,0.484,11.0,5,0.146
2024-03-26,BUY_CE_CPR,66000,66027.0,351.59,632.86,281119.84,0.515,11.0,5,0.215
2024-03-27,BUY_CE_CPR,66300,66295.0,332.7,598.85,266013.87,0.5,10.8,5,0.032
2024-03-28,BUY_CE_CPR,67600,67592.0,676.48,1217.66,540940.99,0.502,12.5,15,0.123
2024-04-03,BUY_CE_CPR,69700,69725.0,592.74,1066.93,473970.99,0.51,11.5,12,0.043
2024-04-04,BUY_CE_CPR,69800,69825.0,570.0,1026.0,455789.15,0.51,11.6,11,0.034
2024-04-05,BUY_CE_CPR,70700,70701.0,564.77,1016.59,451607.17,0.503,12.1,10,0.024
2024-04-09,BUY_CE_CPR,71100,71130.0,454.98,818.96,363803.39,0.513,12.1,6,0.117
2024-04-10,BUY_CE_CPR,71100,71127.0,381.8,687.25,305284.95,0.514,11.1,5,0.065
2024-04-11,BUY_CE_CPR,71500,71514.0,376.92,678.46,301381.42,0.508,11.1,5,0.034
2024-04-12,BUY_CE_CPR,71900,71857.0,329.86,593.75,263747.35,0.483,10.5,5,0.23
2024-04-15,SELL_CE_CPR,73100,72329.0,88.84,76.29,12470.12,0.188,10.2,5,0.893
2024-04-15,SELL_PE_CPR,70600,72329.0,6.7,0.58,6076.0,-0.021,10.2,5,0.893
2024-04-17,BUY_PE_CPR,72700,72695.0,377.4,679.33,301767.2,-0.499,11.1,5,0.209
2024-04-18,BUY_CE_CPR,73000,73016.0,381.61,686.9,305131.35,0.509,11.0,5,0.246
2024-04-19,BUY_CE_CPR,73200,73246.0,399.31,718.76,319287.95,0.522,11.0,5,0.12
2024-04-22,BUY_PE_CPR,71900,71936.0,456.75,822.14,365216.74,-0.484,14.1,5,0.149
2024-04-24,BUY_CE_CPR,71700,71692.0,486.6,875.88,389089.84,0.5,14.7,5,0.186
2024-04-25,BUY_CE_CPR,71700,71725.0,505.82,910.48,404464.42,0.511,14.7,5,0.038
2024-04-26,BUY_CE_CPR,72100,72107.0,447.41,805.33,357748.98,0.505,13.2,5,0.075
2024-04-29,BUY_CE_CPR,72200,72250.0,750.75,1351.35,600333.26,0.515,12.9,14,0.081
2024-04-30,BUY_PE_CPR,71100,71087.0,799.24,1438.64,639117.0,-0.496,14.8,13,0.139
2024-05-02,BUY_PE_CPR,71100,71119.0,740.85,1333.53,592416.09,-0.49,14.0,13,0.049
2024-05-03,BUY_PE_CPR,71000,70998.0,675.76,1216.36,540361.42,-0.495,13.2,12,0.203
2024-05-06,BUY_CE_CPR,71300,71321.0,602.12,1083.81,481471.31,0.509,13.3,9,0.063
2024-05-08,BUY_PE_CPR,71100,71129.0,494.94,890.89,395758.82,-0.487,13.0,7,0.028
2024-05-09,BUY_CE_CPR,71600,71586.0,470.65,847.16,376333.42,0.498,13.1,6,0.032
2024-05-10,BUY_CE_CPR,72600,72595.0,476.36,857.44,380900.43,0.501,14.1,5,0.278
2024-05-13,BUY_PE_CPR,71800,71819.0,479.63,863.33,383514.89,-0.49,14.6,5,0.348
2024-05-14,BUY_CE_CPR,72200,72213.0,479.68,863.42,383555.24,0.507,14.0,5,0.232
2024-05-15,BUY_CE_CPR,73000,73001.0,498.09,896.56,398278.2,0.503,14.6,5,0.164
2024-05-16,BUY_CE_CPR,72900,72896.0,491.49,688.09,196408.06,0.502,14.5,5,0.348
2024-05-17,BUY_CE_CPR,73600,73593.0,511.0,919.8,408602.91,0.501,15.0,5,0.047
2024-05-20,BUY_CE_CPR,74300,74283.0,448.54,807.37,358651.88,0.497,13.2,5,0.348
2024-05-22,BUY_PE_CPR,73000,73027.0,477.26,859.06,381620.03,-0.487,14.4,5,0.015
2024-05-27,BUY_CE_CPR,72000,72001.0,567.82,1022.07,454042.17,0.504,16.9,5,0.136
2024-05-28,BUY_CE_CPR,72100,72145.0,919.99,1655.98,735677.38,0.513,15.4,15,0.139
2024-05-29,BUY_PE_CPR,72000,71993.0,870.17,1566.31,695837.17,-0.494,15.4,14,0.083
2024-05-30,BUY_PE_CPR,71900,71852.0,857.72,1543.9,685882.67,-0.502,15.4,13,0.113
2024-05-31,BUY_PE_CPR,71700,71700.0,799.63,1439.33,639424.96,-0.493,15.5,12,0.043
2024-06-03,BUY_CE_CPR,71800,71818.0,805.29,1449.53,643954.95,0.508,15.4,12,0.257
2024-06-04,BUY_PE_CPR,71800,71782.0,769.03,1076.64,307340.52,-0.497,15.3,11,0.225
2024-06-05,BUY_CE_CPR,72500,72485.0,746.29,1343.32,596766.55,0.501,15.8,10,0.063
2024-06-07,BUY_PE_CPR,71300,71308.0,733.45,1320.21,586500.81,-0.492,17.5,8,0.133
2024-06-10,SELL_PE_CPR,70100,71303.0,153.53,25.96,127465.81,-0.194,17.0,5,0.873
2024-06-11,BUY_CE_CPR,71300,71346.0,583.6,1050.48,466663.42,0.517,16.8,5,0.253
2024-06-12,BUY_CE_CPR,71800,71796.0,547.06,984.71,437444.62,0.502,16.4,5,0.126
2024-06-13,BUY_PE_CPR,71000,71030.0,544.49,980.08,435386.4,-0.487,16.9,5,0.146
2024-06-14,BUY_CE_CPR,71700,71691.0,559.28,1006.71,447216.17,0.501,16.9,5,0.203
2024-06-17,BUY_PE_CPR,71300,71285.0,549.58,989.24,439454.97,-0.5,16.3,5,0.294
2024-06-18,BUY_CE_CPR,71500,71503.0,548.51,987.31,438599.67,0.504,16.4,5,0.087
2024-06-19,BUY_CE_CPR,71500,71519.0,533.13,453.16,-80171.5,0.509,15.7,5,0.202
2024-06-20,BUY_CE_CPR,72300,72258.0,459.47,827.04,367391.97,0.489,14.2,5,0.003
2024-06-21,BUY_PE_CPR,71400,71429.0,484.95,872.91,387771.48,-0.487,15.0,5,0.208
2024-06-25,BUY_PE_CPR,71200,71201.0,484.04,871.28,387046.71,-0.496,14.6,5,0.078
2024-06-26,BUY_PE_CPR,70900,70919.0,474.85,854.73,379697.03,-0.49,14.6,5,0.137
2024-06-27,BUY_CE_CPR,71300,71303.0,495.13,891.23,395909.83,0.504,14.8,5,0.029
2024-06-28,BUY_CE_CPR,71300,71275.0,839.79,1511.63,671543.53,0.5,14.8,15,0.255
2024-07-01,BUY_CE_CPR,71300,71329.0,837.42,1507.36,669648.16,0.51,14.8,14,0.061
2024-07-02,BUY_CE_CPR,71400,71357.0,772.68,1390.83,617876.29,0.496,14.8,13,0.017
2024-07-03,BUY_CE_CPR,72200,72160.0,761.22,1370.19,608706.08,0.496,15.0,12,0.059
2024-07-04,BUY_CE_CPR,72200,72151.0,709.39,993.14,283501.35,0.494,14.7,11,0.265
2024-07-05,BUY_CE_CPR,73300,73255.0,587.0,1056.59,469379.56,0.492,12.6,10,0.004
2024-07-08,SELL_PE_CPR,70900,72332.0,105.34,1.4,103854.35,-0.146,13.9,7,1.0
2024-07-09,BUY_PE_CPR,72400,72385.0,519.83,727.77,207735.37,-0.501,13.9,6,0.232
2024-07-10,BUY_CE_CPR,72600,72629.0,478.55,861.4,382657.32,0.513,13.7,5,0.016
2024-07-11,BUY_CE_CPR,73200,73205.0,449.73,809.51,359604.38,0.504,13.1,5,0.056
2024-07-12,BUY_CE_CPR,73200,73159.0,412.87,350.94,-62097.07,0.487,12.7,5,0.232
2024-07-15,BUY_CE_CPR,73300,73311.0,428.13,770.63,342328.91,0.507,12.4,5,0.131
2024-07-16,BUY_CE_CPR,74000,74025.0,454.64,818.36,363535.26,0.512,12.8,5,0.075
2024-07-17,BUY_CE_CPR,73900,73924.0,455.23,819.41,364005.17,0.511,12.9,5,0.275
2024-07-18,BUY_PE_CPR,74000,73965.0,442.52,619.53,176833.79,-0.51,12.3,5,0.23
2024-07-19,BUY_PE_CPR,72900,72872.0,455.23,819.41,364004.11,-0.507,13.0,5,0.118
2024-07-22,BUY_PE_CPR,72600,72641.0,423.07,761.52,338284.41,-0.482,13.1,5,0.352
2024-07-23,BUY_PE_CPR,68600,68648.0,834.62,1502.31,667405.64,-0.484,26.8,5,0.188
2024-07-25,BUY_PE_CPR,67500,67491.0,889.82,1601.68,711553.0,-0.495,28.1,5,0.03
2024-07-26,BUY_CE_CPR,68200,68173.0,896.0,1612.8,716491.89,0.502,28.6,5,0.092
2024-07-29,BUY_CE_CPR,68200,68206.0,1522.3,2740.14,1217350.46,0.511,28.6,14,0.164
2024-07-30,BUY_CE_CPR,68600,68617.0,1490.89,2683.6,1192232.09,0.511,28.8,13,0.098
2024-07-31,BUY_CE_CPR,69100,69065.0,1401.32,2522.38,1120602.33,0.505,28.5,12,0.247
2024-08-01,BUY_CE_CPR,69400,69412.0,1552.68,2794.82,1241642.57,0.511,28.6,14,0.05
2024-08-02,BUY_CE_CPR,69400,69381.0,1431.66,2576.98,1144864.04,0.507,27.7,13,0.399
2024-08-05,BUY_PE_CPR,68600,68641.0,1225.18,2205.32,979741.55,-0.485,27.5,10,0.288
2024-08-06,BUY_PE_CPR,68700,68742.0,1163.47,1628.86,465003.58,-0.485,27.6,9,0.311
2024-08-07,BUY_PE_CPR,68800,68752.0,1138.14,1593.4,454879.06,-0.498,27.5,8,0.304
2024-08-08,BUY_CE_CPR,69400,69396.0,1053.62,1896.52,842542.88,0.506,27.6,7,0.029
2024-08-09,BUY_CE_CPR,69600,69604.0,985.44,1773.8,788022.08,0.507,27.7,6,0.354
2024-08-12,BUY_CE_CPR,70400,70354.0,900.6,1621.07,720169.4,0.498,28.1,5,0.141
2024-08-14,BUY_PE_CPR,69900,69874.0,917.47,1651.45,733665.46,-0.498,27.7,5,0.013
2024-08-16,BUY_CE_CPR,70900,70938.0,967.69,1741.84,773824.78,0.513,28.7,5,0.282
2024-08-20,BUY_CE_CPR,71300,71340.0,959.22,1726.6,767050.89,0.513,28.2,5,0.094
2024-08-21,BUY_CE_CPR,71400,71407.0,503.67,906.61,402744.87,0.505,15.0,5,0.043
2024-08-22,BUY_PE_CPR,70800,70796.0,514.81,926.66,411654.21,-0.497,15.5,5,0.045
2024-08-23,BUY_CE_CPR,71300,71295.0,391.1,703.99,312722.3,0.5,11.8,5,0.174
2024-08-26,BUY_CE_CPR,71500,71500.0,380.61,685.1,304329.82,0.502,11.4,5,0.131
2024-08-27,BUY_CE_CPR,71600,71551.0,356.82,642.28,285307.87,0.482,11.4,5,0.013
2024-08-28,BUY_PE_CPR,71300,71328.0,647.92,1166.25,518099.33,-0.487,11.5,15,0.075
2024-08-29,BUY_CE_CPR,71700,71666.0,620.28,1116.51,496000.1,0.495,11.4,14,0.024
2024-08-30,BUY_PE_CPR,71200,71195.0,634.4,1141.92,507289.62,-0.496,11.8,13,0.156
2024-09-02,BUY_PE_CPR,71200,71233.0,614.77,1106.59,491593.65,-0.486,11.8,13,0.204
2024-09-03,BUY_PE_CPR,70800,70807.0,563.19,1013.74,450341.8,-0.493,11.1,12,0.029
2024-09-04,BUY_CE_CPR,71100,71053.0,522.95,941.31,418161.26,0.489,11.1,11,0.153
2024-09-05,BUY_CE_CPR,71900,71890.0,555.2,999.35,443948.96,0.5,11.8,10,0.186
2024-09-06,BUY_PE_CPR,71400,71409.0,528.97,952.15,422976.78,-0.493,11.9,9,0.101
2024-09-09,BUY_CE_CPR,71600,71573.0,423.09,169.24,-254025.41,0.493,11.9,6,0.256
2024-09-10,BUY_CE_CPR,71800,71821.0,388.74,699.73,310830.33,0.511,11.3,5,0.184
2024-09-11,BUY_CE_CPR,71900,71878.0,367.42,661.36,293785.53,0.493,11.3,5,0.098
2024-09-12,BUY_CE_CPR,72700,72681.0,378.74,681.73,302836.27,0.494,11.4,5,0.004
2024-09-13,BUY_CE_CPR,73400,73367.0,342.98,617.36,274234.71,0.487,10.5,5,0.364
2024-09-16,BUY_CE_CPR,73400,73422.0,370.27,666.49,296065.34,0.512,10.5,5,0.254
2024-09-17,BUY_PE_CPR,73000,73022.0,358.81,645.87,286900.41,-0.488,10.9,5,0.051
2024-09-18,BUY_PE_CPR,73000,73029.0,355.7,497.98,142130.71,-0.485,10.9,5,0.162
2024-09-19,BUY_CE_CPR,73400,73357.0,324.53,584.16,259485.16,0.482,10.1,5,0.049
2024-09-20,BUY_CE_CPR,74000,73977.0,341.99,615.58,273446.41,0.492,10.2,5,0.198
2024-09-23,BUY_CE_CPR,74200,74183.0,345.85,622.53,276533.32,0.494,10.2,5,0.243
2024-09-24,BUY_CE_CPR,74900,74886.0,366.07,658.93,292703.42,0.496,10.7,5,0.061
2024-09-25,BUY_CE_CPR,75200,75167.0,349.67,629.4,279583.62,0.488,10.4,5,0.271
2024-09-26,BUY_CE_CPR,75300,75339.0,385.02,693.04,307858.52,0.519,10.4,5,0.113
2024-09-27,BUY_PE_CPR,74900,74878.0,371.82,669.28,297303.54,-0.507,10.3,5,0.018
2024-09-30,BUY_PE_CPR,74800,74800.0,584.23,1051.62,467168.75,-0.495,10.4,13,0.163
2024-10-01,BUY_CE_CPR,75700,75660.0,590.75,1063.35,472379.8,0.492,10.4,14,0.167
2024-10-03,BUY_CE_CPR,75800,75827.0,580.5,1044.9,464184.86,0.51,10.4,12,0.323
2024-10-07,BUY_PE_CPR,75700,75657.0,429.99,773.99,343823.93,-0.513,9.1,8,0.014
2024-10-08,BUY_PE_CPR,74800,74799.0,448.39,807.1,358533.4,-0.497,10.9,7,0.03
2024-10-09,BUY_PE_CPR,74500,74512.0,416.98,750.56,333415.06,-0.492,11.1,6,0.259
2024-10-10,BUY_CE_CPR,74800,74834.0,406.21,731.17,324801.35,0.516,11.1,5,0.148
2024-10-11,BUY_CE_CPR,75700,75738.0,417.67,751.81,333969.4,0.517,11.3,5,0.198
2024-10-15,BUY_CE_CPR,75800,75838.0,408.12,734.62,326333.13,0.518,11.0,5,0.113
2024-10-16,BUY_CE_CPR,76200,76163.0,358.71,645.67,286812.8,0.486,10.6,5,0.18
2024-10-17,BUY_CE_CPR,76500,76540.0,399.72,719.5,319612.85,0.519,10.6,5,0.047
2024-10-18,BUY_CE_CPR,77200,77159.0,370.58,667.05,296311.1,0.485,10.9,5,0.14
2024-10-21,BUY_CE_CPR,77500,77508.0,387.06,696.7,309487.09,0.505,10.6,5,0.169
2024-10-22,BUY_CE_CPR,78200,78241.0,421.57,758.82,337084.42,0.518,11.0,5,0.098
2024-10-23,BUY_PE_CPR,77500,77482.0,431.2,776.16,344789.58,-0.504,11.7,5,0.235
2024-10-24,BUY_CE_CPR,77900,77872.0,412.3,742.14,329672.03,0.492,11.7,5,0.337
2024-10-25,BUY_CE_CPR,78000,78009.0,431.22,603.71,172316.77,0.506,11.7,5,0.379
2024-10-28,BUY_CE_CPR,78200,78159.0,687.69,1237.85,549909.15,0.494,11.2,15,0.215
2024-10-29,BUY_CE_CPR,78900,78865.0,687.96,1238.34,550124.59,0.495,11.5,14,0.113
2024-10-30,BUY_CE_CPR,79300,79257.0,627.41,1129.33,501695.9,0.492,10.9,13,0.163
2024-10-31,BUY_PE_CPR,78200,78191.0,719.79,1295.61,575572.26,-0.496,12.7,12,0.107
2024-11-01,SELL_CE_CPR,79400,78829.0,542.98,434.39,108337.89,0.391,12.9,14,0.6
2024-11-04,BUY_PE_CPR,78400,78401.0,714.45,1286.0,571302.02,-0.494,13.2,11,0.094
2024-11-05,BUY_CE_CPR,78500,78490.0,612.13,1101.83,489478.56,0.5,11.9,10,0.028
2024-11-06,BUY_PE_CPR,76700,76689.0,759.75,1367.55,607532.4,-0.497,15.7,9,0.067
2024-11-07,SELL_CE_CPR,77900,77386.0,504.12,403.3,100580.86,0.394,16.0,8,0.691
2024-11-11,BUY_PE_CPR,75400,75382.0,661.98,1191.56,529344.7,-0.5,18.6,5,0.055
2024-11-12,SELL_PE_CPR,74500,74918.0,462.22,369.78,92216.94,-0.394,18.6,5,0.713
2024-11-13,BUY_PE_CPR,74500,74514.0,640.16,1152.29,511893.96,-0.492,18.6,5,0.177
2024-11-14,BUY_PE_CPR,74200,74151.0,664.63,1196.34,531466.81,-0.507,18.5,5,0.3
2024-11-15,BUY_PE_CPR,74000,73965.0,639.64,543.7,-96179.07,-0.504,18.0,5,0.041
2024-11-18,BUY_CE_CPR,75000,75039.0,687.51,1237.52,549760.68,0.513,19.1,5,0.12
2024-11-19,BUY_CE_CPR,75600,75555.0,642.38,1156.29,513673.06,0.493,18.9,5,0.268
2024-11-20,BUY_CE_CPR,76000,76008.0,669.61,1205.3,535447.89,0.506,18.8,5,0.007
2024-11-21,BUY_CE_CPR,76700,76689.0,676.31,1217.35,540801.69,0.501,19.1,5,0.218
2024-11-22,BUY_CE_CPR,77600,77579.0,702.28,1264.1,561572.81,0.499,19.7,5,0.248
2024-11-25,BUY_PE_CPR,75400,75377.0,814.48,1466.07,651301.61,-0.499,22.8,5,0.249
2024-11-26,SELL_PE_CPR,74400,75293.0,414.37,143.44,270720.13,-0.319,22.4,5,0.711
2024-11-27,BUY_CE_CPR,75800,75788.0,788.17,1418.7,630259.15,0.502,22.5,5,0.016
2024-11-28,BUY_PE_CPR,75800,75761.0,1360.18,2448.33,1087703.84,-0.494,21.9,15,0.073
2024-11-29,BUY_CE_CPR,76500,76485.0,1306.95,2352.5,1045131.49,0.506,22.0,14,0.001
2024-12-02,BUY_PE_CPR,75800,75815.0,1256.39,2261.5,1004701.34,-0.489,22.2,13,0.15
2024-12-03,BUY_CE_CPR,75900,75934.0,1233.86,2220.95,986683.06,0.511,22.2,12,0.064
2024-12-04,BUY_CE_CPR,76000,76036.0,1079.25,1942.65,863041.88,0.511,20.2,11,0.054
2024-12-05,BUY_CE_CPR,76400,76353.0,978.08,1760.54,782132.73,0.498,19.9,10,0.088
2024-12-06,BUY_PE_CPR,76200,76185.0,955.6,1720.08,764153.78,-0.495,19.9,9,0.027
2024-12-09,BUY_CE_CPR,77000,76999.0,690.53,1242.95,552174.11,0.504,17.6,6,0.042
2024-12-10,BUY_CE_CPR,77700,77745.0,661.17,1190.11,528699.91,0.515,17.6,5,0.242
2024-12-11,BUY_CE_CPR,78300,78287.0,630.38,1134.68,504071.56,0.5,17.4,5,0.34
2024-12-12,BUY_PE_CPR,77400,77400.0,653.82,1176.88,522819.76,-0.495,18.1,5,0.269
2024-12-13,BUY_PE_CPR,76600,76592.0,673.97,1213.14,538930.29,-0.497,18.7,5,0.3
2024-12-16,BUY_PE_CPR,76500,76486.0,648.25,907.56,259066.6,-0.499,18.0,5,0.373
2024-12-17,BUY_PE_CPR,76300,76314.0,627.71,1129.88,501939.77,-0.492,17.8,5,0.104
2024-12-18,BUY_PE_CPR,76100,76115.0,621.35,1118.43,496850.69,-0.492,17.7,5,0.049
2024-12-19,BUY_PE_CPR,75200,75191.0,634.45,1142.02,507331.24,-0.498,18.0,5,0.109
2024-12-20,BUY_CE_CPR,75800,75786.0,614.21,1105.58,491144.2,0.5,17.6,5,0.245
2024-12-23,BUY_PE_CPR,75500,75506.0,456.78,822.21,365247.8,-0.494,13.1,5,0.211
2024-12-24,BUY_CE_CPR,75600,75594.0,457.23,823.01,365603.94,0.501,13.0,5,0.134
2024-12-26,BUY_CE_CPR,76200,76163.0,448.59,807.47,358696.81,0.49,13.1,5,0.033
2024-12-27,BUY_PE_CPR,75800,75783.0,479.12,862.41,383106.99,-0.502,13.3,5,0.161
2024-12-30,BUY_PE_CPR,75500,75517.0,713.47,1284.25,570525.66,-0.49,12.7,13,0.238
2024-12-31,BUY_CE_CPR,77000,76970.0,793.35,1428.04,634406.57,0.498,14.5,12,0.326
2025-01-01,SELL_PE_CPR,76200,76214.0,893.96,1115.82,-222264.96,-0.49,15.2,14,0.611
2025-01-02,BUY_CE_CPR,76800,76849.0,920.46,1656.83,736056.6,0.513,15.5,13,0.032
2025-01-03,BUY_CE_CPR,76800,76813.0,862.96,1553.34,690073.91,0.507,15.4,12,0.097
2025-01-06,SELL_CE_CPR,77900,77149.0,435.15,398.11,36830.29,0.349,15.5,9,0.686
2025-01-07,BUY_CE_CPR,77500,77514.0,692.96,1247.32,554117.43,0.507,15.0,8,0.091
2025-01-08,BUY_CE_CPR,77700,77737.0,641.14,1154.06,512681.82,0.513,14.5,7,0.055
2025-01-09,BUY_CE_CPR,78100,78068.0,555.87,1000.56,444484.11,0.494,14.3,6,0.027
2025-01-10,BUY_CE_CPR,78400,78398.0,495.54,891.98,396242.49,0.502,13.6,5,0.065
2025-01-13,BUY_PE_CPR,78200,78159.0,488.51,879.32,390620.18,-0.51,12.8,5,0.021
2025-01-14,BUY_PE_CPR,78200,78151.0,491.46,884.63,392979.61,-0.513,12.8,5,0.209
2025-01-15,BUY_CE_CPR,78700,78658.0,452.45,814.41,361779.43,0.488,12.9,5,0.05
2025-01-16,BUY_CE_CPR,79200,79160.0,457.05,822.7,365462.91,0.489,12.9,5,0.161
2025-01-20,BUY_PE_CPR,78500,78530.0,416.94,750.49,333382.22,-0.486,11.8,5,0.049
2025-01-21,BUY_CE_CPR,79200,79179.0,426.29,767.32,340859.44,0.495,11.8,5,0.213
2025-01-22,BUY_CE_CPR,79500,79535.0,456.88,822.39,365327.71,0.515,11.8,5,0.116
2025-01-23,BUY_CE_CPR,79600,79594.0,430.08,365.57,-64683.82,0.5,11.7,5,0.095
2025-01-24,BUY_CE_CPR,79900,79944.0,442.48,796.47,353811.74,0.519,11.3,5,0.133
2025-01-27,BUY_PE_CPR,79500,79510.0,420.8,757.44,336471.21,-0.493,11.5,5,0.008
2025-01-28,BUY_CE_CPR,80200,80163.0,590.48,1062.87,472166.94,0.493,9.4,15,0.171
2025-01-29,BUY_CE_CPR,80300,80310.0,505.7,910.26,404364.62,0.505,8.0,14,0.239
2025-01-30,BUY_CE_CPR,81500,81539.0,581.54,1046.77,465015.05,0.513,9.2,13,0.125
2025-01-31,BUY_CE_CPR,81800,81850.0,560.46,1008.84,448161.93,0.517,9.1,12,0.366
2025-02-03,BUY_CE_CPR,82800,82815.0,580.74,1045.34,464378.33,0.507,9.6,12,0.145
2025-02-04,BUY_CE_CPR,83900,83933.0,621.82,1119.27,497225.98,0.511,10.4,11,0.211
2025-02-05,BUY_CE_CPR,84700,84713.0,602.04,1083.68,481412.7,0.506,10.7,10,0.062
2025-02-06,BUY_PE_CPR,83900,83856.0,659.5,1187.1,527361.29,-0.506,12.1,9,0.011
2025-02-07,BUY_CE_CPR,84400,84378.0,580.1,1044.18,463865.3,0.497,11.9,8,0.038
2025-02-10,BUY_CE_CPR,85300,85308.0,485.11,873.2,387899.83,0.505,12.1,5,0.063
2025-02-12,BUY_PE_CPR,85000,85024.0,482.46,868.43,385783.37,-0.489,12.5,5,0.033
2025-02-13,BUY_CE_CPR,85400,85368.0,471.51,848.72,377026.44,0.492,12.2,5,0.268
2025-02-14,BUY_PE_CPR,84300,84331.0,508.95,916.11,406966.7,-0.487,13.3,5,0.01
2025-02-18,BUY_CE_CPR,85700,85742.0,565.3,1017.54,452027.25,0.515,13.6,5,0.108
2025-02-19,BUY_CE_CPR,85700,85719.0,555.35,999.62,444069.14,0.508,13.7,5,0.289
2025-02-20,BUY_CE_CPR,85800,85830.0,562.85,1013.12,450065.66,0.511,13.7,5,0.203
2025-02-21,BUY_PE_CPR,85800,85795.0,532.78,959.0,426021.98,-0.498,13.2,5,0.031
2025-02-24,BUY_CE_CPR,86000,86030.0,541.54,974.78,433030.98,0.512,13.1,5,0.161
2025-02-25,BUY_PE_CPR,85600,85589.0,547.69,985.84,437946.23,-0.5,13.6,5,0.035
2025-02-26,BUY_CE_CPR,85800,85837.0,521.58,938.84,417062.68,0.514,12.6,5,0.129
2025-02-27,BUY_PE_CPR,85100,85123.0,517.03,930.65,413426.75,-0.49,13.3,5,0.17
2025-02-28,BUY_PE_CPR,84300,84295.0,964.31,1735.76,771121.41,-0.494,14.1,15,0.162
2025-03-03,BUY_CE_CPR,85500,85463.0,879.56,1583.2,703342.66,0.498,14.6,12,0.227
2025-03-04,BUY_CE_CPR,86300,86281.0,830.16,1494.28,663838.35,0.5,14.1,11,0.351
2025-03-05,BUY_CE_CPR,87000,86959.0,779.43,1402.97,623267.86,0.496,13.9,10,0.187
2025-03-06,BUY_PE_CPR,86000,86002.0,756.48,1361.67,604919.41,-0.494,14.1,9,0.376
2025-03-10,BUY_PE_CPR,85500,85460.0,556.52,1001.74,445010.26,-0.508,13.4,5,0.088
2025-03-11,BUY_CE_CPR,86100,86113.0,558.68,1005.63,446736.53,0.507,13.7,5,0.21
2025-03-12,BUY_CE_CPR,86700,86661.0,543.7,978.66,434754.24,0.492,13.9,5,0.206
2025-03-13,BUY_CE_CPR,87700,87694.0,593.31,1067.95,474427.01,0.501,14.6,5,0.295
2025-03-17,BUY_CE_CPR,88000,87976.0,534.47,962.04,427372.54,0.496,13.3,5,0.01
2025-03-18,BUY_CE_CPR,88700,88660.0,514.44,925.99,411353.17,0.491,12.9,5,0.056
2025-03-20,BUY_CE_CPR,88600,88646.0,558.3,1004.94,446432.98,0.516,12.9,5,0.092
2025-03-21,BUY_PE_CPR,87800,87785.0,570.08,1026.15,455852.79,-0.501,13.7,5,0.011
2025-03-24,BUY_PE_CPR,87300,87313.0,562.49,1012.48,449782.25,-0.493,14.0,5,0.102
2025-03-25,BUY_CE_CPR,87600,87566.0,545.37,981.67,436092.33,0.493,13.8,5,0.188
2025-03-26,BUY_CE_CPR,87500,87506.0,564.59,790.42,225623.62,0.504,13.8,5,0.145
2025-03-27,BUY_CE_CPR,88200,88213.0,559.33,1006.8,447257.51,0.506,13.4,5,0.065
2025-03-28,BUY_CE_CPR,88800,88759.0,880.35,1584.64,703981.42,0.497,12.6,15,0.145
2025-03-31,BUY_CE_CPR,90100,90138.0,855.04,1539.08,683739.9,0.511,12.9,12,0.143
2025-04-02,BUY_PE_CPR,90500,90543.0,819.12,696.25,-123152.91,-0.486,12.4,13,0.024
2025-04-03,BUY_PE_CPR,90500,90459.0,745.98,1342.77,596523.37,-0.504,11.1,12,0.136
2025-04-04,BUY_PE_CPR,88400,88354.0,961.01,1729.83,768486.0,-0.501,15.4,11,0.144
2025-04-08,SELL_CE_CPR,87900,87449.0,616.71,1044.99,-428567.19,0.418,17.0,7,0.603
2025-04-09,BUY_CE_CPR,89500,89489.0,871.96,1569.53,697269.6,0.502,19.2,6,0.147
2025-04-10,BUY_CE_CPR,91600,91646.0,914.73,1646.52,731475.26,0.513,20.9,5,0.323
2025-04-11,BUY_CE_CPR,93300,93280.0,938.59,1689.46,750552.54,0.501,21.8,5,0.395
2025-04-15,BUY_CE_CPR,93100,93071.0,936.57,796.09,-140804.84,0.5,21.9,5,0.076
2025-04-16,BUY_CE_CPR,95200,95163.0,1014.81,1826.67,811510.48,0.499,23.3,5,0.123
2025-04-21,BUY_CE_CPR,96800,96800.0,1074.85,1934.73,859523.05,0.505,23.8,5,0.081
2025-04-22,SELL_CE_CPR,98400,97057.0,528.12,1056.23,-528368.51,0.313,23.4,5,0.915
2025-04-24,BUY_CE_CPR,95800,95807.0,1208.17,2174.71,966140.55,0.507,27.0,5,0.291
2025-04-25,BUY_PE_CPR,95100,95071.0,1228.11,2210.59,982082.79,-0.497,27.4,5,0.199
2025-04-28,BUY_CE_CPR,96200,96159.0,2114.45,3806.01,1690897.75,0.507,27.5,15,0.079
2025-04-29,SELL_PE_CPR,95100,95559.0,1812.37,1449.9,361720.49,-0.452,27.4,14,0.613
2025-04-30,BUY_PE_CPR,94600,94565.0,1998.82,3597.88,1598431.56,-0.491,27.9,13,0.058
2025-05-01,BUY_PE_CPR,92700,92710.0,2111.49,3800.69,1688534.42,-0.487,29.3,14,0.037
2025-05-02,BUY_CE_CPR,93100,93126.0,2062.88,3713.18,1649656.62,0.512,29.3,13,0.022
2025-05-05,BUY_CE_CPR,94900,94889.0,1748.44,3147.19,1398198.83,0.507,28.0,10,0.08
2025-05-06,BUY_CE_CPR,97500,97460.0,1688.5,3039.29,1350260.67,0.504,28.0,9,0.29
2025-05-07,SELL_PE_CPR,96100,97065.0,1175.63,1099.06,76071.67,-0.397,28.3,8,0.839
2025-05-08,BUY_PE_CPR,96200,96153.0,1499.32,2698.78,1198974.79,-0.497,27.8,7,0.082
2025-05-09,BUY_CE_CPR,96500,96490.0,1297.53,2335.56,1037602.08,0.505,26.4,6,0.123
2025-05-12,BUY_PE_CPR,92900,92948.0,1285.02,2313.04,1027599.88,-0.487,30.2,5,0.149
2025-05-13,SELL_CE_CPR,94800,93659.0,838.25,628.22,209651.71,0.373,30.3,5,0.856
2025-05-14,BUY_PE_CPR,92300,92305.0,1327.05,2388.68,1061205.37,-0.492,30.9,5,0.088
2025-05-15,BUY_CE_CPR,93200,93155.0,1265.69,2278.25,1012140.44,0.501,29.6,5,0.399
2025-05-16,SELL_PE_CPR,91800,92443.0,982.22,1432.93,-451143.16,-0.413,29.7,5,0.693
2025-05-19,BUY_CE_CPR,93300,93314.0,1250.07,2250.12,999643.04,0.508,28.6,5,0.118
2025-05-20,BUY_CE_CPR,94800,94761.0,1279.22,2302.6,1022960.45,0.502,29.4,5,0.012
2025-05-21,SELL_CE_CPR,95900,95473.0,1024.64,819.71,204480.46,0.451,27.5,5,0.671
2025-05-22,BUY_CE_CPR,95500,95461.0,1178.88,2121.98,942714.62,0.501,26.9,5,0.134
2025-05-23,BUY_CE_CPR,96200,96210.0,1211.65,2180.97,968921.15,0.507,26.9,5,0.153
2025-05-26,BUY_PE_CPR,95800,95814.0,1179.12,2122.41,942905.54,-0.491,26.5,5,0.216
2025-05-27,BUY_PE_CPR,95100,95055.0,1203.1,2165.57,962081.63,-0.499,26.6,5,0.087
2025-05-28,BUY_PE_CPR,95200,95177.0,2027.13,2837.98,810216.22,-0.49,26.3,15,0.28
2025-05-29,BUY_CE_CPR,95300,95295.0,1838.53,3309.35,1470243.77,0.508,24.8,14,0.118
2025-05-30,BUY_PE_CPR,94700,94712.0,1767.72,3181.89,1413614.49,-0.488,24.9,13,0.19
2025-06-02,BUY_CE_CPR,96900,96882.0,1844.67,3320.4,1475152.17,0.507,25.5,13,0.063
2025-06-04,BUY_CE_CPR,97400,97361.0,1530.87,2755.56,1224201.82,0.503,23.0,11,0.096
2025-06-05,BUY_CE_CPR,97500,97490.0,1451.35,2612.42,1160608.6,0.505,22.7,10,0.192
2025-06-06,BUY_PE_CPR,96600,96645.0,1364.09,2455.36,1090828.65,-0.487,22.9,9,0.147
2025-06-11,BUY_PE_CPR,96300,96267.0,683.04,580.58,-102700.69,-0.504,14.8,5,0.02
2025-06-12,BUY_CE_CPR,97800,97786.0,704.53,1268.15,563369.86,0.5,15.6,5,0.255
2025-06-13,BUY_CE_CPR,99600,99555.0,729.29,1312.73,583175.94,0.494,16.2,5,0.262
2025-06-16,BUY_PE_CPR,98600,98594.0,778.74,1401.73,622718.24,-0.497,16.9,5,0.348
2025-06-17,BUY_CE_CPR,98900,98911.0,742.55,1336.59,593778.11,0.506,16.0,5,0.334
2025-06-18,BUY_CE_CPR,99000,99045.0,753.02,1355.43,602149.11,0.513,15.8,5,0.159
2025-06-19,BUY_PE_CPR,98900,98868.0,747.73,1345.92,597921.69,-0.503,15.9,5,0.075
2025-06-20,BUY_PE_CPR,98600,98574.0,737.35,1327.23,589617.57,-0.502,15.7,5,0.149
2025-06-23,BUY_CE_CPR,98900,98852.0,695.37,1251.66,556046.32,0.493,15.6,5,0.152
2025-06-24,BUY_PE_CPR,96500,96521.0,817.67,1471.81,653851.49,-0.491,18.4,5,0.042
2025-06-26,BUY_PE_CPR,96500,96452.0,855.77,1540.39,684323.91,-0.504,18.5,5,0.013
2025-06-27,BUY_PE_CPR,94900,94908.0,860.98,1549.77,688489.65,-0.494,19.5,5,0.071
2025-06-30,BUY_CE_CPR,95700,95678.0,1237.71,2227.89,989765.65,0.503,17.4,13,0.213
2025-07-01,BUY_CE_CPR,96900,96860.0,1350.58,2431.04,1080021.99,0.501,18.2,14,0.28
2025-07-02,BUY_CE_CPR,97000,96997.0,1309.09,1112.73,-196790.55,0.505,18.0,13,0.095
2025-07-03,BUY_PE_CPR,96500,96533.0,1242.53,2236.56,993618.09,-0.488,18.1,12,0.057
2025-07-04,BUY_CE_CPR,96900,96944.0,1215.23,2187.42,971787.85,0.511,17.8,11,0.203
2025-07-07,BUY_CE_CPR,97200,97231.0,1038.79,1869.82,830683.79,0.509,17.8,8,0.029
2025-07-08,BUY_PE_CPR,96500,96485.0,971.61,1748.89,776957.01,-0.497,18.1,7,0.284
2025-07-09,BUY_PE_CPR,96500,96451.0,916.47,1649.65,732866.91,-0.504,18.1,6,0.107
2025-07-10,BUY_CE_CPR,96700,96678.0,749.43,1348.98,599283.16,0.499,16.9,5,0.161
2025-07-11,BUY_CE_CPR,97800,97759.0,697.63,1255.73,557854.75,0.494,15.7,5,0.018
2025-07-14,BUY_CE_CPR,97700,97749.0,721.34,1298.41,576814.91,0.514,15.3,5,0.2
2025-07-15,BUY_PE_CPR,97200,97214.0,688.15,1238.67,550271.54,-0.493,15.3,5,0.137
2025-07-16,BUY_CE_CPR,97800,97758.0,687.69,1237.84,549904.36,0.494,15.5,5,0.22
2025-07-18,BUY_CE_CPR,98000,97965.0,700.71,1261.28,560318.79,0.495,15.7,5,0.148
2025-07-21,BUY_CE_CPR,99200,99217.0,774.47,1394.04,619300.58,0.507,16.5,5,0.29
2025-07-22,BUY_CE_CPR,100200,100168.0,607.74,1093.92,485965.35,0.495,13.3,5,0.373
2025-07-23,BUY_PE_CPR,99300,99304.0,647.01,1164.62,517372.37,-0.495,14.0,5,0.382
2025-07-24,BUY_PE_CPR,98700,98668.0,672.22,1209.99,537531.86,-0.504,14.3,5,0.316
2025-07-25,BUY_PE_CPR,97800,97842.0,567.62,1021.71,453881.75,-0.485,12.9,5,0.031
2025-07-28,BUY_PE_CPR,97500,97505.0,998.01,1796.42,798070.9,-0.493,12.7,15,0.201
2025-07-29,BUY_CE_CPR,98100,98125.0,930.48,1674.87,744068.5,0.508,12.0,14,0.117
2025-07-31,BUY_PE_CPR,97900,97868.0,852.53,1534.55,681729.54,-0.501,11.8,12,0.153
2025-08-01,BUY_CE_CPR,98800,98756.0,920.92,1657.66,736425.19,0.496,12.2,14,0.082
2025-08-04,BUY_CE_CPR,100200,100202.0,931.61,1676.9,744969.48,0.504,13.4,11,0.336
2025-08-05,BUY_CE_CPR,100500,100452.0,826.82,1488.27,661168.15,0.494,12.8,10,0.259
2025-08-06,BUY_CE_CPR,100700,100687.0,799.81,1119.73,319644.19,0.501,12.8,9,0.028
2025-08-07,BUY_CE_CPR,100800,100835.0,779.0,1402.2,622927.83,0.51,12.8,8,0.139
2025-08-08,BUY_CE_CPR,101200,101212.0,689.29,1240.72,551183.26,0.506,12.2,7,0.075
2025-08-11,BUY_PE_CPR,99800,99785.0,652.45,1174.4,521720.35,-0.5,13.9,5,0.015
2025-08-12,BUY_PE_CPR,99600,99620.0,623.12,1121.62,498268.03,-0.491,13.6,5,0.291
2025-08-13,BUY_CE_CPR,99700,99656.0,605.86,1090.55,484464.66,0.492,13.5,5,0.056
2025-08-14,BUY_PE_CPR,99400,99362.0,644.51,1160.11,515370.3,-0.506,13.5,5,0.072
2025-08-18,BUY_PE_CPR,99000,99020.0,612.34,1102.22,489649.27,-0.491,13.5,5,0.14
2025-08-19,BUY_PE_CPR,98400,98359.0,603.84,1086.91,482849.03,-0.508,12.7,5,0.169
2025-08-20,BUY_CE_CPR,98900,98903.0,566.68,1020.03,453133.68,0.503,12.2,5,0.322
2025-08-21,BUY_CE_CPR,99000,99035.0,561.39,1010.51,448905.71,0.513,11.8,5,0.211
2025-08-22,BUY_CE_CPR,99900,99857.0,534.22,961.6,427176.29,0.49,11.9,5,0.115
2025-08-25,BUY_CE_CPR,100100,100118.0,536.43,965.57,428940.4,0.508,11.3,5,0.326
2025-08-26,BUY_CE_CPR,100500,100531.0,539.59,971.26,431467.71,0.512,11.2,5,0.15
2025-08-27,BUY_CE_CPR,101000,100967.0,504.31,907.76,403257.04,0.492,11.1,5,0.07
2025-08-28,BUY_CE_CPR,101500,101481.0,897.94,1616.29,718042.29,0.5,11.1,15,0.16
2025-08-29,BUY_CE_CPR,103200,103164.0,987.5,1777.5,789667.36,0.498,12.5,14,0.203
2025-09-02,BUY_CE_CPR,105100,105114.0,946.72,1704.09,757051.5,0.506,11.9,13,0.013
2025-09-03,BUY_CE_CPR,106200,106186.0,937.12,1686.81,749374.55,0.501,12.3,12,0.365
2025-09-04,BUY_PE_CPR,105500,105507.0,935.54,1683.97,748111.72,-0.493,12.9,11,0.211
2025-09-05,BUY_CE_CPR,107200,107250.0,1020.52,1836.94,816075.42,0.512,14.1,10,0.155
2025-09-08,BUY_CE_CPR,108400,108393.0,858.63,1545.53,686605.44,0.502,14.4,7,0.123
2025-09-09,BUY_CE_CPR,108900,108907.0,685.95,1234.71,548513.09,0.504,12.3,6,0.36
2025-09-10,BUY_PE_CPR,108900,108884.0,625.43,875.6,249942.9,-0.501,12.2,5,0.133
2025-09-11,BUY_PE_CPR,108900,108870.0,634.01,1141.23,506980.05,-0.504,12.2,5,0.023
2025-09-12,BUY_CE_CPR,109200,109237.0,618.85,1113.94,494856.3,0.512,11.8,5,0.072
2025-09-15,BUY_CE_CPR,110000,110045.0,601.63,1082.93,481078.73,0.515,11.3,5,0.044
2025-09-16,BUY_CE_CPR,110000,110040.0,550.2,990.35,439950.94,0.514,10.3,5,0.331
2025-09-17,BUY_PE_CPR,109700,109692.0,563.37,1014.06,450481.99,-0.499,10.9,5,0.097
2025-09-18,BUY_PE_CPR,109000,108951.0,629.27,1132.69,503185.98,-0.51,11.9,5,0.136
2025-09-19,BUY_CE_CPR,109700,109715.0,613.27,1103.88,490388.21,0.506,11.8,5,0.116
2025-09-22,BUY_CE_CPR,112100,112070.0,694.77,1250.59,555567.86,0.496,13.6,5,0.195
2025-09-26,BUY_CE_CPR,113700,113664.0,784.71,1412.48,627494.94,0.496,15.1,5,0.04
2025-09-29,BUY_CE_CPR,115100,115096.0,1382.32,2488.17,1105405.21,0.504,15.4,14,0.269
2025-09-30,BUY_CE_CPR,116100,116104.0,1333.29,2399.92,1066197.32,0.505,15.3,13,0.178
2025-10-01,BUY_CE_CPR,117000,117046.0,1406.21,2531.18,1124513.84,0.51,15.2,14,0.364
2025-10-03,BUY_CE_CPR,117100,117139.0,1244.98,2240.96,995572.4,0.509,14.5,12,0.045
2025-10-06,BUY_CE_CPR,119500,119524.0,1138.82,2049.87,910678.05,0.507,15.1,9,0.021
2025-10-07,BUY_CE_CPR,120400,120354.0,1036.93,1866.48,829199.46,0.497,14.9,8,0.353
2025-10-08,BUY_CE_CPR,122500,122542.0,1089.78,1961.6,871460.0,0.51,15.8,7,0.286
2025-10-10,SELL_CE_CPR,121900,120727.0,604.73,445.14,159310.53,0.338,19.3,5,0.792
2025-10-13,BUY_CE_CPR,124000,123964.0,1204.49,2168.08,963194.73,0.5,21.1,5,0.13
2025-10-15,BUY_CE_CPR,126600,126641.0,1272.19,2289.94,1017336.59,0.51,21.2,5,0.358
2025-10-16,BUY_CE_CPR,128700,128735.0,1281.12,2306.02,1024478.35,0.509,21.0,5,0.095
2025-10-20,SELL_CE_CPR,129700,129493.0,1414.78,1131.83,282357.65,0.484,25.1,5,1.202
2025-10-21,SELL_PE_CPR,127200,127365.0,1484.49,2284.39,-800525.84,-0.477,26.4,5,1.003
2025-10-22,BUY_PE_CPR,121100,121069.0,1986.67,3576.01,1588712.53,-0.494,34.9,5,0.157
2025-10-23,SELL_CE_CPR,124600,123305.0,1434.93,1147.95,286379.67,0.407,34.9,5,1.004
2025-10-27,BUY_PE_CPR,120000,120002.0,2042.42,3676.36,1633296.31,-0.491,36.5,5,0.324
2025-10-28,BUY_PE_CPR,118700,118699.0,3508.92,6316.05,2806067.27,-0.484,36.7,15,0.327
2025-10-29,BUY_CE_CPR,119400,119424.0,3415.49,6147.89,2731355.84,0.514,36.6,14,0.361
2025-10-30,BUY_CE_CPR,120300,120251.0,3276.55,5897.79,2620242.32,0.51,36.5,13,0.301
2025-10-31,SELL_CE_CPR,122000,119728.0,2187.59,1635.28,551402.44,0.4,36.6,12,0.731
2025-10-31,SELL_PE_CPR,118500,119728.0,2572.96,2294.57,277343.97,-0.424,36.6,12,0.731
2025-11-03,BUY_CE_CPR,120100,120130.0,3110.98,5599.77,2487837.96,0.513,35.7,12,0.224
2025-11-04,BUY_PE_CPR,118800,118780.0,2956.61,5321.9,2364383.08,-0.488,35.9,11,0.146
2025-11-05,BUY_CE_CPR,119600,119598.0,2770.12,4986.22,2215246.17,0.511,35.2,10,0.241
2025-11-06,BUY_CE_CPR,120600,120587.0,2570.25,4626.45,2055405.57,0.509,34.2,9,0.185
2025-11-07,BUY_CE_CPR,121100,121056.0,2411.38,4340.48,1928356.17,0.506,34.1,8,0.134
2025-11-10,BUY_CE_CPR,123900,123897.0,1943.94,3499.09,1554539.25,0.507,33.7,5,0.005
2025-11-12,BUY_CE_CPR,126400,126363.0,1986.37,3575.47,1588475.1,0.505,34.0,5,0.236
2025-11-13,SELL_CE_CPR,128000,126668.0,1382.62,645.54,736492.35,0.401,33.3,5,0.662
2025-11-14,BUY_PE_CPR,123500,123454.0,1966.82,3540.28,1572840.95,-0.495,33.7,5,0.172
2025-11-18,BUY_PE_CPR,122600,122591.0,1769.05,3184.28,1414676.22,-0.493,30.9,5,0.01
2025-11-20,BUY_PE_CPR,122600,122578.0,1233.98,2221.17,986782.68,-0.497,21.4,5,0.183
2025-11-21,BUY_CE_CPR,123800,123849.0,1275.17,2295.3,1019717.14,0.511,21.6,5,0.087
2025-11-25,BUY_CE_CPR,124900,124916.0,1126.44,2027.6,900781.98,0.506,19.2,5,0.317
2025-11-26,BUY_CE_CPR,125700,125674.0,1112.39,2002.31,889545.14,0.5,19.2,5,0.178
2025-11-28,BUY_CE_CPR,126900,126943.0,2001.22,3602.19,1600346.82,0.51,19.3,15,0.033
2025-12-01,BUY_CE_CPR,128000,128034.0,1960.04,3528.08,1567419.2,0.509,19.5,14,0.303
2025-12-02,BUY_PE_CPR,127100,127142.0,1792.03,3225.65,1433055.69,-0.488,19.0,13,0.04
2025-12-03,BUY_CE_CPR,128000,127974.0,1740.06,3132.12,1391500.12,0.503,19.0,12,0.095
2025-12-04,BUY_PE_CPR,127700,127668.0,1692.44,3046.39,1353415.31,-0.495,19.0,11,0.11
2025-12-05,BUY_CE_CPR,128400,128384.0,1602.05,2883.69,1281128.65,0.504,19.0,10,0.028
2025-12-08,BUY_CE_CPR,128700,128736.0,1219.79,2195.62,975431.99,0.509,16.9,7,0.001
2025-12-09,BUY_CE_CPR,128900,128853.0,1089.92,1961.85,871571.07,0.497,16.9,6,0.096
2025-12-10,BUY_PE_CPR,128500,128500.0,909.2,1636.55,727045.68,-0.496,15.2,5,0.175
2025-12-11,BUY_CE_CPR,130900,130905.0,1028.53,1851.35,822475.65,0.504,16.8,5,0.107
2025-12-15,BUY_CE_CPR,132500,132491.0,707.99,1274.38,566137.84,0.5,11.5,5,0.099
2025-12-16,BUY_CE_CPR,132600,132627.0,716.26,1289.27,572753.14,0.508,11.4,5,0.038
2025-12-17,BUY_CE_CPR,133100,133115.0,711.91,1281.44,569273.59,0.506,11.3,5,0.048
2025-12-18,BUY_PE_CPR,132700,132684.0,714.09,1285.37,571020.87,-0.5,11.4,5,0.171
2025-12-19,BUY_PE_CPR,132400,132427.0,684.95,1232.9,547711.44,-0.491,11.3,5,0.088
2025-12-22,BUY_CE_CPR,134600,134638.0,789.82,1421.67,631577.25,0.51,12.3,5,0.118
2025-12-24,BUY_CE_CPR,136100,136104.0,771.78,1389.21,617154.73,0.503,12.1,5,0.003
2025-12-26,BUY_CE_CPR,137800,137789.0,786.56,1415.8,628969.04,0.5,12.3,5,0.103
2025-12-29,BUY_PE_CPR,132600,132595.0,2187.45,3937.4,1749275.6,-0.491,21.1,14,0.246
2025-12-30,SELL_CE_CPR,136200,133974.0,1225.29,1031.16,193596.77,0.347,21.3,13,1.188
2025-12-31,BUY_PE_CPR,130700,130747.0,2206.38,3971.48,1764417.33,-0.487,23.6,12,0.055
2026-01-05,BUY_CE_CPR,135600,135641.0,2263.47,4074.24,1810070.77,0.51,25.1,10,0.178
2026-01-06,BUY_CE_CPR,139000,139005.0,2316.3,4169.34,1852318.89,0.508,26.6,9,0.019
2026-01-07,BUY_PE_CPR,138000,137977.0,2208.01,3974.42,1765722.75,-0.493,27.0,8,0.249
2026-01-08,BUY_PE_CPR,137700,137683.0,2057.34,3703.21,1645225.92,-0.493,27.0,7,0.096
2026-01-09,BUY_CE_CPR,138700,138697.0,1858.45,3345.21,1486175.14,0.506,26.2,6,0.259
2026-01-12,BUY_CE_CPR,141700,141748.0,1831.92,3297.46,1464957.15,0.51,27.3,5,0.064
2026-01-14,BUY_CE_CPR,142800,142820.0,1831.0,3295.8,1464221.45,0.508,27.3,5,0.072
2026-01-15,BUY_CE_CPR,142800,142850.0,1848.75,3327.74,1478413.23,0.51,27.4,5,0.031
2026-01-16,BUY_PE_CPR,142300,142272.0,1833.27,3299.88,1466034.68,-0.496,27.4,5,0.094
2026-01-19,BUY_CE_CPR,145200,145227.0,1920.78,3457.41,1536021.35,0.508,28.2,5,0.094
2026-01-21,SELL_CE_CPR,154700,153341.0,1613.66,3227.31,-1614332.1,0.411,31.0,5,0.785
2026-01-22,SELL_CE_CPR,157400,156533.0,1899.22,1519.38,379056.27,0.447,31.5,5,0.745
2026-01-22,SELL_PE_CPR,149300,156533.0,265.63,531.26,-265782.73,-0.096,31.5,5,0.745
2026-01-23,SELL_CE_CPR,161200,156672.0,738.35,137.25,600773.08,0.225,31.5,5,1.5
2026-01-27,BUY_CE_CPR,158700,158744.0,1872.43,3370.37,1497351.83,0.509,25.0,5,0.381
2026-01-28,BUY_CE_CPR,167100,167092.0,4089.27,7360.69,3270184.31,0.511,30.4,15,0.022
2026-01-29,SELL_CE_CPR,171800,170954.0,3146.07,6292.14,-3147344.35,0.471,26.6,14,1.382
2026-02-02,SELL_CE_CPR,150300,141101.0,3724.87,3634.35,89022.59,0.333,68.0,13,0.681
2026-02-02,SELL_PE_CPR,134800,141101.0,4334.4,8668.81,-4336140.97,-0.336,68.0,13,0.681
2026-02-04,SELL_CE_CPR,156300,149543.0,4774.78,9549.55,-4612849.35,0.386,72.7,11,1.591
2026-02-05,SELL_PE_CPR,144200,149733.0,4616.66,2822.96,1791850.4,-0.354,72.7,10,1.922
2026-02-06,BUY_CE_CPR,153900,153931.0,7068.54,12723.38,5652738.67,0.523,73.3,9,0.352
2026-02-09,SELL_CE_CPR,157300,156332.0,5384.4,4307.52,1074732.44,0.492,73.1,6,1.207
2026-02-10,BUY_PE_CPR,154900,154920.0,5286.7,9516.06,4227779.18,-0.482,73.3,5,0.277
2026-02-11,BUY_CE_CPR,156600,156585.0,5349.85,9629.72,4278277.59,0.516,73.4,5,0.376
2026-02-12,BUY_PE_CPR,150700,150688.0,5306.78,9552.21,4243839.78,-0.482,75.4,5,0.046
2026-02-13,SELL_CE_CPR,154900,153871.0,4953.37,3962.7,988695.84,0.487,75.7,5,0.927
