date,type,strike,spot,entry_premium,exit_premium,pnl,delta,gamma,theta,iv,dte
2020-09-24,SELL_CE,10885.55,10805.55,19.0,28.5,-185.43,0.262,0.00269,-20.14,21.3,1
2020-09-24,SELL_CE,10885.55,10805.55,19.0,28.5,-185.43,0.262,0.00269,-20.14,21.3,1
2020-10-01,SELL_PE,11336.95,11416.95,24.16,0.05,554.79,-0.277,0.00238,-24.09,23.5,1
2020-10-01,SELL_PE,11336.95,11416.95,24.16,0.05,554.79,-0.277,0.00238,-24.09,23.5,1
2020-10-07,SELL_PE,11638.85,11738.85,38.62,57.93,-345.15,-0.299,0.00172,-18.15,23.2,2
2020-10-08,SELL_PE,11754.6,11834.6,25.32,0.05,583.74,-0.282,0.00234,-24.9,23.2,1
2020-10-08,SELL_PE,11754.6,11834.6,25.32,0.05,583.74,-0.282,0.00234,-24.9,23.2,1
2020-10-15,SELL_CE,11760.35,11680.35,29.62,44.44,-271.91,0.307,0.00231,-27.31,24.8,1
2020-10-15,SELL_CE,11760.35,11680.35,29.62,44.44,-271.91,0.307,0.00231,-27.31,24.8,1
2020-10-29,SELL_CE,11750.8,11670.8,15.58,0.05,340.56,0.241,0.00284,-17.63,18.0,1
2020-11-04,SELL_PE,11808.5,11908.5,20.95,31.43,-201.29,-0.239,0.00209,-12.01,16.8,2
2020-11-05,SELL_PE,12040.3,12120.3,15.64,23.46,-158.06,-0.234,0.00268,-17.98,18.0,1
2020-11-05,SELL_PE,12040.3,12120.3,15.64,23.46,-158.06,-0.234,0.00268,-17.98,18.0,1
2020-11-10,SELL_PE,12481.1,12631.1,32.56,48.84,-455.13,-0.241,0.00137,-12.34,19.8,3
2020-11-11,SELL_PE,12649.15,12749.15,34.06,51.08,-308.01,-0.287,0.0018,-16.73,20.0,2
2020-11-19,SELL_CE,12851.7,12771.7,17.95,26.93,-176.87,0.256,0.00274,-19.44,17.5,1
2020-11-25,SELL_CE,12958.4,12858.4,25.51,38.26,-238.39,0.271,0.00215,-13.41,16.2,2
2020-11-25,SELL_CE,12958.4,12858.4,25.51,38.26,-238.39,0.271,0.00215,-13.41,16.2,2
2020-12-03,SELL_PE,13053.9,13133.9,13.81,0.05,296.45,-0.221,0.00275,-16.59,15.7,1
2020-12-09,SELL_PE,13429.1,13529.1,16.45,3.95,264.85,-0.215,0.00218,-10.29,13.4,2
2020-12-10,SELL_CE,13558.3,13478.3,11.09,0.05,228.59,0.208,0.00303,-14.08,13.4,1
2020-12-16,SELL_PE,13582.7,13682.7,16.2,3.86,260.89,-0.213,0.00218,-10.2,13.1,2
2020-12-17,SELL_PE,13660.7,13740.7,9.88,0.05,198.21,-0.19,0.00287,-13.26,13.1,1
2020-12-21,SELL_CE,13528.4,13328.4,34.21,51.31,-475.78,0.232,0.0012,-10.28,18.3,4
2020-12-21,SELL_CE,13528.4,13328.4,34.21,51.31,-475.78,0.232,0.0012,-10.28,18.3,4
2020-12-23,SELL_PE,13501.1,13601.1,33.34,50.01,-302.19,-0.284,0.00181,-16.54,18.6,2
2020-12-24,SELL_PE,13669.25,13749.25,18.9,28.34,-184.56,-0.252,0.00256,-20.52,17.3,1
2020-12-24,SELL_PE,13669.25,13749.25,18.9,28.34,-184.56,-0.252,0.00256,-20.52,17.3,1
2021-01-20,SELL_PE,14544.7,14644.7,19.55,29.32,-189.87,-0.231,0.00211,-11.61,13.3,2
2021-01-21,SELL_PE,14510.35,14590.35,12.21,0.05,256.52,-0.209,0.0028,-15.34,13.5,1
2021-01-27,SELL_CE,14067.5,13967.5,34.67,52.0,-312.98,0.303,0.00193,-16.55,17.5,2
2021-01-27,SELL_CE,14067.5,13967.5,34.67,52.0,-312.98,0.303,0.00193,-16.55,17.5,2
2021-01-28,SELL_CE,13898.55857142857,13817.55,21.95,0.05,499.59,0.275,0.00257,-22.39,18.0,1
2021-01-28,SELL_CE,13898.55857142857,13817.55,21.95,0.05,499.59,0.275,0.00257,-22.39,18.0,1
2021-02-01,SELL_PE,14081.2,14281.2,76.25,114.37,-1002.43,-0.295,0.00086,-18.17,27.0,4
2021-02-02,SELL_PE,14464.295,14647.85,74.1,38.76,834.01,-0.302,0.00092,-22.92,28.7,3
2021-02-02,SELL_PE,14464.295,14647.85,74.1,38.76,834.01,-0.302,0.00092,-22.92,28.7,3
2021-02-03,SELL_PE,14655.098214285716,14789.95,67.49,101.24,-580.3,-0.324,0.00114,-29.22,28.8,2
2021-02-10,SELL_CE,15237.783928571429,15106.5,74.3,31.27,1026.5,0.351,0.00116,-30.42,28.5,2
2021-02-17,SELL_CE,15323.557142857142,15208.9,75.72,33.07,1017.07,0.365,0.00123,-29.77,27.2,2
2021-02-18,SELL_CE,15209.49142857143,15118.95,49.46,74.2,-433.48,0.345,0.00171,-40.69,27.3,1
2021-02-22,SELL_CE,14875.7,14675.7,95.49,143.23,-1243.49,0.337,0.00084,-20.66,28.2,4
2021-02-24,SELL_PE,14882.0,14982.0,74.36,111.55,-636.25,-0.359,0.00124,-29.11,27.2,2
2021-02-24,SELL_PE,14882.0,14982.0,74.36,111.55,-636.25,-0.359,0.00124,-29.11,27.2,2
2021-02-25,SELL_PE,15017.35,15097.35,48.38,0.1,1158.46,-0.343,0.00176,-39.43,26.5,1
2021-02-25,SELL_PE,15017.35,15097.35,48.38,0.1,1158.46,-0.343,0.00176,-39.43,26.5,1
2021-03-02,SELL_PE,14769.1,14919.1,64.28,96.42,-852.55,-0.308,0.00109,-19.74,23.9,3
2021-03-03,SELL_PE,15141.069642857143,15245.6,66.05,99.08,-568.56,-0.345,0.0013,-27.04,25.1,2
2021-03-03,SELL_PE,15141.069642857143,15245.6,66.05,99.08,-568.56,-0.345,0.0013,-27.04,25.1,2
2021-03-10,SELL_PE,15055.735714285713,15174.8,62.75,26.26,863.39,-0.329,0.00126,-26.92,25.6,2
2021-03-15,SELL_CE,15129.5,14929.5,85.59,47.9,892.71,0.327,0.00089,-19.16,26.0,4
2021-03-17,SELL_CE,14839.205357142857,14721.3,65.87,98.8,-567.07,0.35,0.00131,-27.11,26.0,2
2021-03-17,SELL_CE,14839.205357142857,14721.3,65.87,98.8,-567.07,0.35,0.00131,-27.11,26.0,2
2021-03-18,SELL_CE,14651.452857142858,14557.85,42.46,63.7,-376.48,0.327,0.00181,-36.84,26.2,1
2021-03-18,SELL_CE,14651.452857142858,14557.85,42.46,63.7,-376.48,0.327,0.00181,-36.84,26.2,1
2021-03-24,SELL_CE,14675.082142857142,14549.4,63.57,95.35,-548.32,0.34,0.00129,-26.89,26.4,2
2021-03-24,SELL_CE,14675.082142857142,14549.4,63.57,95.35,-548.32,0.34,0.00129,-26.89,26.4,2
2021-03-25,SELL_CE,14423.731428571427,14324.9,38.43,57.65,-343.63,0.312,0.00183,-34.9,25.7,1
2021-03-25,SELL_CE,14423.731428571427,14324.9,38.43,57.65,-343.63,0.312,0.00183,-34.9,25.7,1
2021-03-30,SELL_PE,14671.272500000001,14845.1,52.58,78.87,-705.95,-0.274,0.00108,-17.89,23.0,3
2021-03-30,SELL_PE,14671.272500000001,14845.1,52.58,78.87,-705.95,-0.274,0.00108,-17.89,23.0,3
2021-04-01,SELL_PE,14767.747142857143,14867.35,30.45,45.67,-278.63,-0.278,0.00191,-30.28,22.6,1
2021-04-05,SELL_CE,14841.185714285713,14637.8,57.12,85.67,-762.76,0.283,0.00103,-14.6,21.4,4
2021-04-07,SELL_PE,14695.137499999999,14819.05,42.01,63.02,-372.81,-0.286,0.00146,-20.6,21.3,2
2021-04-08,SELL_PE,14772.698571428571,14873.8,26.67,0.05,617.53,-0.263,0.00197,-27.79,21.3,1
2021-04-08,SELL_PE,14772.698571428571,14873.8,26.67,0.05,617.53,-0.263,0.00197,-27.79,21.3,1
2021-04-12,SELL_CE,14510.8,14310.8,74.98,112.47,-986.53,0.313,0.00094,-17.47,25.1,4
2021-04-12,SELL_CE,14510.8,14310.8,74.98,112.47,-986.53,0.313,0.00094,-17.47,25.1,4
2021-04-15,SELL_PE,14489.138571428572,14581.45,40.07,60.11,-357.0,-0.313,0.00179,-35.8,25.9,1
2021-04-19,SELL_CE,14559.45,14359.45,82.25,45.57,867.43,0.323,0.0009,-18.62,26.4,4
2021-04-20,SELL_PE,14141.164999999999,14296.4,68.26,35.85,761.03,-0.31,0.00104,-20.7,26.1,3
2021-04-22,SELL_CE,14499.455714285714,14406.15,40.56,0.05,964.46,0.323,0.00185,-35.64,25.7,1
2021-04-28,SELL_PE,14755.175,14864.55,61.85,92.78,-534.36,-0.335,0.00132,-26.06,25.1,2
2021-04-28,SELL_PE,14755.175,14864.55,61.85,92.78,-534.36,-0.335,0.00132,-26.06,25.1,2
2021-04-29,SELL_PE,14807.682857142856,14894.9,39.83,0.05,946.23,-0.317,0.00185,-35.13,24.7,1
2021-04-29,SELL_PE,14807.682857142856,14894.9,39.83,0.05,946.23,-0.317,0.00185,-35.13,24.7,1
2021-05-06,SELL_PE,14638.987142857142,14724.8,34.81,52.21,-314.12,-0.306,0.00198,-31.83,22.9,1
2021-05-06,SELL_PE,14638.987142857142,14724.8,34.81,52.21,-314.12,-0.306,0.00198,-31.83,22.9,1
2021-05-11,SELL_CE,15000.75,14850.75,66.37,33.93,761.79,0.329,0.00116,-19.6,23.1,3
2021-05-12,SELL_CE,14796.5,14696.5,39.52,59.28,-352.51,0.316,0.00183,-18.13,17.9,2
2021-05-18,SELL_PE,14958.1,15108.1,42.11,19.38,520.02,-0.266,0.00127,-14.82,18.8,3
2021-05-20,SELL_CE,14986.05,14906.05,24.41,36.61,-229.43,0.288,0.0025,-24.02,17.5,1
2021-05-20,SELL_CE,14986.05,14906.05,24.41,36.61,-229.43,0.288,0.0025,-24.02,17.5,1
2021-05-27,SELL_PE,15257.85,15337.85,22.45,0.05,512.09,-0.269,0.00243,-23.16,16.9,1
2021-06-03,SELL_PE,15610.35,15690.35,16.01,0.05,351.27,-0.235,0.00266,-18.46,14.1,1
2021-06-03,SELL_PE,15610.35,15690.35,16.01,0.05,351.27,-0.235,0.00266,-18.46,14.1,1
2021-06-09,SELL_CE,15735.35,15635.35,28.43,42.65,-262.21,0.283,0.00208,-14.53,14.0,2
2021-06-16,SELL_CE,15867.55,15767.55,17.42,26.13,-172.56,0.233,0.00238,-10.48,11.0,2
2021-06-17,SELL_CE,15771.4,15691.4,8.79,0.05,171.03,0.187,0.00311,-12.09,10.5,1
2021-06-17,SELL_CE,15771.4,15691.4,8.79,0.05,171.03,0.187,0.00311,-12.09,10.5,1
2021-06-23,SELL_CE,15786.95,15686.95,9.18,13.77,-105.46,0.173,0.00257,-6.83,8.6,2
2021-07-20,SELL_CE,15782.1,15632.1,11.55,10.98,-33.08,0.158,0.00172,-6.07,9.9,3
2021-07-22,SELL_PE,15744.05,15824.05,8.69,13.03,-101.42,-0.178,0.00289,-12.24,10.9,1
2021-07-22,SELL_PE,15744.05,15824.05,8.69,13.03,-101.42,-0.178,0.00289,-12.24,10.9,1
2021-07-28,SELL_CE,15809.4,15709.4,15.49,3.24,258.56,0.222,0.00244,-9.69,10.5,2
2021-07-28,SELL_CE,15809.4,15709.4,15.49,3.24,258.56,0.222,0.00244,-9.69,10.5,2
2021-08-03,SELL_PE,15980.75,16130.75,18.34,27.52,-277.01,-0.186,0.00149,-8.54,12.3,3
2021-08-03,SELL_PE,15980.75,16130.75,18.34,27.52,-277.01,-0.186,0.00149,-8.54,12.3,3
2021-08-04,SELL_PE,16158.8,16258.8,21.47,6.02,338.42,-0.24,0.00206,-12.45,12.6,2
2021-08-04,SELL_PE,16158.8,16258.8,21.47,6.02,338.42,-0.24,0.00206,-12.45,12.6,2
2021-08-05,SELL_PE,16214.6,16294.6,13.31,19.96,-139.04,-0.217,0.00275,-16.33,12.5,1
2021-08-18,SELL_PE,16468.85,16568.85,12.84,2.68,206.47,-0.191,0.00223,-8.85,9.9,2
2021-08-30,SELL_PE,16731.05,16931.05,10.29,9.77,-34.63,-0.117,0.00109,-4.76,10.1,4
2021-08-31,SELL_PE,16982.2,17132.2,14.28,21.41,-226.05,-0.164,0.00151,-7.25,10.6,3
2021-09-01,SELL_PE,16976.25,17076.25,12.96,2.72,208.25,-0.191,0.00223,-8.92,9.7,2
2021-09-15,SELL_PE,17419.45,17519.45,13.21,19.81,-138.24,-0.193,0.00222,-9.06,9.5,2
2021-09-16,SELL_PE,17549.5,17629.5,8.28,12.42,-98.1,-0.173,0.00289,-11.91,9.6,1
2021-09-16,SELL_PE,17549.5,17629.5,8.28,12.42,-98.1,-0.173,0.00289,-11.91,9.6,1
2021-09-23,SELL_PE,17742.95,17822.95,14.24,21.36,-146.64,-0.224,0.00271,-17.17,11.8,1
2021-09-23,SELL_PE,17742.95,17822.95,14.24,21.36,-146.64,-0.224,0.00271,-17.17,11.8,1
2021-09-28,SELL_CE,17898.6,17748.6,24.44,36.67,-353.45,0.228,0.00162,-10.08,11.6,3
2021-10-13,SELL_PE,18061.75,18161.75,28.91,43.36,-266.07,-0.269,0.00189,-15.31,13.0,2
2021-10-13,SELL_PE,18061.75,18161.75,28.91,43.36,-266.07,-0.269,0.00189,-15.31,13.0,2
2021-10-14,SELL_PE,18258.55,18338.55,19.62,29.43,-190.47,-0.255,0.00252,-21.32,13.3,1
2021-10-14,SELL_PE,18258.55,18338.55,19.62,29.43,-190.47,-0.255,0.00252,-21.32,13.3,1
2021-10-20,SELL_CE,18366.6,18266.6,32.18,48.27,-292.74,0.296,0.002,-15.89,12.8,2
2021-10-20,SELL_CE,18366.6,18266.6,32.18,48.27,-292.74,0.296,0.002,-15.89,12.8,2
2021-10-21,SELL_CE,18258.1,18178.1,20.36,30.54,-196.48,0.27,0.00266,-21.35,13.0,1
2021-10-21,SELL_CE,18258.1,18178.1,20.36,30.54,-196.48,0.27,0.00266,-21.35,13.0,1
2021-10-28,SELL_CE,17937.25,17857.25,24.42,36.63,-229.52,0.288,0.00251,-24.13,14.6,1
2021-10-28,SELL_CE,17937.25,17857.25,24.42,36.63,-229.52,0.288,0.00251,-24.13,14.6,1
2021-11-03,SELL_CE,17943.935714285715,17829.2,38.58,57.87,-344.86,0.3,0.00171,-18.66,15.4,2
2021-11-11,SELL_CE,17964.891428571427,17873.6,23.16,34.74,-219.28,0.269,0.00233,-24.21,15.1,1
2021-11-11,SELL_CE,17964.891428571427,17873.6,23.16,34.74,-219.28,0.269,0.00233,-24.21,15.1,1
2021-11-17,SELL_CE,17998.65,17898.65,40.4,60.6,-359.65,0.319,0.00182,-18.53,14.8,2
2021-11-18,SELL_CE,17844.8,17764.8,24.76,37.15,-232.34,0.289,0.00249,-24.36,14.7,1
2021-11-18,SELL_CE,17844.8,17764.8,24.76,37.15,-232.34,0.289,0.00249,-24.36,14.7,1
2021-11-22,SELL_CE,17616.55,17416.55,49.5,74.25,-667.35,0.271,0.0011,-13.3,16.5,4
2021-11-22,SELL_CE,17616.55,17416.55,49.5,74.25,-667.35,0.271,0.0011,-13.3,16.5,4
2021-11-29,SELL_CE,17253.95,17053.95,61.9,31.62,708.11,0.294,0.00102,-15.43,18.9,4
2021-11-30,SELL_PE,16810.755,16983.2,45.38,20.92,563.09,-0.26,0.00113,-16.29,18.6,3
2021-12-02,SELL_PE,17295.50285714286,17401.65,28.2,42.29,-260.29,-0.264,0.00187,-29.43,19.2,1
2021-12-02,SELL_PE,17295.50285714286,17401.65,28.2,42.29,-260.29,-0.264,0.00187,-29.43,19.2,1
2021-12-06,SELL_CE,17135.39,16912.25,62.94,94.4,-835.67,0.284,0.00094,-16.1,20.3,4
2021-12-08,SELL_PE,17320.42142857143,17469.75,54.79,82.19,-476.85,-0.294,0.00118,-26.17,22.7,2
2021-12-08,SELL_PE,17320.42142857143,17469.75,54.79,82.19,-476.85,-0.294,0.00118,-26.17,22.7,2
2021-12-09,SELL_PE,17396.465714285714,17516.85,35.33,53.0,-318.42,-0.274,0.0016,-35.57,22.7,1
2021-12-14,SELL_CE,17508.412500000002,17324.9,67.97,33.91,802.42,0.311,0.00103,-21.19,21.9,3
2021-12-20,SELL_CE,16814.2,16614.2,82.51,123.77,-1080.9,0.323,0.0009,-18.74,22.8,4
2021-12-20,SELL_CE,16814.2,16614.2,82.51,123.77,-1080.9,0.323,0.0009,-18.74,22.8,4
2021-12-23,SELL_PE,16977.88714285714,17072.6,44.2,0.05,1055.43,-0.319,0.00169,-38.8,23.7,1
2021-12-23,SELL_PE,16977.88714285714,17072.6,44.2,0.05,1055.43,-0.319,0.00169,-38.8,23.7,1
2021-12-28,SELL_PE,17081.0025,17233.25,63.63,32.97,717.4,-0.305,0.00108,-19.84,20.7,3
2022-01-03,SELL_PE,17425.7,17625.7,55.43,83.14,-741.61,-0.264,0.00095,-14.85,18.6,4
2022-01-04,SELL_PE,17655.25,17805.25,52.98,79.46,-710.89,-0.288,0.00117,-17.49,18.0,3
2022-01-05,SELL_PE,17819.557142857142,17925.25,44.53,66.8,-393.33,-0.307,0.00156,-20.78,17.0,2
2022-01-06,SELL_CE,17830.495714285717,17745.9,32.53,0.05,763.77,0.311,0.00216,-29.84,17.6,1
2022-01-12,SELL_PE,18112.35,18212.35,49.35,19.93,686.72,-0.322,0.00153,-22.01,17.4,2
2022-01-12,SELL_PE,18112.35,18212.35,49.35,19.93,686.72,-0.322,0.00153,-22.01,17.4,2
2022-01-18,SELL_CE,18263.05,18113.05,30.42,45.64,-428.35,0.25,0.00155,-11.67,12.5,3
2022-01-19,SELL_CE,18038.4,17938.4,33.31,49.97,-301.93,0.3,0.00197,-16.25,13.3,2
2022-01-19,SELL_CE,18038.4,17938.4,33.31,49.97,-301.93,0.3,0.00197,-16.25,13.3,2
2022-01-20,SELL_CE,17837.0,17757.0,22.83,34.24,-216.56,0.281,0.00257,-23.05,14.1,1
2022-01-20,SELL_CE,17837.0,17757.0,22.83,34.24,-216.56,0.281,0.00257,-23.05,14.1,1
2022-01-24,SELL_CE,17349.1,17149.1,60.28,90.41,-802.34,0.291,0.00103,-15.16,18.6,4
2022-01-24,SELL_CE,17349.1,17149.1,60.28,90.41,-802.34,0.291,0.00103,-15.16,18.6,4
2022-01-25,SELL_CE,17427.95,17277.95,58.94,29.06,698.15,0.317,0.00123,-18.16,18.5,3
2022-02-01,SELL_PE,17404.71,17576.85,51.61,77.42,-693.83,-0.273,0.00109,-17.79,19.2,3
2022-02-02,SELL_PE,17647.72142857143,17780.0,46.54,17.02,689.58,-0.29,0.00135,-22.68,19.3,2
2022-02-02,SELL_PE,17647.72142857143,17780.0,46.54,17.02,689.58,-0.29,0.00135,-22.68,19.3,2
2022-02-03,SELL_CE,17666.612857142856,17560.2,32.3,48.44,-293.67,0.287,0.00188,-31.76,19.7,1
2022-02-03,SELL_CE,17666.612857142856,17560.2,32.3,48.44,-293.67,0.287,0.00188,-31.76,19.7,1
2022-02-07,SELL_CE,17434.96857142857,17213.6,66.08,99.12,-875.04,0.29,0.00093,-16.61,20.4,4
2022-02-09,SELL_PE,17313.933928571427,17463.8,45.1,15.65,687.81,-0.275,0.00126,-22.95,20.5,2
2022-02-09,SELL_PE,17313.933928571427,17463.8,45.1,15.65,687.81,-0.275,0.00126,-22.95,20.5,2
2022-02-10,SELL_PE,17488.989999999998,17605.85,29.72,44.59,-272.73,-0.26,0.00172,-31.37,20.4,1
2022-02-10,SELL_PE,17488.989999999998,17605.85,29.72,44.59,-272.73,-0.26,0.00172,-31.37,20.4,1
2022-02-14,SELL_CE,17067.78,16842.8,83.53,125.29,-1093.65,0.312,0.00084,-19.55,23.9,4
2022-02-14,SELL_CE,17067.78,16842.8,83.53,125.29,-1093.65,0.312,0.00084,-19.55,23.9,4
2022-02-15,SELL_PE,17171.1775,17352.45,93.0,139.5,-1212.28,-0.325,0.00083,-26.96,27.5,3
2022-02-15,SELL_PE,17171.1775,17352.45,93.0,139.5,-1212.28,-0.325,0.00083,-26.96,27.5,3
2022-02-16,SELL_PE,17190.45535714286,17322.2,80.85,35.79,1076.85,-0.342,0.00105,-33.21,27.3,2
2022-02-22,SELL_CE,17263.945,17092.2,84.57,45.2,934.68,0.339,0.00096,-24.19,24.5,3
2022-02-23,SELL_PE,16933.969642857144,17063.25,66.02,27.56,912.45,-0.326,0.00117,-28.63,24.3,2
2022-02-24,SELL_CE,16349.17,16247.95,64.1,96.15,-552.66,0.359,0.00141,-50.56,31.2,1
2022-02-24,SELL_CE,16349.17,16247.95,64.1,96.15,-552.66,0.359,0.00141,-50.56,31.2,1
2022-03-03,SELL_PE,16383.732857142857,16498.05,60.23,0.09,1454.67,-0.331,0.00132,-50.67,31.7,1
2022-03-07,SELL_CE,16108.021428571428,15863.15,122.39,73.03,1183.39,0.342,0.00067,-26.04,32.9,4
2022-03-07,SELL_CE,16108.021428571428,15863.15,122.39,73.03,1183.39,0.342,0.00067,-26.04,32.9,4
2022-03-09,SELL_PE,16200.703571428572,16345.35,100.47,150.71,-848.84,-0.353,0.0009,-39.62,34.3,2
2022-03-09,SELL_PE,16200.703571428572,16345.35,100.47,150.71,-848.84,-0.353,0.0009,-39.62,34.3,2
2022-03-10,SELL_PE,16473.607142857145,16594.9,67.55,101.32,-580.74,-0.336,0.00121,-55.85,34.6,1
2022-03-10,SELL_PE,16473.607142857145,16594.9,67.55,101.32,-580.74,-0.336,0.00121,-55.85,34.6,1
2022-03-17,SELL_PE,17160.312857142857,17287.05,62.26,0.07,1505.82,-0.324,0.00123,-53.38,32.2,1
2022-03-17,SELL_PE,17160.312857142857,17287.05,62.26,0.07,1505.82,-0.324,0.00123,-53.38,32.2,1
2022-03-23,SELL_PE,17104.307142857146,17245.65,102.9,47.97,1323.03,-0.357,0.00089,-40.17,32.8,2
2022-03-24,SELL_CE,17337.051428571427,17222.75,70.54,0.17,1710.16,0.357,0.00127,-56.0,32.7,1
2022-03-24,SELL_CE,17337.051428571427,17222.75,70.54,0.17,1710.16,0.357,0.00127,-56.0,32.7,1
2022-03-30,SELL_PE,17372.535714285714,17498.25,65.18,27.3,898.04,-0.327,0.0012,-28.21,23.3,2
2022-03-30,SELL_PE,17372.535714285714,17498.25,65.18,27.3,898.04,-0.327,0.0012,-28.21,23.3,2
2022-04-04,SELL_PE,17853.4,18053.4,81.11,121.67,-1063.38,-0.301,0.00083,-19.23,22.2,4
2022-04-04,SELL_PE,17853.4,18053.4,81.11,121.67,-1063.38,-0.301,0.00083,-19.23,22.2,4
2022-04-06,SELL_CE,17912.753571428573,17807.65,62.53,26.07,862.44,0.356,0.00143,-25.47,19.8,2
2022-04-06,SELL_CE,17912.753571428573,17807.65,62.53,26.07,862.44,0.356,0.00143,-25.47,19.8,2
2022-04-07,SELL_CE,17722.807142857142,17639.55,39.16,58.74,-349.59,0.331,0.00201,-33.8,19.6,1
2022-04-07,SELL_CE,17722.807142857142,17639.55,39.16,58.74,-349.59,0.331,0.00201,-33.8,19.6,1
2022-04-12,SELL_CE,17680.3,17530.3,65.39,33.23,755.01,0.328,0.00117,-19.51,19.3,3
2022-04-18,SELL_CE,17373.65,17173.65,61.87,31.6,707.95,0.294,0.00102,-15.43,18.8,4
2022-04-19,SELL_CE,17108.65,16958.65,53.91,80.87,-722.63,0.308,0.00128,-17.07,17.9,3
2022-04-19,SELL_CE,17108.65,16958.65,53.91,80.87,-722.63,0.308,0.00128,-17.07,17.9,3
2022-04-21,SELL_PE,17310.27714285714,17392.6,32.73,49.1,-297.23,-0.304,0.00208,-30.35,18.5,1
2022-04-21,SELL_PE,17310.27714285714,17392.6,32.73,49.1,-297.23,-0.304,0.00208,-30.35,18.5,1
2022-04-25,SELL_CE,17153.95,16953.95,66.76,34.87,748.03,0.302,0.00099,-16.24,19.8,4
2022-04-26,SELL_PE,17050.8,17200.8,64.15,33.39,720.07,-0.307,0.00109,-19.87,20.7,3
2022-04-27,SELL_CE,17138.4,17038.4,65.6,28.13,887.76,0.365,0.00142,-25.99,21.0,2
2022-04-28,SELL_PE,17165.05,17245.05,42.65,63.97,-377.96,-0.332,0.00187,-36.21,21.5,1
2022-04-28,SELL_PE,17165.05,17245.05,42.65,63.97,-377.96,-0.332,0.00187,-36.21,21.5,1
2022-05-04,SELL_CE,16781.510714285712,16677.6,68.06,102.09,-584.92,0.365,0.00136,-26.93,22.3,2
2022-05-04,SELL_CE,16781.510714285712,16677.6,68.06,102.09,-584.92,0.365,0.00136,-26.93,22.3,2
2022-05-11,SELL_CE,16281.966071428571,16167.1,49.12,73.67,-430.64,0.324,0.00153,-21.96,19.6,2
2022-05-11,SELL_CE,16281.966071428571,16167.1,49.12,73.67,-430.64,0.324,0.00153,-21.96,19.6,2
2022-05-12,SELL_CE,15903.27,15808.0,32.45,48.68,-294.96,0.299,0.00201,-30.77,20.9,1
2022-05-12,SELL_CE,15903.27,15808.0,32.45,48.68,-294.96,0.299,0.00201,-30.77,20.9,1
2022-05-17,SELL_PE,16074.759999999998,16259.3,64.02,96.03,-849.26,-0.287,0.00097,-20.88,23.9,3
2022-05-17,SELL_PE,16074.759999999998,16259.3,64.02,96.03,-849.26,-0.287,0.00097,-20.88,23.9,3
2022-05-18,SELL_PE,16100.483928571428,16240.3,54.36,20.73,791.94,-0.3,0.00123,-25.48,23.6,2
2022-05-19,SELL_CE,15922.291428571429,15809.4,38.99,58.49,-348.22,0.3,0.00168,-36.71,24.9,1
2022-05-19,SELL_CE,15922.291428571429,15809.4,38.99,58.49,-348.22,0.3,0.00168,-36.71,24.9,1
2022-05-25,SELL_CE,16154.133928571428,16025.8,70.32,105.48,-603.33,0.348,0.00121,-29.11,25.7,2
2022-05-26,SELL_CE,16270.604285714286,16170.15,47.8,0.05,1145.27,0.332,0.00165,-40.91,26.0,1
2022-05-26,SELL_CE,16270.604285714286,16170.15,47.8,0.05,1145.27,0.332,0.00165,-40.91,26.0,1
2022-05-30,SELL_PE,16457.948571428573,16661.4,99.84,59.04,969.94,-0.319,0.00075,-22.16,27.2,4
2022-06-01,SELL_CE,16643.65,16522.75,76.33,114.49,-652.25,0.361,0.00119,-30.4,25.6,2
2022-06-13,SELL_CE,15974.4,15774.4,98.78,57.24,988.65,0.341,0.00083,-21.2,26.8,4
2022-06-13,SELL_CE,15974.4,15774.4,98.78,57.24,988.65,0.341,0.00083,-21.2,26.8,4
2022-06-16,SELL_PE,15280.6,15360.6,40.56,0.05,964.5,-0.327,0.00192,-34.81,23.4,1
2022-06-16,SELL_CE,15440.6,15360.6,42.75,64.13,-378.84,0.343,0.00196,-35.47,23.4,1
2022-06-16,SELL_CE,15440.6,15360.6,42.75,64.13,-378.84,0.343,0.00196,-35.47,23.4,1
2022-06-21,SELL_PE,15488.295,15638.8,57.83,86.74,-771.69,-0.297,0.00114,-18.42,21.5,3
2022-06-21,SELL_PE,15488.295,15638.8,57.83,86.74,-771.69,-0.297,0.00114,-18.42,21.5,3
2022-06-23,SELL_PE,15469.128571428571,15556.65,35.34,53.01,-318.45,-0.305,0.00195,-32.4,22.1,1
2022-07-05,SELL_PE,15660.795,15810.85,53.08,26.21,623.19,-0.289,0.00118,-17.38,20.3,3
2022-07-07,SELL_PE,16052.355714285713,16132.9,36.78,55.17,-330.17,-0.317,0.002,-32.62,21.1,1
2022-07-07,SELL_PE,16052.355714285713,16132.9,36.78,55.17,-330.17,-0.317,0.002,-32.62,21.1,1
2022-07-13,SELL_CE,16066.65,15966.65,42.65,63.97,-377.96,0.324,0.00177,-19.16,17.2,2
2022-07-14,SELL_CE,16018.65,15938.65,18.9,28.35,-184.59,0.262,0.00272,-20.23,14.4,1
2022-07-18,SELL_PE,16078.5,16278.5,28.96,11.97,376.68,-0.201,0.0011,-9.57,15.0,4
2022-07-20,SELL_PE,16420.85,16520.85,19.41,5.16,308.47,-0.23,0.0021,-11.65,11.8,2
2022-07-20,SELL_PE,16420.85,16520.85,19.41,5.16,308.47,-0.23,0.0021,-11.65,11.8,2
2022-07-28,SELL_PE,16849.6,16929.6,18.3,27.46,-179.74,-0.249,0.00257,-20.27,13.9,1
2022-07-28,SELL_PE,16849.6,16929.6,18.3,27.46,-179.74,-0.249,0.00257,-20.27,13.9,1
2022-08-04,SELL_PE,17302.0,17382.0,19.83,29.74,-192.16,-0.257,0.00252,-21.42,14.1,1
2022-08-04,SELL_CE,17462.0,17382.0,21.67,32.51,-207.15,0.276,0.00261,-22.24,14.1,1
2022-08-11,SELL_PE,17579.0,17659.0,14.99,0.05,325.97,-0.229,0.00269,-17.76,12.2,1
2022-08-11,SELL_PE,17579.0,17659.0,14.99,0.05,325.97,-0.229,0.00269,-17.76,12.2,1
2022-08-17,SELL_PE,17844.25,17944.25,20.98,31.47,-201.52,-0.237,0.00206,-12.35,11.3,2
2022-08-22,SELL_CE,17690.7,17490.7,40.13,38.12,1.83,0.249,0.00117,-11.57,14.9,4
2022-08-23,SELL_CE,17727.5,17577.5,40.33,17.53,521.64,0.279,0.00142,-14.06,14.8,3
2022-08-25,SELL_PE,17442.45,17522.45,19.69,0.05,443.18,-0.256,0.00252,-21.32,13.9,1
2022-08-25,SELL_PE,17442.45,17522.45,19.69,0.05,443.18,-0.256,0.00252,-21.32,13.9,1
2022-08-29,SELL_CE,17512.9,17312.9,33.15,13.64,439.77,0.23,0.00121,-10.18,13.8,4
2022-08-30,SELL_PE,17609.3,17759.3,43.43,65.14,-591.24,-0.269,0.00126,-15.3,16.3,3
2022-08-30,SELL_PE,17609.3,17759.3,43.43,65.14,-591.24,-0.269,0.00126,-15.3,16.3,3
2022-09-07,SELL_CE,17726.825,17624.4,49.02,18.79,707.25,0.335,0.00164,-21.31,17.0,2
2022-09-08,SELL_PE,17715.842857142856,17798.75,29.91,44.87,-274.28,-0.294,0.00214,-28.62,17.2,1
2022-09-08,SELL_PE,17715.842857142856,17798.75,29.91,44.87,-274.28,-0.294,0.00214,-28.62,17.2,1
2022-09-14,SELL_CE,18103.75,18003.75,52.79,20.93,747.58,0.345,0.0016,-22.31,17.3,2
2022-09-14,SELL_CE,18103.75,18003.75,52.79,20.93,747.58,0.345,0.0016,-22.31,17.3,2
2022-09-20,SELL_PE,17666.25,17816.25,53.48,26.51,625.69,-0.289,0.00117,-17.6,18.1,3
2022-09-20,SELL_PE,17666.25,17816.25,53.48,26.51,625.69,-0.289,0.00117,-17.6,18.1,3
2022-09-21,SELL_CE,17818.35,17718.35,55.93,83.89,-486.11,0.35,0.00155,-23.22,18.2,2
2022-09-22,SELL_CE,17709.8,17629.8,36.05,54.08,-324.27,0.327,0.00213,-31.54,18.3,1
2022-09-22,SELL_CE,17709.8,17629.8,36.05,54.08,-324.27,0.327,0.00213,-31.54,18.3,1
2022-09-26,SELL_CE,17216.3,17016.3,73.29,69.63,42.36,0.311,0.00095,-17.3,20.8,4
2022-09-28,SELL_CE,16961.39464285714,16858.6,44.32,66.47,-391.55,0.325,0.00172,-19.86,16.8,2
2022-10-04,SELL_PE,17093.725,17274.3,55.68,27.08,666.23,-0.275,0.00103,-18.95,20.8,3
2022-10-06,SELL_PE,17232.911428571428,17331.8,34.92,0.05,823.52,-0.292,0.00182,-33.36,20.8,1
2022-10-06,SELL_PE,17232.911428571428,17331.8,34.92,0.05,823.52,-0.292,0.00182,-33.36,20.8,1
2022-10-18,SELL_PE,17333.737500000003,17486.95,64.58,33.57,726.2,-0.306,0.00107,-20.09,20.6,3
2022-10-19,SELL_PE,17407.825,17512.25,57.52,24.2,784.18,-0.332,0.00139,-24.69,20.1,2
2022-10-20,SELL_CE,17645.134285714284,17563.95,41.13,0.05,978.73,0.338,0.00198,-34.74,20.0,1
2022-11-01,SELL_PE,17995.4,18145.4,43.29,20.15,530.02,-0.268,0.00126,-15.29,16.0,3
2022-11-03,SELL_CE,18132.7,18052.7,18.3,0.05,408.61,0.259,0.00275,-19.87,12.5,1
2022-11-10,SELL_CE,18108.2,18028.2,12.76,0.05,270.09,0.222,0.00298,-15.6,10.6,1
2022-11-10,SELL_CE,18108.2,18028.2,12.76,0.05,270.09,0.222,0.00298,-15.6,10.6,1
2022-11-24,SELL_PE,18404.1,18484.1,15.96,23.94,-160.67,-0.235,0.00265,-18.57,12.0,1
2022-11-24,SELL_PE,18404.1,18484.1,15.96,23.94,-160.67,-0.235,0.00265,-18.57,12.0,1
2022-11-30,SELL_PE,18658.35,18758.35,22.14,33.22,-211.0,-0.242,0.00203,-12.85,11.1,2
2022-12-01,SELL_PE,18732.5,18812.5,13.31,0.05,283.91,-0.217,0.00274,-16.46,10.9,1
2022-12-14,SELL_PE,18560.3,18660.3,13.84,3.05,222.2,-0.197,0.0022,-9.39,9.1,2
2022-12-15,SELL_CE,18494.9,18414.9,13.55,20.32,-141.02,0.228,0.00295,-16.25,10.6,1
2022-12-15,SELL_CE,18494.9,18414.9,13.55,20.32,-141.02,0.228,0.00295,-16.25,10.6,1
2022-12-22,SELL_CE,18207.35,18127.35,13.16,19.74,-137.82,0.225,0.00297,-15.93,10.7,1
2022-12-29,SELL_PE,18108.452857142856,18191.0,19.29,28.94,-187.8,-0.251,0.00248,-21.26,13.5,1
2022-12-29,SELL_CE,18273.547142857144,18191.0,21.17,0.05,480.21,0.27,0.00257,-22.12,13.5,1
2023-01-04,SELL_CE,18147.275,18042.95,36.72,55.07,-329.67,0.305,0.00185,-17.57,14.2,2
2023-01-05,SELL_CE,18074.387142857144,17992.15,22.65,33.97,-215.11,0.277,0.00253,-23.12,14.1,1
2023-01-05,SELL_CE,18074.387142857144,17992.15,22.65,33.97,-215.11,0.277,0.00253,-23.12,14.1,1
2023-01-12,SELL_CE,17939.65142857143,17858.2,24.51,36.76,-230.24,0.286,0.00247,-24.32,14.7,1
2023-01-18,SELL_PE,18065.35,18165.35,35.75,53.63,-321.84,-0.29,0.00175,-17.66,14.5,2
2023-01-25,SELL_CE,17991.95,17891.95,29.82,44.72,-273.48,0.288,0.00206,-15.08,12.5,2
2023-01-25,SELL_CE,17991.95,17891.95,29.82,44.72,-273.48,0.288,0.00206,-15.08,12.5,2
2023-02-01,SELL_PE,17516.3,17616.3,29.78,44.67,-273.21,-0.272,0.00187,-15.58,13.6,2
2023-02-01,SELL_PE,17516.3,17616.3,29.78,44.67,-273.21,-0.272,0.00187,-15.58,13.6,2
2023-02-01,SELL_CE,17716.3,17616.3,33.72,50.58,-305.27,0.301,0.00196,-16.37,13.6,2
2023-02-01,SELL_CE,17716.3,17616.3,33.72,50.58,-305.27,0.301,0.00196,-16.37,13.6,2
2023-02-08,SELL_PE,17759.630357142858,17871.7,24.33,36.5,-228.81,-0.241,0.00183,-14.04,12.9,2
2023-02-15,SELL_PE,17900.59107142857,18015.85,24.14,36.21,-227.24,-0.238,0.0018,-14.07,12.9,2
2023-02-16,SELL_PE,17945.761428571426,18035.85,14.71,0.05,318.92,-0.216,0.00245,-18.15,12.6,1
2023-02-16,SELL_PE,17945.761428571426,18035.85,14.71,0.05,318.92,-0.216,0.00245,-18.15,12.6,1
2023-02-22,SELL_CE,17654.3,17554.3,34.9,52.34,-314.85,0.304,0.00194,-16.76,13.9,2
2023-02-22,SELL_CE,17654.3,17554.3,34.9,52.34,-314.85,0.304,0.00194,-16.76,13.9,2
2023-02-23,SELL_CE,17591.25,17511.25,19.04,28.55,-185.7,0.263,0.00272,-20.38,13.1,1
2023-03-13,SELL_CE,17354.3,17154.3,37.43,56.14,-516.08,0.242,0.00118,-11.03,14.7,4
2023-03-14,SELL_CE,17193.3,17043.3,37.71,56.57,-519.68,0.272,0.00145,-13.42,14.8,3
2023-03-16,SELL_CE,17065.6,16985.6,19.64,0.05,441.92,0.266,0.00269,-20.79,13.7,1
2023-03-22,SELL_PE,17051.9,17151.9,33.54,11.65,499.34,-0.284,0.0018,-16.85,14.8,2
2023-03-23,SELL_CE,17156.9,17076.9,19.89,29.84,-192.65,0.267,0.00268,-20.98,13.7,1
2023-04-05,SELL_PE,17457.05,17557.05,32.56,48.83,-295.8,-0.281,0.00182,-16.54,14.3,2
2023-04-05,SELL_PE,17457.05,17557.05,32.56,48.83,-295.8,-0.281,0.00182,-16.54,14.3,2
2023-04-06,SELL_PE,17519.15,17599.15,20.22,30.34,-195.37,-0.258,0.0025,-21.72,14.0,1
2023-04-12,SELL_PE,17712.4,17812.4,27.79,8.88,424.84,-0.265,0.00191,-14.89,13.0,2
2023-04-27,SELL_PE,17835.05,17915.05,7.43,11.14,-91.15,-0.164,0.00289,-11.08,9.1,1
2023-04-27,SELL_PE,17835.05,17915.05,7.43,11.14,-91.15,-0.164,0.00289,-11.08,9.1,1
2023-05-04,SELL_PE,18175.8,18255.8,5.32,7.99,-74.03,-0.137,0.00287,-8.83,8.0,1
2023-05-04,SELL_PE,18175.8,18255.8,5.32,7.99,-74.03,-0.137,0.00287,-8.83,8.0,1
2023-05-11,SELL_PE,18217.0,18297.0,9.29,0.05,183.61,-0.183,0.00286,-12.91,9.7,1
2023-05-17,SELL_CE,18281.75,18181.75,18.96,28.45,-185.11,0.242,0.00235,-11.16,9.9,2
2023-05-17,SELL_CE,18281.75,18181.75,18.96,28.45,-185.11,0.242,0.00235,-11.16,9.9,2
2023-05-25,SELL_CE,18401.15,18321.15,11.8,0.05,246.3,0.215,0.00302,-14.81,10.1,1
2023-05-31,SELL_CE,18634.4,18534.4,21.91,5.67,358.32,0.257,0.00227,-12.3,10.4,2
2023-06-07,SELL_PE,18626.4,18726.4,10.17,1.84,160.84,-0.169,0.00225,-7.65,8.1,2
2023-06-28,SELL_PE,18893.0,18993.0,11.96,17.94,-128.08,-0.184,0.00223,-8.53,8.5,2
2023-06-28,SELL_PE,18893.0,18993.0,11.96,17.94,-128.08,-0.184,0.00223,-8.53,8.5,2
2023-07-06,SELL_PE,19406.25,19486.25,9.28,13.92,-106.24,-0.183,0.00286,-12.94,9.1,1
2023-07-13,SELL_PE,19363.2,19443.2,10.27,0.05,207.93,-0.192,0.00283,-13.85,9.5,1
2023-07-20,SELL_PE,19889.95,19969.95,10.06,15.09,-112.6,-0.19,0.00284,-13.69,9.2,1
2023-07-20,SELL_PE,19889.95,19969.95,10.06,15.09,-112.6,-0.19,0.00284,-13.69,9.2,1
2023-07-26,SELL_PE,19673.1,19773.1,19.6,5.28,310.17,-0.23,0.00208,-11.9,10.0,2
2023-07-27,SELL_CE,19780.2,19700.2,13.26,19.89,-138.67,0.227,0.00297,-16.06,9.8,1
2023-07-27,SELL_CE,19780.2,19700.2,13.26,19.89,-138.67,0.227,0.00297,-16.06,9.8,1
2023-08-02,SELL_CE,19614.8,19514.8,24.53,36.79,-230.42,0.269,0.0022,-13.29,10.4,2
2023-08-02,SELL_CE,19614.8,19514.8,24.53,36.79,-230.42,0.269,0.0022,-13.29,10.4,2
2023-08-03,SELL_CE,19474.45,19394.45,15.08,22.63,-153.52,0.239,0.00289,-17.49,10.6,1
2023-08-03,SELL_CE,19474.45,19394.45,15.08,22.63,-153.52,0.239,0.00289,-17.49,10.6,1
2023-08-24,SELL_PE,19300.4,19380.4,7.46,0.05,137.8,-0.164,0.00289,-11.16,8.4,1
2023-08-24,SELL_PE,19300.4,19380.4,7.46,0.05,137.8,-0.164,0.00289,-11.16,8.4,1
2023-08-30,SELL_PE,19242.0,19342.0,13.02,2.77,208.69,-0.191,0.00221,-9.05,8.6,2
2023-08-31,SELL_CE,19359.55,19279.55,7.46,11.18,-91.4,0.173,0.00316,-10.9,8.0,1
2023-08-31,SELL_CE,19359.55,19279.55,7.46,11.18,-91.4,0.173,0.00316,-10.9,8.0,1
2023-09-07,SELL_PE,19647.05,19727.05,6.7,10.05,-85.24,-0.155,0.00289,-10.39,8.0,1
2023-09-07,SELL_PE,19647.05,19727.05,6.7,10.05,-85.24,-0.155,0.00289,-10.39,8.0,1
2023-09-14,SELL_PE,20023.1,20103.1,7.07,0.05,128.07,-0.159,0.00288,-10.79,8.0,1
2023-09-20,SELL_CE,20001.4,19901.4,19.48,29.21,-189.28,0.246,0.00235,-11.42,9.1,2
2023-09-20,SELL_CE,20001.4,19901.4,19.48,29.21,-189.28,0.246,0.00235,-11.42,9.1,2
2023-09-21,SELL_CE,19822.35,19742.35,13.33,19.99,-139.2,0.227,0.00297,-16.11,9.8,1
2023-09-21,SELL_CE,19822.35,19742.35,13.33,19.99,-139.2,0.227,0.00297,-16.11,9.8,1
2023-09-27,SELL_CE,19816.45,19716.45,19.82,4.8,327.59,0.247,0.00234,-11.54,9.3,2
2023-09-28,SELL_CE,19603.55,19523.55,14.25,21.38,-146.74,0.234,0.00293,-16.84,10.2,1
2023-10-04,SELL_CE,19536.1,19436.1,23.46,6.3,381.11,0.264,0.00223,-12.9,10.2,2
2023-10-04,SELL_CE,19536.1,19436.1,23.46,6.3,381.11,0.264,0.00223,-12.9,10.2,2
2023-10-05,SELL_PE,19465.75,19545.75,13.13,0.05,279.33,-0.215,0.00275,-16.34,10.4,1
2023-10-05,SELL_PE,19465.75,19545.75,13.13,0.05,279.33,-0.215,0.00275,-16.34,10.4,1
2023-10-10,SELL_PE,19539.85,19689.85,23.9,22.71,-17.99,-0.21,0.00143,-10.37,11.2,3
2023-10-11,SELL_PE,19711.35,19811.35,23.91,7.14,371.53,-0.25,0.00199,-13.58,10.9,2
2023-10-18,SELL_CE,19771.1,19671.1,27.73,41.6,-256.52,0.282,0.00212,-14.43,10.9,2
2023-10-19,SELL_CE,19704.7,19624.7,13.69,0.05,293.34,0.23,0.00295,-16.4,10.0,1
2023-10-19,SELL_CE,19704.7,19624.7,13.69,0.05,293.34,0.23,0.00295,-16.4,10.0,1
2023-10-23,SELL_CE,19481.75,19281.75,24.9,37.35,-359.19,0.202,0.00128,-8.48,10.9,4
2023-10-25,SELL_CE,19222.15,19122.15,28.02,42.02,-258.82,0.282,0.00211,-14.51,11.3,2
2023-10-25,SELL_CE,19222.15,19122.15,28.02,42.02,-258.82,0.282,0.00211,-14.51,11.3,2
2023-10-26,SELL_CE,18937.25,18857.25,19.9,29.86,-192.76,0.267,0.00269,-21.05,12.4,1
2023-10-26,SELL_CE,18937.25,18857.25,19.9,29.86,-192.76,0.267,0.00269,-21.05,12.4,1
2023-11-01,SELL_CE,19089.15,18989.15,34.11,51.17,-308.48,0.302,0.00196,-16.55,12.7,2
2023-11-02,SELL_PE,19053.25,19133.25,20.74,0.05,469.56,-0.261,0.00248,-22.18,13.1,1
2023-11-15,SELL_PE,19575.45,19675.45,36.16,34.35,-1.96,-0.291,0.00174,-17.9,13.5,2
2023-11-15,SELL_PE,19575.45,19675.45,36.16,34.35,-1.96,-0.291,0.00174,-17.9,13.5,2
2023-11-16,SELL_PE,19685.2,19765.2,22.94,34.41,-217.48,-0.271,0.0024,-23.78,13.3,1
2023-11-16,SELL_PE,19685.2,19765.2,22.94,34.41,-217.48,-0.271,0.0024,-23.78,13.3,1
2023-11-29,SELL_PE,19996.6,20096.6,14.89,22.34,-151.97,-0.204,0.00218,-9.93,8.7,2
2023-11-29,SELL_PE,19996.6,20096.6,14.89,22.34,-151.97,-0.204,0.00218,-9.93,8.7,2
2023-11-30,SELL_PE,20053.15,20133.15,7.53,11.29,-91.99,-0.165,0.00288,-11.26,8.2,1
2023-12-04,SELL_PE,20486.8,20686.8,22.43,31.63,-277.94,-0.177,0.00111,-8.24,10.8,4
2023-12-04,SELL_PE,20486.8,20686.8,22.43,31.63,-277.94,-0.177,0.00111,-8.24,10.8,4
2023-12-05,SELL_PE,20705.1,20855.1,24.23,23.01,-17.6,-0.211,0.00143,-10.51,10.7,3
2023-12-06,SELL_PE,20837.7,20937.7,25.06,7.67,386.77,-0.254,0.00196,-14.07,10.6,2
2023-12-13,SELL_CE,21026.35,20926.35,29.19,8.82,461.27,0.287,0.00209,-14.97,10.5,2
2023-12-14,SELL_PE,21102.7,21182.7,16.31,24.47,-163.5,-0.236,0.00263,-18.99,10.6,1
2023-12-14,SELL_PE,21102.7,21182.7,16.31,24.47,-163.5,-0.236,0.00263,-18.99,10.6,1
2023-12-20,SELL_PE,21050.15,21150.15,40.14,15.08,578.19,-0.301,0.00167,-19.31,13.3,2
2023-12-20,SELL_CE,21250.15,21150.15,45.25,67.88,-399.19,0.331,0.00174,-20.16,13.3,2
2023-12-20,SELL_CE,21250.15,21150.15,45.25,67.88,-399.19,0.331,0.00174,-20.16,13.3,2
2023-12-21,SELL_CE,21335.05,21255.05,28.76,0.05,669.86,0.305,0.00236,-27.11,13.3,1
2023-12-21,SELL_CE,21335.05,21255.05,28.76,0.05,669.86,0.305,0.00236,-27.11,13.3,1
2023-12-27,SELL_PE,21554.75,21654.75,41.72,62.58,-370.41,-0.305,0.00164,-19.86,13.3,2
2023-12-27,SELL_PE,21554.75,21654.75,41.72,62.58,-370.41,-0.305,0.00164,-19.86,13.3,2
2023-12-28,SELL_PE,21698.7,21778.7,26.59,39.89,-247.23,-0.285,0.00228,-26.42,13.1,1
2023-12-28,SELL_PE,21698.7,21778.7,26.59,39.89,-247.23,-0.285,0.00228,-26.42,13.1,1
2024-01-02,SELL_CE,21815.8,21665.8,36.94,15.46,488.78,0.271,0.00148,-13.4,11.4,3
2024-01-11,SELL_PE,21567.2,21647.2,23.55,0.05,539.67,-0.273,0.00238,-24.33,12.4,1
2024-01-17,SELL_CE,21671.95,21571.95,56.35,84.53,-489.56,0.352,0.00155,-23.5,15.0,2
2024-01-17,SELL_CE,21671.95,21571.95,56.35,84.53,-489.56,0.352,0.00155,-23.5,15.0,2
2024-01-18,SELL_CE,21542.25,21462.25,31.28,0.05,732.73,0.314,0.00228,-28.72,13.8,1
2024-01-18,SELL_CE,21542.25,21462.25,31.28,0.05,732.73,0.314,0.00228,-28.72,13.8,1
2024-01-23,SELL_CE,21388.8,21238.8,61.42,92.13,-816.64,0.322,0.00122,-18.83,15.3,3
2024-01-23,SELL_CE,21388.8,21238.8,61.42,92.13,-816.64,0.322,0.00122,-18.83,15.3,3
2024-01-29,SELL_PE,21537.6,21737.6,69.36,104.04,-916.15,-0.285,0.00088,-17.54,17.0,4
2024-02-01,SELL_PE,21596.497142857144,21697.45,38.07,0.05,902.17,-0.298,0.00173,-35.92,17.6,1
2024-02-07,SELL_PE,21793.792857142857,21930.5,55.12,21.38,794.72,-0.303,0.00123,-25.99,17.5,2
2024-02-08,SELL_CE,21824.23285714286,21717.95,40.55,60.83,-360.9,0.31,0.00173,-37.27,18.0,1
2024-02-08,SELL_CE,21824.23285714286,21717.95,40.55,60.83,-360.9,0.31,0.00173,-37.27,18.0,1
2024-02-14,SELL_PE,21710.22857142857,21840.05,56.64,84.96,-491.89,-0.31,0.00125,-26.12,17.5,2
2024-02-15,SELL_PE,21807.02142857143,21910.75,27.95,41.92,-258.28,-0.265,0.0019,-29.34,15.1,1
2024-02-22,SELL_CE,22307.52142857143,22217.45,27.06,0.05,627.33,0.287,0.00224,-26.95,13.0,1
2024-02-22,SELL_CE,22307.52142857143,22217.45,27.06,0.05,627.33,0.287,0.00224,-26.95,13.0,1
2024-02-28,SELL_CE,22055.976785714287,21951.15,31.41,47.12,-286.46,0.29,0.00197,-15.98,10.7,2
2024-02-28,SELL_CE,22055.976785714287,21951.15,31.41,47.12,-286.46,0.29,0.00197,-15.98,10.7,2
2024-02-29,SELL_CE,22065.734285714287,21982.8,19.3,0.05,433.57,0.261,0.00265,-20.94,10.7,1
2024-03-06,SELL_PE,22374.05,22474.05,30.78,46.17,-281.31,-0.274,0.00183,-16.24,10.9,2
2024-03-13,SELL_CE,22097.7,21997.7,43.8,65.7,-387.33,0.328,0.00177,-19.75,12.6,2
2024-03-13,SELL_CE,22097.7,21997.7,43.8,65.7,-387.33,0.328,0.00177,-19.75,12.6,2
2024-03-19,SELL_CE,21972.9775,21817.45,48.85,73.27,-659.19,0.295,0.00131,-16.31,13.3,3
2024-03-20,SELL_CE,21945.61607142857,21839.1,44.49,16.13,660.63,0.323,0.00169,-20.3,13.1,2
2024-03-21,SELL_PE,21926.14285714286,22011.95,25.93,0.05,599.05,-0.276,0.0022,-26.48,13.2,1
2024-03-21,SELL_PE,21926.14285714286,22011.95,25.93,0.05,599.05,-0.276,0.0022,-26.48,13.2,1
2024-03-27,SELL_PE,22012.032142857144,22123.65,40.43,14.78,592.93,-0.291,0.00156,-20.01,13.4,2
2024-03-28,SELL_PE,22237.805714285714,22326.9,25.24,37.85,-236.18,-0.269,0.00216,-26.28,13.1,1
2024-03-28,SELL_PE,22237.805714285714,22326.9,25.24,37.85,-236.18,-0.269,0.00216,-26.28,13.1,1
2024-04-04,SELL_PE,22426.86285714286,22514.65,20.51,30.77,-197.72,-0.25,0.00232,-22.78,11.6,1
2024-04-15,SELL_CE,22472.5,22272.5,39.14,37.18,0.62,0.248,0.00119,-11.53,11.4,4
2024-04-16,SELL_CE,22297.9,22147.9,38.6,16.41,506.38,0.275,0.00146,-13.81,11.4,3
2024-04-18,SELL_PE,21915.85,21995.85,21.12,0.05,478.92,-0.262,0.00246,-22.63,11.5,1
2024-04-18,SELL_PE,21915.85,21995.85,21.12,0.05,478.92,-0.262,0.00246,-22.63,11.5,1
2024-04-18,SELL_CE,22075.85,21995.85,23.42,35.13,-221.39,0.284,0.00256,-23.6,11.5,1
2024-04-18,SELL_CE,22075.85,21995.85,23.42,35.13,-221.39,0.284,0.00256,-23.6,11.5,1
2024-04-25,SELL_PE,22490.35,22570.35,21.01,31.51,-201.75,-0.261,0.00246,-22.58,11.2,1
2024-04-25,SELL_PE,22490.35,22570.35,21.01,31.51,-201.75,-0.261,0.00246,-22.58,11.2,1
2024-04-25,SELL_CE,22650.35,22570.35,23.36,0.05,534.8,0.284,0.00256,-23.58,11.2,1
2024-04-30,SELL_PE,22454.85,22604.85,33.75,14.56,431.6,-0.242,0.00133,-13.19,11.4,3
2024-05-07,SELL_CE,22462.0,22302.5,39.77,59.66,-545.47,0.272,0.00138,-14.34,11.9,3
2024-05-09,SELL_CE,22052.87857142857,21957.5,24.58,36.86,-230.81,0.271,0.00223,-25.67,12.9,1
2024-05-09,SELL_CE,22052.87857142857,21957.5,24.58,36.86,-230.81,0.271,0.00223,-25.67,12.9,1
2024-05-14,SELL_PE,22054.8,22217.85,37.04,16.24,471.88,-0.244,0.00123,-14.3,12.7,3
2024-05-16,SELL_PE,22306.562857142857,22403.85,20.05,30.07,-193.93,-0.238,0.00216,-23.07,12.2,1
2024-05-16,SELL_PE,22306.562857142857,22403.85,20.05,30.07,-193.93,-0.238,0.00216,-23.07,12.2,1
2024-05-16,SELL_CE,22501.13714285714,22403.85,22.22,0.05,506.52,0.259,0.00226,-24.15,12.2,1
2024-05-23,SELL_PE,22876.355714285717,22967.65,25.1,37.65,-235.05,-0.266,0.00213,-26.4,12.8,1
2024-05-23,SELL_PE,22876.355714285717,22967.65,25.1,37.65,-235.05,-0.266,0.00213,-26.4,12.8,1
2024-05-29,SELL_CE,22813.023214285713,22704.7,40.85,61.27,-363.33,0.313,0.00174,-19.27,12.1,2
2024-05-29,SELL_CE,22813.023214285713,22704.7,40.85,61.27,-363.33,0.313,0.00174,-19.27,12.1,2
2024-05-30,SELL_CE,22568.65,22488.65,29.32,43.98,-269.47,0.307,0.00235,-27.52,12.7,1
2024-05-30,SELL_CE,22568.65,22488.65,29.32,43.98,-269.47,0.307,0.00235,-27.52,12.7,1
2024-06-03,SELL_PE,23063.9,23263.9,86.02,129.03,-1124.86,-0.306,0.0008,-20.39,17.9,4
2024-06-03,SELL_PE,23063.9,23263.9,86.02,129.03,-1124.86,-0.306,0.0008,-20.39,17.9,4
2024-06-04,SELL_CE,22034.5,21884.5,185.19,277.78,-2367.25,0.418,0.00063,-41.95,31.3,3
2024-06-04,SELL_CE,22034.5,21884.5,185.19,277.78,-2367.25,0.418,0.00063,-41.95,31.3,3
2024-06-06,SELL_PE,22674.995714285717,22821.4,95.61,143.41,-809.23,-0.35,0.00092,-75.83,33.6,1
2024-06-06,SELL_PE,22674.995714285717,22821.4,95.61,143.41,-809.23,-0.35,0.00092,-75.83,33.6,1
2024-06-19,SELL_PE,23325.098214285714,23516.0,151.28,72.88,1908.58,-0.364,0.00063,-57.75,34.4,2
2024-06-19,SELL_CE,23706.901785714286,23516.0,159.4,76.44,2022.32,0.386,0.00064,-58.8,34.4,2
2024-06-25,SELL_PE,23453.255,23721.3,170.68,101.39,1680.25,-0.344,0.0005,-46.27,34.0,3
2024-06-26,SELL_PE,23738.26607142857,23868.8,175.64,263.46,-1460.95,-0.403,0.00065,-59.83,34.0,2
2024-06-27,SELL_PE,23958.90142857143,24044.5,127.94,191.92,-1072.56,-0.413,0.00092,-84.45,33.7,1
2024-06-27,SELL_PE,23958.90142857143,24044.5,127.94,191.92,-1072.56,-0.413,0.00092,-84.45,33.7,1
2024-07-03,SELL_PE,24186.5,24286.5,63.6,28.05,839.65,-0.344,0.00134,-26.8,15.3,2
2024-07-04,SELL_PE,24222.15,24302.15,17.66,0.05,392.48,-0.244,0.00257,-20.2,9.6,1
2024-07-10,SELL_CE,24424.45,24324.45,23.08,34.61,-218.59,0.264,0.00227,-12.92,8.0,2
2024-07-10,SELL_CE,24424.45,24324.45,23.08,34.61,-218.59,0.264,0.00227,-12.92,8.0,2
2024-07-18,SELL_PE,24720.85,24800.85,12.16,18.23,-129.67,-0.207,0.00275,-15.76,8.0,1
2024-07-18,SELL_PE,24720.85,24800.85,12.16,18.23,-129.67,-0.207,0.00275,-15.76,8.0,1
2024-07-18,SELL_CE,24880.85,24800.85,14.2,0.05,306.24,0.234,0.00295,-16.97,8.0,1
2024-07-23,SELL_CE,24629.05,24479.05,28.41,10.64,396.22,0.245,0.0016,-11.35,8.9,3
2024-07-23,SELL_CE,24629.05,24479.05,28.41,10.64,396.22,0.245,0.0016,-11.35,8.9,3
2024-07-25,SELL_CE,24495.334285714285,24406.1,13.36,0.05,285.26,0.217,0.00272,-16.8,8.5,1
2024-08-01,SELL_PE,24911.87142857143,25010.9,16.31,0.05,358.95,-0.216,0.00221,-20.32,10.1,1
2024-08-05,SELL_CE,24255.6,24055.6,87.89,131.83,-1148.24,0.331,0.00089,-19.87,16.2,4
2024-08-05,SELL_CE,24255.6,24055.6,87.89,131.83,-1148.24,0.331,0.00089,-19.87,16.2,4
2024-08-08,SELL_CE,24225.432857142856,24117.0,44.28,66.42,-391.26,0.317,0.00165,-39.93,17.2,1
2024-08-08,SELL_CE,24225.432857142856,24117.0,44.28,66.42,-391.26,0.317,0.00165,-39.93,17.2,1
2024-08-22,SELL_PE,24725.088571428572,24811.5,55.77,0.17,1341.37,-0.349,0.00156,-45.35,18.2,1
2024-08-29,SELL_PE,25071.95,25151.95,53.56,80.34,-466.83,-0.352,0.00165,-43.29,17.1,1
2024-09-04,SELL_CE,25298.7,25198.7,43.9,16.01,648.84,0.329,0.00178,-19.9,10.9,2
2024-09-04,SELL_CE,25298.7,25198.7,43.9,16.01,648.84,0.329,0.00178,-19.9,10.9,2
2024-09-05,SELL_PE,25065.1,25145.1,21.28,0.05,483.03,-0.262,0.00244,-22.93,10.1,1
2024-09-10,SELL_PE,24891.1,25041.1,33.54,31.86,-6.22,-0.241,0.00133,-13.27,10.3,3
2024-09-12,SELL_PE,25308.9,25388.9,30.06,45.1,-275.49,-0.297,0.00217,-28.97,12.0,1
2024-09-12,SELL_PE,25308.9,25388.9,30.06,45.1,-275.49,-0.297,0.00217,-28.97,12.0,1
2024-09-19,SELL_PE,25335.8,25415.8,23.13,0.05,529.24,-0.271,0.00238,-24.27,10.5,1
2024-09-19,SELL_PE,25335.8,25415.8,23.13,0.05,529.24,-0.271,0.00238,-24.27,10.5,1
2024-09-26,SELL_PE,26127.11,26216.05,28.83,43.25,-265.47,-0.282,0.00206,-29.01,11.9,1
2024-09-26,SELL_PE,26127.11,26216.05,28.83,43.25,-265.47,-0.282,0.00206,-29.01,11.9,1
2024-09-30,SELL_CE,26010.85,25810.85,74.48,111.72,-980.31,0.315,0.00096,-17.82,13.7,4
2024-10-03,SELL_CE,25334.851428571426,25250.1,52.39,78.58,-457.3,0.358,0.00172,-42.07,16.4,1
2024-10-03,SELL_CE,25334.851428571426,25250.1,52.39,78.58,-457.3,0.358,0.00172,-42.07,16.4,1
2024-10-07,SELL_CE,24995.75,24795.75,95.89,143.83,-1248.48,0.339,0.00085,-21.12,16.5,4
2024-10-09,SELL_PE,24846.210714285713,24981.95,64.44,26.52,899.03,-0.318,0.00115,-29.11,16.8,2
2024-10-09,SELL_PE,24846.210714285713,24981.95,64.44,26.52,899.03,-0.318,0.00115,-29.11,16.8,2
2024-10-16,SELL_CE,25100.15357142857,24971.3,60.89,23.77,879.17,0.335,0.00132,-26.68,15.0,2
2024-10-17,SELL_CE,24853.604285714286,24749.85,39.39,59.09,-351.45,0.31,0.00178,-36.39,15.3,1
2024-10-17,SELL_CE,24853.604285714286,24749.85,39.39,59.09,-351.45,0.31,0.00178,-36.39,15.3,1
2024-10-22,SELL_CE,24663.609999999997,24472.1,55.83,83.75,-746.69,0.287,0.00109,-19.02,14.1,3
2024-10-31,SELL_CE,24308.719999999998,24205.35,19.79,29.69,-191.86,0.241,0.00223,-22.81,11.0,1
2024-10-31,SELL_CE,24308.719999999998,24205.35,19.79,29.69,-191.86,0.241,0.00223,-22.81,11.0,1
2024-11-04,SELL_CE,24204.20714285714,23995.35,43.74,65.6,-595.14,0.255,0.00112,-12.61,11.4,4
2024-11-04,SELL_CE,24204.20714285714,23995.35,43.74,65.6,-595.14,0.255,0.00112,-12.61,11.4,4
2024-11-06,SELL_PE,24335.726785714283,24484.05,33.16,49.73,-300.67,-0.244,0.00137,-18.99,12.6,2
2024-11-06,SELL_PE,24335.726785714283,24484.05,33.16,49.73,-300.67,-0.244,0.00137,-18.99,12.6,2
2024-11-12,SELL_CE,24083.377500000002,23883.45,45.46,68.2,-616.79,0.261,0.00113,-16.77,13.3,3
2024-11-13,SELL_CE,23708.16607142857,23559.05,43.74,65.62,-386.9,0.286,0.00138,-22.13,14.1,2
2024-11-13,SELL_CE,23708.16607142857,23559.05,43.74,65.62,-386.9,0.286,0.00138,-22.13,14.1,2
2024-11-19,SELL_PE,23312.305,23518.5,38.55,16.4,505.49,-0.226,0.00102,-15.67,13.8,3
2024-11-21,SELL_CE,23466.93142857143,23349.9,23.47,35.21,-221.82,0.245,0.00194,-26.51,13.3,1
2024-11-21,SELL_CE,23466.93142857143,23349.9,23.47,35.21,-221.82,0.245,0.00194,-26.51,13.3,1
2024-11-25,SELL_PE,23962.094285714287,24221.9,74.79,40.44,809.57,-0.267,0.00072,-19.87,17.9,4
2024-11-28,SELL_CE,24034.565714285716,23914.15,44.75,67.13,-395.1,0.308,0.00154,-41.44,18.2,1
2024-11-28,SELL_CE,24034.565714285716,23914.15,44.75,67.13,-395.1,0.308,0.00154,-41.44,18.2,1
2024-12-03,SELL_PE,24238.452500000003,24457.15,74.99,38.45,864.06,-0.286,0.00081,-24.89,18.8,3
2024-12-04,SELL_PE,24315.910714285714,24467.45,64.71,25.87,921.98,-0.308,0.00108,-29.97,18.0,2
2024-12-05,SELL_PE,24592.767142857145,24708.4,44.84,67.26,-395.8,-0.301,0.00149,-41.93,18.0,1
2024-12-05,SELL_PE,24592.767142857145,24708.4,44.84,67.26,-395.8,-0.301,0.00149,-41.93,18.0,1
2024-12-05,SELL_CE,24824.032857142858,24708.4,47.95,71.92,-421.15,0.319,0.00153,-43.0,18.0,1
2024-12-12,SELL_CE,24656.350000000002,24548.7,41.11,61.67,-365.49,0.311,0.00171,-37.87,16.1,1
2024-12-17,SELL_CE,24519.7475,24336.0,74.96,112.45,-986.35,0.321,0.00099,-22.94,16.4,3
2024-12-17,SELL_CE,24519.7475,24336.0,74.96,112.45,-986.35,0.321,0.00099,-22.94,16.4,3
2024-12-18,SELL_CE,24334.089285714283,24198.85,66.48,99.72,-572.02,0.338,0.00123,-28.7,16.6,2
2024-12-18,SELL_CE,24334.089285714283,24198.85,66.48,99.72,-572.02,0.338,0.00123,-28.7,16.6,2
2024-12-19,SELL_CE,24053.382857142857,23951.7,45.05,0.05,1076.42,0.325,0.00169,-39.67,17.0,1
2024-12-30,SELL_CE,23844.9,23644.9,56.76,85.14,-758.26,0.286,0.00106,-14.79,12.9,4
2024-12-31,SELL_CE,23819.885,23644.8,45.55,20.04,589.29,0.276,0.00124,-16.16,12.6,3
2025-01-01,SELL_PE,23615.616071428572,23742.9,34.26,51.39,-309.69,-0.262,0.00151,-18.61,12.2,2
2025-01-02,SELL_PE,24082.477142857144,24188.65,31.69,47.54,-288.76,-0.275,0.00179,-32.3,14.7,1
2025-01-02,SELL_PE,24082.477142857144,24188.65,31.69,47.54,-288.76,-0.275,0.00179,-32.3,14.7,1
2025-01-06,SELL_CE,23824.784285714286,23616.05,76.47,114.71,-1005.23,0.312,0.00092,-18.27,15.5,4
2025-01-08,SELL_CE,23826.38392857143,23688.95,57.52,21.61,849.0,0.322,0.0013,-26.06,15.7,2
2025-01-13,SELL_CE,23293.658571428572,23085.95,75.95,113.92,-998.71,0.312,0.00093,-18.14,15.8,4
2025-01-16,SELL_PE,23208.91857142857,23311.8,34.34,0.05,809.0,-0.286,0.00178,-33.75,15.7,1
2025-01-21,SELL_CE,23197.0975,23024.65,61.3,91.95,-815.16,0.308,0.00112,-19.61,15.0,3
2025-01-23,SELL_PE,23109.592857142856,23205.35,34.66,51.99,-312.92,-0.294,0.00185,-33.31,15.3,1
2025-01-27,SELL_CE,23029.15,22829.15,75.9,72.1,45.54,0.316,0.00095,-17.94,15.7,4
2025-01-28,SELL_PE,22800.57,22957.25,64.45,33.5,724.74,-0.302,0.00105,-20.57,16.0,3
2025-01-30,SELL_PE,23158.682857142856,23249.5,31.47,47.2,-286.92,-0.29,0.00198,-30.75,14.2,1
2025-02-04,SELL_PE,23575.2175,23739.25,59.38,89.07,-791.14,-0.29,0.00106,-19.74,15.1,3
2025-02-06,SELL_CE,23701.514285714286,23603.35,35.48,53.22,-319.61,0.305,0.00192,-33.29,14.8,1
2025-02-11,SELL_CE,23236.725,23071.8,62.28,93.43,-827.51,0.314,0.00115,-19.58,14.8,3
2025-02-12,SELL_CE,23171.026785714286,23045.25,52.12,19.28,772.23,0.322,0.00143,-23.74,14.7,2
2025-02-13,SELL_PE,22929.377142857145,23031.4,29.28,0.05,682.67,-0.271,0.00189,-30.21,14.6,1
2025-02-24,SELL_CE,22754.829999999998,22553.35,48.98,23.08,598.78,0.27,0.00111,-13.41,12.6,4
2025-03-05,SELL_PE,22228.60357142857,22337.3,30.07,45.11,-275.57,-0.264,0.00175,-16.31,11.3,2
2025-03-06,SELL_PE,22458.292857142857,22544.7,23.69,35.53,-223.57,-0.266,0.00225,-24.99,12.4,1
2025-03-18,SELL_PE,22683.17,22834.3,45.34,68.01,-615.2,-0.271,0.00122,-16.09,13.1,3
2025-03-19,SELL_PE,22795.744642857142,22907.6,41.46,15.32,605.29,-0.293,0.00154,-20.42,13.2,2
2025-03-20,SELL_PE,23100.555714285714,23190.65,31.16,46.74,-284.43,-0.289,0.002,-30.47,14.1,1
2025-03-24,SELL_PE,23458.35,23658.35,64.93,97.4,-860.7,-0.278,0.00089,-16.9,15.1,4
2025-03-25,SELL_PE,23506.9525,23668.65,58.29,29.37,674.02,-0.289,0.00107,-19.42,14.9,3
2025-03-26,SELL_CE,23606.910714285714,23486.85,54.49,81.73,-474.4,0.331,0.00144,-24.18,14.5,2
2025-04-01,SELL_CE,23329.350000000002,23165.7,55.25,82.88,-739.41,0.303,0.00121,-18.02,13.7,3
2025-04-07,SELL_CE,22363.17714285714,22161.6,109.17,64.52,1065.85,0.35,0.00079,-23.05,20.2,4
2025-04-08,SELL_PE,22345.145,22535.85,90.98,136.47,-1187.01,-0.317,0.00081,-27.29,21.4,3
2025-04-15,SELL_PE,23131.035,23328.55,116.83,67.28,1188.24,-0.337,0.00071,-32.83,24.4,3
2025-04-16,SELL_PE,23299.994642857142,23437.2,104.96,157.44,-885.38,-0.361,0.00089,-41.03,24.3,2
2025-04-17,SELL_PE,23744.63142857143,23851.65,76.86,115.28,-656.54,-0.358,0.00119,-60.04,25.1,1
2025-04-21,SELL_PE,23894.05,24125.55,144.58,91.07,1286.34,-0.341,0.00058,-30.29,24.9,4
2025-04-23,SELL_PE,24186.49642857143,24328.95,110.91,166.36,-933.85,-0.363,0.00085,-43.15,24.6,2
2025-04-30,SELL_CE,24477.344642857144,24334.2,118.07,55.69,1508.96,0.385,0.00086,-43.97,24.6,2
2025-05-07,SELL_CE,24542.223214285717,24414.4,115.9,55.57,1457.63,0.393,0.00091,-42.25,23.4,2
2025-05-08,SELL_CE,24378.00857142857,24273.8,70.91,106.37,-608.16,0.366,0.00132,-55.17,22.4,1
2025-05-12,SELL_PE,24724.7,24924.7,132.8,199.19,-1710.88,-0.346,0.00065,-27.67,21.7,4
2025-05-15,SELL_PE,24949.29142857143,25062.1,61.23,91.85,-529.32,-0.333,0.00131,-51.78,21.1,1
2025-05-20,SELL_CE,24878.050000000003,24683.9,108.38,162.57,-1404.99,0.352,0.0008,-30.08,20.6,3
2025-05-22,SELL_CE,24727.420000000002,24609.7,60.45,90.67,-522.93,0.339,0.00136,-50.82,20.9,1
2025-05-27,SELL_CE,25036.9375,24826.2,104.01,156.01,-1350.24,0.34,0.00079,-29.88,20.7,3
2025-05-29,SELL_CE,24952.859999999997,24833.6,60.02,0.06,1450.08,0.337,0.00135,-50.75,20.7,1
2025-06-05,SELL_PE,24661.00285714286,24750.9,67.12,100.68,-577.26,-0.361,0.00138,-52.3,20.9,1
2025-06-12,SELL_CE,24974.464285714286,24888.2,27.2,40.8,-252.2,0.292,0.00231,-26.8,11.4,1
2025-06-16,SELL_PE,24746.5,24946.5,47.25,70.87,-639.14,-0.246,0.00098,-13.76,12.3,4
2025-06-24,SELL_PE,24888.274999999998,25044.35,36.88,16.32,465.69,-0.247,0.00126,-14.27,11.0,3
2025-06-26,SELL_PE,25458.12285714286,25549.0,27.92,41.88,-258.05,-0.277,0.00206,-28.5,12.2,1
2025-07-02,SELL_CE,25566.91607142857,25453.4,46.67,70.01,-410.75,0.322,0.0016,-21.49,11.9,2
2025-07-10,SELL_CE,25435.25,25355.25,25.9,38.85,-241.6,0.295,0.00248,-25.39,10.5,1
2025-07-24,SELL_CE,25142.1,25062.1,14.55,21.83,-149.17,0.237,0.00294,-17.25,8.0,1
2025-07-31,SELL_PE,24688.35,24768.35,14.29,21.43,-147.05,-0.223,0.00268,-17.56,8.6,1
2025-07-31,SELL_CE,24848.35,24768.35,16.48,24.72,-164.89,0.249,0.00285,-18.73,8.6,1
2025-08-07,SELL_CE,24677.018571428573,24596.15,19.13,0.05,429.34,0.263,0.00272,-20.75,9.3,1
2025-08-18,SELL_PE,24676.95,24876.95,38.12,17.5,467.27,-0.225,0.00103,-11.94,11.2,4
2025-08-20,SELL_PE,24950.55,25050.55,39.4,59.09,-351.49,-0.298,0.00167,-19.34,11.2,2
2025-08-21,SELL_PE,25003.75,25083.75,24.39,0.05,560.53,-0.276,0.00234,-25.13,10.9,1
2025-08-26,SELL_CE,24862.05,24712.05,46.23,69.34,-626.37,0.295,0.00138,-15.67,11.2,3
2025-08-28,SELL_CE,24580.9,24500.9,28.34,42.5,-261.43,0.304,0.00239,-26.95,11.4,1
2025-09-02,SELL_PE,24429.6,24579.6,40.16,18.38,496.08,-0.259,0.00127,-14.92,11.5,3
2025-09-04,SELL_PE,24654.3,24734.3,25.58,0.05,590.28,-0.281,0.0023,-25.92,11.3,1
2025-09-10,SELL_PE,24873.1,24973.1,31.55,10.81,470.56,-0.276,0.00181,-16.67,10.0,2
2025-09-16,SELL_PE,25089.1,25239.1,27.08,40.62,-386.47,-0.22,0.00139,-11.54,9.3,3
2025-09-17,SELL_PE,25230.25,25330.25,28.11,9.16,425.89,-0.264,0.00188,-15.46,9.3,2
2025-09-18,SELL_PE,25343.6,25423.6,18.31,27.47,-179.8,-0.247,0.00254,-20.76,9.3,1
2025-09-25,SELL_CE,24970.85,24890.85,14.32,21.48,-147.31,0.235,0.00295,-17.06,8.0,1
2025-10-01,SELL_PE,24736.3,24836.3,22.22,33.34,-211.65,-0.241,0.002,-13.21,8.5,2
2025-10-07,SELL_PE,24958.3,25108.3,24.45,9.42,327.74,-0.21,0.00141,-10.78,9.0,3
2025-10-16,SELL_PE,25505.3,25585.3,21.5,32.26,-205.79,-0.263,0.00243,-23.12,10.0,1
2025-10-23,SELL_PE,25811.4,25891.4,20.56,0.05,465.08,-0.259,0.00246,-22.46,9.7,1
2025-10-30,SELL_CE,25957.85,25877.85,18.11,27.16,-178.14,0.259,0.00279,-19.98,8.6,1
2025-11-06,SELL_CE,25589.7,25509.7,20.23,30.35,-195.44,0.27,0.0027,-21.51,9.2,1
2025-11-12,SELL_PE,25775.8,25875.8,28.86,9.52,435.5,-0.267,0.00186,-15.77,9.2,2
2025-11-13,SELL_PE,25799.09,25879.15,17.7,0.05,393.6,-0.244,0.00256,-20.32,9.0,1
2025-11-20,SELL_PE,26112.15,26192.15,14.68,22.01,-150.19,-0.225,0.00266,-17.95,8.2,1
2025-11-26,SELL_PE,26105.3,26205.3,32.06,48.09,-291.78,-0.277,0.0018,-16.93,9.6,2
2025-11-27,SELL_PE,26135.55,26215.55,20.03,0.05,451.85,-0.256,0.00248,-22.09,9.5,1
2025-12-02,SELL_CE,26182.2,26032.2,33.08,13.17,449.69,0.261,0.00154,-12.6,8.9,3
2025-12-03,SELL_CE,26086.0,25986.0,29.56,8.89,468.65,0.29,0.0021,-15.29,8.5,2
2025-12-09,SELL_CE,25989.65,25839.65,36.59,15.16,487.31,0.271,0.0015,-13.46,9.4,3
2025-12-31,SELL_PE,26029.6,26129.6,26.3,39.44,-244.81,-0.257,0.00191,-14.84,8.7,2
2026-01-08,SELL_CE,25956.85,25876.85,19.81,29.72,-192.03,0.268,0.00272,-21.22,9.0,1
2026-01-20,SELL_CE,25382.5,25232.5,39.28,58.91,-539.25,0.278,0.00146,-14.08,10.0,3
2026-01-21,SELL_CE,25270.22857142857,25157.5,28.81,43.21,-265.25,0.274,0.00194,-15.5,9.2,2
2026-01-22,SELL_PE,25195.082857142857,25289.9,15.86,23.78,-159.8,-0.217,0.0023,-19.72,9.6,1
2026-01-28,SELL_PE,25208.689285714285,25342.75,29.73,44.6,-272.78,-0.243,0.00151,-17.25,11.0,2
2026-01-29,SELL_PE,25310.644285714287,25418.9,18.98,28.47,-185.26,-0.222,0.00201,-23.07,11.1,1
2026-02-03,SELL_PE,25503.0075,25727.55,70.07,35.16,823.5,-0.276,0.00082,-24.02,17.5,3
2026-02-04,SELL_CE,25950.79464285714,25776.0,66.99,24.94,1002.14,0.313,0.00106,-31.03,17.5,2
2026-02-09,SELL_PE,25582.66,25867.3,70.9,37.44,787.38,-0.253,0.00069,-19.72,17.1,4
2026-02-12,SELL_CE,25929.745714285717,25807.2,45.58,0.05,1089.67,0.308,0.00151,-42.25,17.2,1
